task_id,arc_id,solver_name,solver_exists,solver_lines,dsl_call_count,dsl_primitives,train_pass,train_total,test_pass,test_total,arc_gen_pass,arc_gen_total,official_pass,all_examples_pass,current_node_count,current_memory_proxy,current_cost_proxy,current_utility_proxy,compile_priority,errors
task249,a416b8f3,solve_a416b8f3,true,3,1,hconcat,3,3,1,1,261,261,true,true,19,9446,9768,15.813133,9.18686701579054,
task223,9172f3a0,solve_9172f3a0,true,3,1,upscale,2,2,1,1,262,262,true,true,1,7200,9000,15.895020,9.104979856318357,
task307,c59eb873,solve_c59eb873,true,3,1,upscale,3,3,1,1,262,262,true,true,1,7200,9000,15.895020,9.104979856318357,
task150,67a3c6ac,solve_67a3c6ac,true,3,1,vmirror,3,3,1,1,262,262,true,true,11,1262,1298,17.831420,7.168579897264035,
task155,68b16354,solve_68b16354,true,3,1,hmirror,3,3,1,1,262,262,true,true,11,1262,1298,17.831420,7.168579897264035,
task380,ed36ccf7,solve_ed36ccf7,true,3,1,rot270,4,4,1,1,262,262,true,true,3,784,792,18.325439,6.674561391814425,
task087,3c9b0459,solve_3c9b0459,true,3,1,rot180,4,4,1,1,261,261,true,true,2,424,432,18.931574,6.068425588244111,
task140,6150a2bd,solve_6150a2bd,true,3,1,rot180,2,2,1,1,262,262,true,true,2,424,432,18.931574,6.068425588244111,
task326,d10ecb37,solve_d10ecb37,true,3,1,crop,3,3,1,1,262,262,true,true,2,160,160,19.924826,5.075173815233825,
task130,5614dbcf,solve_5614dbcf,true,4,2,"downscale,replace",2,2,1,1,179,262,true,false,10,16300,16398,15.295085,4.852457327578062,arc-gen[3]:output_mismatch;arc-gen[4]:output_mismatch;arc-gen[8]:output_mismatch;arc-gen[9]:output_mismatch;arc-gen[13]:output_mismatch;arc-gen[15]:output_mismatch;arc-gen[17]:output_mismatch;arc-gen[18]:output_mismatch
task276,b1948b0a,solve_b1948b0a,true,3,1,replace,3,3,1,1,262,262,true,true,1,80,90,20.500190,4.499809670330265,
task309,c8f0f002,solve_c8f0f002,true,3,1,replace,3,3,1,1,261,261,true,true,1,80,90,20.500190,4.499809670330265,
task337,d511f180,solve_d511f180,true,3,1,switch,3,3,1,1,262,262,true,true,1,80,90,20.500190,4.499809670330265,
task303,c1d99e64,solve_c1d99e64,true,5,3,"fill,frontiers,merge",3,3,1,1,261,261,true,true,8,81640,81950,13.686135,3.771288194723992,
task036,1f85a75f,solve_1f85a75f,true,5,3,"argmax,objects,subgrid",2,2,1,1,262,262,true,true,56,80596,80708,13.701407,3.766197660644856,
task300,be94b721,solve_be94b721,true,5,3,"argmax,objects,subgrid",4,4,1,1,262,262,true,true,43,78182,78290,13.731825,3.7560583866339865,
task070,32597951,solve_32597951,true,5,3,"delta,fill,ofcolor",3,3,1,1,262,262,true,true,71,66240,66318,13.897783,3.7007388775130035,
task014,0b148d64,solve_0b148d64,true,5,3,"argmin,partition,subgrid",3,3,1,1,258,262,true,false,42,41124,41774,14.359971,3.5466764718050876,arc-gen[48]:output_mismatch;arc-gen[73]:output_mismatch;arc-gen[204]:output_mismatch;arc-gen[236]:output_mismatch
task129,5582e5ca,solve_5582e5ca,true,4,2,"canvas,mostcolor",3,3,1,1,261,261,true,true,8,1004,1033,18.059778,3.4701112345598197,
task049,23b5c85d,solve_23b5c85d,true,5,3,"argmin,objects,subgrid",5,5,1,1,186,262,true,false,29,31131,31281,14.649234,3.4502553878192344,arc-gen[4]:output_mismatch;arc-gen[5]:output_mismatch;arc-gen[11]:output_mismatch;arc-gen[14]:output_mismatch;arc-gen[15]:output_mismatch;arc-gen[18]:output_mismatch;arc-gen[22]:output_mismatch;arc-gen[23]:output_mismatch
task310,c909285e,solve_c909285e,true,5,3,"leastcolor,ofcolor,subgrid",3,3,1,1,262,262,true,true,42,26362,26528,14.814044,3.3953186859783404,
task289,b91ae062,solve_b91ae062,true,5,3,"decrement,numcolors,upscale",5,5,1,1,262,262,true,true,24,25232,25312,14.860966,3.3796779568557938,
task242,9ecd008a,solve_9ecd008a,true,5,3,"ofcolor,subgrid,vmirror",3,3,1,1,262,262,true,true,14,20427,20472,15.073187,3.3089377926132086,
task031,1cf80156,solve_1cf80156,true,5,3,"first,objects,subgrid",3,3,1,1,262,262,true,true,26,18970,19028,15.146333,3.2845556191840575,
task188,7b7f7511,solve_7b7f7511,true,5,3,"branch,portrait,x2",3,3,1,1,250,262,true,false,41,11276,11324,15.665320,3.111559882077263,arc-gen[0]:output_mismatch;arc-gen[147]:output_mismatch;arc-gen[153]:output_mismatch;arc-gen[168]:output_mismatch;arc-gen[170]:output_mismatch;arc-gen[172]:output_mismatch;arc-gen[173]:output_mismatch;arc-gen[180]:output_mismatch
task067,2dee498d,solve_2dee498d,true,4,2,"first,hsplit",3,3,1,1,262,262,true,true,7,414,447,18.897441,3.0512792973067846,
task269,ac0a08a4,solve_ac0a08a4,true,5,3,"colorcount,subtract,upscale",3,3,1,1,262,262,true,true,31,8830,8926,15.903276,3.0322412150630718,
task135,5bd6f4ac,solve_5bd6f4ac,true,4,2,"crop,tojvec",4,4,1,1,261,261,true,true,2,360,360,19.113896,2.943052015725078,
task029,1c786137,solve_1c786137,true,6,4,"argmax,objects,subgrid,trim",3,3,1,1,228,262,true,false,88,97755,97925,13.508043,2.872989289633508,arc-gen[1]:output_mismatch;arc-gen[10]:output_mismatch;arc-gen[11]:output_mismatch;arc-gen[14]:output_mismatch;arc-gen[35]:output_mismatch;arc-gen[47]:output_mismatch;arc-gen[54]:output_mismatch;arc-gen[55]:output_mismatch
task384,f25fbde4,solve_f25fbde4,true,6,4,"first,objects,subgrid,upscale",3,3,1,1,262,262,true,true,39,75464,75570,13.767185,2.8082036645036914,
task095,4258a5f9,solve_4258a5f9,true,5,3,"fill,mapply,ofcolor",2,2,1,1,262,262,true,true,1,3640,4550,16.577117,2.807627503981666,
task139,60b61512,solve_60b61512,true,5,3,"fill,mapply,objects",2,2,1,1,262,262,true,true,33,4270,4444,16.600690,2.799770050253173,
task116,4c4377d9,solve_4c4377d9,true,4,2,"hmirror,vconcat",4,4,1,1,262,262,true,true,1,240,270,19.401578,2.799210979499188,
task164,6d0aefbc,solve_6d0aefbc,true,4,2,"hconcat,vmirror",4,4,1,1,262,262,true,true,1,240,270,19.401578,2.799210979499188,
task172,6fa7a44f,solve_6fa7a44f,true,4,2,"hmirror,vconcat",4,4,1,1,262,262,true,true,1,240,270,19.401578,2.799210979499188,
task210,8be77c9e,solve_8be77c9e,true,4,2,"hmirror,vconcat",3,3,1,1,262,262,true,true,1,240,270,19.401578,2.799210979499188,
task311,c9e6f938,solve_c9e6f938,true,4,2,"hconcat,vmirror",3,3,1,1,262,262,true,true,1,240,270,19.401578,2.799210979499188,
task177,7468f01a,solve_7468f01a,true,6,4,"first,objects,subgrid,vmirror",3,3,1,1,260,261,true,false,33,61902,62004,13.965046,2.7587385445187964,arc-gen[232]:output_mismatch
task097,42a50994,solve_42a50994,true,6,4,"cover,merge,objects,sizefilter",4,4,1,1,262,262,true,true,14,55822,55832,14.069898,2.732525615174247,
task081,3aa6fb7a,solve_3aa6fb7a,true,5,3,"mapply,objects,underfill",2,2,1,1,261,261,true,true,35,2716,2825,17.053736,2.64875454786018,
task065,2dc579da,solve_2dc579da,true,6,4,"argmax,mapply,rbind,vsplit",3,3,1,1,226,262,true,false,37,35338,35401,14.525505,2.6186238368276133,arc-gen[1]:output_mismatch;arc-gen[2]:output_mismatch;arc-gen[16]:output_mismatch;arc-gen[19]:output_mismatch;arc-gen[42]:output_mismatch;arc-gen[53]:output_mismatch;arc-gen[55]:output_mismatch;arc-gen[58]:output_mismatch
task278,b27ca6d3,solve_b27ca6d3,true,6,4,"fill,mapply,objects,sizefilter",2,2,1,1,262,262,true,true,16,31018,31380,14.646074,2.588481506571756,
task132,56ff96f3,solve_56ff96f3,true,6,4,"fgpartition,fork,mapply,paint",4,4,1,1,262,262,true,true,38,29696,29760,14.699080,2.575230122236757,
task057,28bf18c6,solve_28bf18c6,true,6,4,"first,hconcat,objects,subgrid",3,3,1,1,261,261,true,true,16,29437,29457,14.709313,2.57267171295935,
task271,ae4f1146,solve_ae4f1146,true,6,4,"argmax,objects,rbind,subgrid",4,4,1,1,262,262,true,true,22,29304,29367,14.712373,2.571906718482385,
task102,44d8ac46,solve_44d8ac46,true,6,4,"apply,fill,mfilter,objects",4,4,1,1,262,262,true,true,48,13353,13884,15.461508,2.3846230942454194,
task216,8efcae92,solve_8efcae92,true,7,5,"argmax,colorfilter,compose,objects,subgrid",3,3,1,1,208,262,true,false,268,104260,104360,13.444398,2.311120347850133,arc-gen[2]:output_mismatch;arc-gen[3]:output_mismatch;arc-gen[8]:output_mismatch;arc-gen[14]:output_mismatch;arc-gen[16]:output_mismatch;arc-gen[23]:output_mismatch;arc-gen[27]:output_mismatch;arc-gen[28]:output_mismatch
task083,3af2c5a8,solve_3af2c5a8,true,6,4,"hconcat,hmirror,vconcat,vmirror",3,3,1,1,262,262,true,true,1,7200,9000,15.895020,2.276244964079589,
task108,46f33fce,solve_46f33fce,true,6,4,"downscale,rot180,upscale",3,3,1,1,262,262,true,true,1,7200,9000,15.895020,2.276244964079589,
task142,62c24649,solve_62c24649,true,6,4,"hconcat,hmirror,vconcat,vmirror",3,3,1,1,262,262,true,true,1,7200,9000,15.895020,2.276244964079589,
task152,67e8384a,solve_67e8384a,true,6,4,"hconcat,hmirror,vconcat,vmirror",4,4,1,1,262,262,true,true,1,7200,9000,15.895020,2.276244964079589,
task259,a740d043,solve_a740d043,true,6,4,"merge,objects,replace,subgrid",3,3,1,1,262,262,true,true,30,7125,7175,16.121642,2.219589510156956,
task352,dc1df850,solve_dc1df850,true,6,4,"colorfilter,fill,mapply,objects",3,3,1,1,262,262,true,true,11,6808,6834,16.170335,2.2074163581688087,
task073,3618c87e,solve_3618c87e,true,6,4,"merge,move,objects,sizefilter",3,3,1,1,11,11,true,true,1,3640,4550,16.577117,2.1057206279862495,
task098,4347f46a,solve_4347f46a,true,6,4,"fill,fork,mapply,objects",3,3,1,1,262,262,true,true,1,3640,4550,16.577117,2.1057206279862495,
task120,50cb2852,solve_50cb2852,true,6,4,"compose,fill,mapply,objects",3,3,1,1,262,262,true,true,1,3640,4550,16.577117,2.1057206279862495,
task317,ce22a75a,solve_ce22a75a,true,6,4,"apply,fill,mapply,objects",2,2,1,1,262,262,true,true,1,3600,4500,16.588167,2.102958168939603,
task244,9f236235,solve_9f236235,true,7,5,"compress,downscale,objects,valmin,vmirror",3,3,1,1,262,262,true,true,66,32373,32458,14.612298,2.0775404449751655,
task032,1e0a9b12,solve_1e0a9b12,true,6,4,"apply,rbind,rot270,rot90",3,3,1,1,262,262,true,true,19,3676,3745,16.771823,2.0570442239878304,
task146,662c240a,solve_662c240a,true,6,4,"compose,extract,fork,vsplit",4,4,1,1,262,262,true,true,29,2411,2435,17.202298,1.9494255088791723,
task251,a5313dff,solve_a5313dff,true,8,6,"colorfilter,compose,fill,mfilter,objects,rbind",3,3,1,1,262,262,true,true,53,100714,100734,13.479761,1.9200397763774089,
task002,00d62c1b,solve_00d62c1b,true,8,6,"colorfilter,compose,fill,mfilter,objects,rbind",5,5,1,1,262,262,true,true,95,97872,97965,13.507634,1.9153942585008112,
task187,7b6016b9,solve_7b6016b9,true,8,6,"compose,fill,mfilter,objects,rbind,replace",3,3,1,1,254,262,true,false,85,84682,85594,13.642630,1.892895077702538,arc-gen[14]:output_mismatch;arc-gen[53]:output_mismatch;arc-gen[77]:output_mismatch;arc-gen[101]:output_mismatch;arc-gen[150]:output_mismatch;arc-gen[217]:output_mismatch;arc-gen[222]:output_mismatch;arc-gen[249]:output_mismatch
task019,10fcaaa3,solve_10fcaaa3,true,8,6,"hconcat,leastcolor,mapply,ofcolor,underfill,vconcat",4,4,1,1,262,262,true,true,32,81776,81846,13.687405,1.8854324519535293,
task053,25ff71a9,solve_25ff71a9,true,5,3,"first,move,objects",4,4,2,2,54,54,true,true,1,240,270,19.401578,1.8661406529994586,
task385,f25ffba3,solve_f25ffba3,true,5,3,"bottomhalf,hmirror,vconcat",2,2,1,1,262,262,true,true,1,240,270,19.401578,1.8661406529994586,
task094,41e4d17e,solve_41e4d17e,true,7,5,"compose,fork,mapply,objects,underfill",2,2,1,1,262,262,true,true,25,10780,10892,15.704216,1.8591567707587302,
task267,aabf363d,solve_aabf363d,true,6,4,"leastcolor,replace",2,2,1,1,261,261,true,true,11,1428,1475,17.703587,1.8241033171934795,
task039,2013d3e2,solve_2013d3e2,true,7,5,"first,lefthalf,objects,subgrid,tophalf",2,2,1,1,261,261,true,true,14,7964,7992,16.013804,1.7972392640656778,
task372,e98196ab,solve_e98196ab,true,7,5,"bottomhalf,merge,objects,paint,tophalf",3,3,1,1,262,262,true,true,9,7965,7978,16.015557,1.79688860649307,
task224,928ad970,solve_928ad970,true,8,6,"fill,inbox,leastcolor,ofcolor,subgrid,trim",3,3,1,1,262,262,true,true,55,45784,45966,14.264343,1.7892762119574792,
task045,22eb0ac0,solve_22eb0ac0,true,7,5,"apply,fgpartition,fork,mfilter,paint",3,3,1,1,261,261,true,true,14,7600,7625,16.060812,1.7878375202951227,
task325,d0f5fe59,solve_d0f5fe59,true,8,6,"astuple,canvas,fill,objects,shoot,size",3,3,1,1,262,262,true,true,39,43214,45116,14.283008,1.7861653716266346,
task100,445eab21,solve_445eab21,true,7,5,"argmax,canvas,color,fork,objects",3,3,1,1,262,262,true,true,28,6785,6828,16.171213,1.7657574167828662,
task261,a79310a0,solve_a79310a0,true,6,4,"first,move,objects,replace",3,3,1,1,124,261,true,false,1,800,1000,18.092245,1.7269388197455342,arc-gen[0]:output_mismatch;arc-gen[5]:output_mismatch;arc-gen[11]:output_mismatch;arc-gen[12]:output_mismatch;arc-gen[13]:output_mismatch;arc-gen[16]:output_mismatch;arc-gen[19]:output_mismatch;arc-gen[20]:output_mismatch
task320,ce9e57f2,solve_ce9e57f2,true,7,5,"fill,fork,mapply,objects,switch",3,3,1,1,262,262,true,true,19,5473,5614,16.366981,1.7266037513843657,
task171,6f8cd79b,solve_6f8cd79b,true,7,5,"apply,asindices,fill,mfilter,rbind",4,4,1,1,49,49,true,true,1,3640,4550,16.577117,1.6845765023889996,
task294,bb43febb,solve_bb43febb,true,7,5,"colorfilter,compose,fill,mapply,objects",2,2,1,1,262,262,true,true,1,3640,4550,16.577117,1.6845765023889996,
task243,9edfc990,solve_9edfc990,true,9,7,"colorfilter,mfilter,objects,ofcolor,paint,rbind,recolor",3,3,1,1,261,261,true,true,135,109668,109770,13.393857,1.658020363811623,
task203,85c4e7cd,solve_85c4e7cd,true,9,7,"apply,compose,mpapply,objects,order,paint",4,4,1,1,262,262,true,true,36,90566,91256,13.578576,1.631632003243962,
task128,5521c0d9,solve_5521c0d9,true,9,7,"chain,cover,fork,mapply,merge,objects,paint",3,3,1,1,262,262,true,true,20,81701,81775,13.688273,1.6159609789152263,
task037,1f876c06,solve_1f876c06,true,9,7,"compose,fgpartition,fork,mapply,paint,power",3,3,1,1,262,262,true,true,27,72160,80486,13.704161,1.613691219319793,
task011,09629e4f,solve_09629e4f,true,9,7,"argmin,fill,normalize,objects,ofcolor,paint,upscale",4,4,1,1,262,262,true,true,52,68650,70981,13.829832,1.5957382163681246,
task125,543a7ed5,solve_543a7ed5,true,8,6,"colorfilter,fill,mapply,objects",2,2,1,1,262,262,true,true,28,13563,13809,15.466924,1.588845972080892,
task374,ea32f347,solve_ea32f347,true,8,6,"argmax,argmin,fill,objects,replace",4,4,1,1,262,262,true,true,45,13662,13796,15.467866,1.588688995676122,
task290,b94a9452,solve_b94a9452,true,8,6,"first,leastcolor,mostcolor,objects,subgrid,switch",3,3,1,1,262,262,true,true,32,11911,12005,15.606921,1.5655130847758922,
task078,3906de3d,solve_3906de3d,true,8,6,"apply,cmirror,rbind,rot270,switch",3,3,1,1,262,262,true,true,25,11676,11712,15.631631,1.561394872700182,
task360,e3497940,solve_e3497940,true,8,6,"lefthalf,merge,objects,paint,righthalf,vmirror",3,3,1,1,262,262,true,true,13,11322,11348,15.663203,1.5561327993214569,
task272,aedd82e4,solve_aedd82e4,true,7,5,"colorfilter,fill,merge,objects,sizefilter",4,4,1,1,262,262,true,true,1,1840,2300,17.259336,1.5481328803834487,
task338,d5d6de2d,solve_d5d6de2d,true,9,7,"compose,difference,fill,mapply,objects,replace,sfilter",3,3,2,2,95,262,true,false,37,47810,49626,14.187730,1.5446100241314231,arc-gen[0]:output_mismatch;arc-gen[1]:output_mismatch;arc-gen[2]:output_mismatch;arc-gen[3]:output_mismatch;arc-gen[4]:output_mismatch;arc-gen[5]:output_mismatch;arc-gen[7]:output_mismatch;arc-gen[9]:output_mismatch
task332,d406998b,solve_d406998b,true,8,6,"compose,fill,ofcolor,sfilter,vmirror",4,4,1,1,262,262,true,true,29,10062,10226,15.767311,1.5387814626066574,
task092,40853293,solve_40853293,true,9,7,"apply,fork,mfilter,paint,partition",2,2,1,1,262,262,true,true,30,46394,46423,14.254450,1.535078615007998,
task389,f76d97a5,solve_f76d97a5,true,7,5,"first,last,palette,replace,switch",3,3,1,1,262,262,true,true,13,2064,2106,17.347454,1.530509138538784,
task194,7fe24cdd,solve_7fe24cdd,true,8,6,"hconcat,rot180,rot270,rot90,vconcat",3,3,1,1,262,262,true,true,1,7200,9000,15.895020,1.517496642719726,
task211,8d5021e8,solve_8d5021e8,true,8,6,"hconcat,hmirror,vconcat,vmirror",3,3,1,1,262,262,true,true,1,7200,9000,15.895020,1.517496642719726,
task396,fcb5c309,solve_fcb5c309,true,10,8,"argmax,color,colorfilter,difference,leastcolor,objects,replace,subgrid",3,3,1,1,262,262,true,true,71,157939,163385,12.996135,1.500483082241078,
task388,f5b8619d,solve_f5b8619d,true,8,6,"hconcat,leastcolor,mapply,ofcolor,underfill,vconcat",3,3,1,1,252,262,true,false,52,7608,7794,16.038891,1.4935182476497755,arc-gen[15]:output_mismatch;arc-gen[18]:output_mismatch;arc-gen[40]:output_mismatch;arc-gen[75]:output_mismatch;arc-gen[147]:output_mismatch;arc-gen[154]:output_mismatch;arc-gen[177]:output_mismatch;arc-gen[208]:output_mismatch
task229,9565186b,solve_9565186b,true,7,5,"argmax,canvas,objects,paint,shape",4,4,1,1,105,262,true,false,14,1652,1697,17.563383,1.487323453046845,arc-gen[0]:output_mismatch;arc-gen[1]:output_mismatch;arc-gen[2]:output_mismatch;arc-gen[3]:output_mismatch;arc-gen[4]:output_mismatch;arc-gen[6]:output_mismatch;arc-gen[7]:output_mismatch;arc-gen[8]:output_mismatch
task121,5117e062,solve_5117e062,true,8,6,"extract,matcher,mostcolor,objects,replace,subgrid",3,3,1,1,262,262,true,true,24,6804,6850,16.167996,1.4720006552093785,
task075,363442ee,solve_363442ee,true,9,7,"asobject,compose,crop,lbind,mapply,ofcolor,paint",3,3,1,1,261,261,true,true,57,28880,28937,14.727124,1.4675537617230858,
task293,ba97ae07,solve_ba97ae07,true,9,7,"apply,backdrop,fill,mostcommon,objects,ofcolor,totuple",4,4,1,1,262,262,true,true,52,28156,28652,14.737021,1.4661397896763346,
task103,44f52bb0,solve_44f52bb0,true,6,4,"branch,canvas,equality,vmirror",6,6,2,2,215,215,true,true,11,305,339,19.174000,1.456500026845113,
task008,05f2a901,solve_05f2a901,true,9,7,"colorfilter,first,gravitate,move,objects",3,3,1,1,202,262,true,false,78,23545,23605,14.930786,1.438459118997198,arc-gen[0]:output_mismatch;arc-gen[9]:output_mismatch;arc-gen[11]:output_mismatch;arc-gen[14]:output_mismatch;arc-gen[18]:output_mismatch;arc-gen[20]:output_mismatch;arc-gen[28]:output_mismatch;arc-gen[32]:output_mismatch
task218,90c28cc7,solve_90c28cc7,true,9,7,"dedupe,first,objects,rot270,rot90,subgrid",3,3,1,1,211,262,true,false,137,23442,23486,14.935840,1.4377371111321466,arc-gen[2]:output_mismatch;arc-gen[3]:output_mismatch;arc-gen[14]:output_mismatch;arc-gen[19]:output_mismatch;arc-gen[21]:output_mismatch;arc-gen[24]:output_mismatch;arc-gen[25]:output_mismatch;arc-gen[26]:output_mismatch
task079,39a8645d,solve_39a8645d,true,9,7,"apply,extract,matcher,mostcommon,objects,subgrid,totuple",3,3,1,1,262,262,true,true,20,22194,22439,14.981444,1.4312222564805432,
task330,d2abd087,solve_d2abd087,true,9,7,"compose,fill,matcher,mfilter,objects",3,3,1,1,262,262,true,true,23,21050,22183,14.992918,1.4295830726780334,
task126,54d82841,solve_54d82841,true,10,8,"apply,compose,decrement,fill,height,lbind,objects",3,3,1,1,262,262,true,true,29,86344,86391,13.633361,1.4208298478374695,
task350,dbc1a6ce,solve_dbc1a6ce,true,9,7,"apply,fork,mfilter,ofcolor,product,underfill",4,4,1,1,262,262,true,true,17,20000,20030,15.095014,1.4149980612371234,
task147,67385a82,solve_67385a82,true,8,6,"colorfilter,difference,fill,merge,objects,sizefilter",4,4,1,1,262,262,true,true,1,3640,4550,16.577117,1.403813751990833,
task015,0ca9ddb6,solve_0ca9ddb6,true,8,6,"fill,mapply,ofcolor",3,3,1,1,261,261,true,true,1,3600,4500,16.588167,1.401972112626402,
task282,b60334d2,solve_b60334d2,true,8,6,"fill,mapply,ofcolor,replace",2,2,1,1,262,262,true,true,1,3600,4500,16.588167,1.401972112626402,
task021,1190e5a7,solve_1190e5a7,true,10,8,"apply,astuple,canvas,difference,frontiers,increment,mostcolor,sfilter",3,3,1,1,262,262,true,true,214,64156,66017,13.902332,1.3872084454498999,
task375,ea786f4a,solve_ea786f4a,true,9,7,"combine,decrement,fill,shoot,tojvec,width",3,3,1,1,54,54,true,true,19,15421,15480,15.352696,1.3781863067348168,
task365,e50d258f,solve_e50d258f,true,10,8,"argmax,astuple,canvas,objects,rbind,subgrid,vconcat,width",3,3,1,1,262,262,true,true,234,59299,59370,14.008456,1.3739430409080902,
task371,e9614598,solve_e9614598,true,9,7,"dneighbors,fill,fork,halve,insert,ofcolor,x2",2,2,2,2,262,262,true,true,22,14064,14313,15.431077,1.3669890705977452,
task193,7f4411dc,solve_7f4411dc,true,10,8,"chain,compose,fill,leastcolor,ofcolor,rbind,sfilter",3,3,1,1,261,262,true,false,14,53866,53927,14.104613,1.361923319889813,arc-gen[55]:output_mismatch
task091,3f7978a0,solve_3f7978a0,true,10,8,"add,crop,extract,fgpartition,matcher,shape,subtract,ulcorner",3,3,1,1,262,262,true,true,43,52012,52090,14.139272,1.3575910338424046,
task122,5168d44c,solve_5168d44c,true,9,7,"branch,equality,height,move,ofcolor,recolor",3,3,1,1,262,262,true,true,1,10040,12550,15.562524,1.348210849222847,
task258,a699fb00,solve_a699fb00,true,7,5,"fill,intersection,ofcolor,shift",3,3,1,1,262,262,true,true,1,640,800,18.315388,1.3369223455335857,
task329,d23f8c26,solve_d23f8c26,true,9,7,"asindices,compose,fill,halve,matcher,sfilter,width",3,3,1,1,262,262,true,true,21,10450,10496,15.741250,1.3226785015976958,
task312,c9f8e694,solve_c9f8e694,true,9,7,"astuple,crop,fill,height,hupscale,ofcolor,width",2,2,1,1,262,262,true,true,8,10112,10131,15.776645,1.317622187007668,
task400,ff805c23,solve_ff805c23,true,10,8,"branch,contained,hmirror,ofcolor,palette,subgrid,vmirror",3,3,1,1,262,262,true,true,25,35420,35459,14.523868,1.3095165473051158,
task346,d9fac9be,solve_d9fac9be,true,9,7,"argmax,canvas,color,objects,other,palette,remove",4,4,1,1,262,262,true,true,13,9237,9260,15.866541,1.3047799039486034,
task204,868de0fa,solve_868de0fa,true,11,9,"compose,difference,fill,merge,objects,sfilter",5,5,1,1,262,262,true,true,73,120717,121963,13.288527,1.301274777669843,
task368,e76a88a6,solve_e76a88a6,true,10,8,"apply,argmax,lbind,mapply,normalize,objects,paint,remove",2,2,1,1,262,262,true,true,186,32618,32693,14.605084,1.2993645333364234,
task196,810b9b61,solve_810b9b61,true,10,8,"apply,difference,fill,fork,mfilter,objects,sfilter",3,3,1,1,262,262,true,true,31,32451,32517,14.610482,1.2986897885604824,
task064,2c608aff,solve_2c608aff,true,11,9,"argmax,fork,leastcolor,mfilter,objects,ofcolor,prapply,toindices,underfill",4,4,1,1,261,262,true,false,68,114753,114845,13.348661,1.2945931857915394,arc-gen[42]:output_mismatch
task291,b9b7f026,solve_b9b7f026,true,9,7,"argmin,canvas,color,extract,objects,rbind,remove",3,3,1,1,240,261,true,false,22,7196,8127,15.997053,1.286135304393315,arc-gen[8]:output_mismatch;arc-gen[29]:output_mismatch;arc-gen[31]:output_mismatch;arc-gen[34]:output_mismatch;arc-gen[46]:output_mismatch;arc-gen[59]:output_mismatch;arc-gen[83]:output_mismatch;arc-gen[97]:output_mismatch
task245,a1570a43,solve_a1570a43,true,10,8,"increment,move,ofcolor,recolor,subtract,ulcorner",4,4,1,1,262,262,true,true,37,29162,29258,14.716092,1.285488539942254,
task175,73251a56,solve_73251a56,true,11,9,"apply,dmirror,fill,index,lbind,mostcolor,papply,replace,shoot",3,3,1,1,262,262,true,true,23,97598,100346,13.483621,1.2795977214379715,
task189,7c008303,solve_7c008303,true,10,8,"compress,fill,ofcolor,replace,subgrid,upscale",3,3,1,1,244,262,true,false,110,25570,25829,14.840747,1.2699066463334492,arc-gen[14]:output_mismatch;arc-gen[25]:output_mismatch;arc-gen[39]:output_mismatch;arc-gen[67]:output_mismatch;arc-gen[82]:output_mismatch;arc-gen[91]:output_mismatch;arc-gen[109]:output_mismatch;arc-gen[113]:output_mismatch
task166,6d75e8bb,solve_6d75e8bb,true,10,8,"asobject,first,objects,paint,replace,shift,subgrid,ulcorner",3,3,1,1,262,262,true,true,11,24982,25019,14.872609,1.2659238518995726,
task006,0520fde7,solve_0520fde7,true,8,6,"cellwise,lefthalf,replace,righthalf,vmirror",3,3,1,1,59,262,true,false,12,1834,1881,17.460441,1.2565931382168383,arc-gen[0]:output_mismatch;arc-gen[1]:output_mismatch;arc-gen[2]:output_mismatch;arc-gen[3]:output_mismatch;arc-gen[5]:output_mismatch;arc-gen[6]:output_mismatch;arc-gen[8]:output_mismatch;arc-gen[9]:output_mismatch
task106,46442a0e,solve_46442a0e,true,8,6,"hconcat,rot180,rot270,rot90,vconcat",3,3,1,1,262,262,true,true,13,1660,1785,17.512826,1.2478622823689562,
task145,6455b5f5,solve_6455b5f5,true,11,9,"argmax,colorfilter,fill,merge,objects,paint,recolor,sizefilter,valmin",4,4,1,1,150,262,true,false,325,70870,71803,13.818318,1.2424090596548052,arc-gen[11]:output_mismatch;arc-gen[12]:output_mismatch;arc-gen[14]:output_mismatch;arc-gen[17]:output_mismatch;arc-gen[24]:output_mismatch;arc-gen[25]:output_mismatch;arc-gen[28]:output_mismatch;arc-gen[29]:output_mismatch
task051,25d487eb,solve_25d487eb,true,11,9,"center,leastcolor,merge,objects,ofcolor,shoot,subtract,underfill",3,3,1,1,261,261,true,true,58,68901,68971,13.858559,1.2379379339308654,
task347,dae9d2b5,solve_dae9d2b5,true,8,6,"combine,fill,lefthalf,ofcolor,righthalf",5,5,2,2,262,262,true,true,13,1588,1589,17.629140,1.2284766944227858,
task010,08ed6ac7,solve_08ed6ac7,true,9,7,"interval,mpapply,objects,order,paint,size,totuple",2,2,1,1,262,262,true,true,60,5295,5371,16.411231,1.2269670557007797,
task377,eb5a1d5d,solve_eb5a1d5d,true,11,9,"compose,dmirror,fork,x1,x6",3,3,1,1,262,262,true,true,197,62208,62292,13.960412,1.2266209206239145,
task356,ded97339,solve_ded97339,true,9,7,"apply,fork,mfilter,ofcolor,product,underfill",3,3,1,1,262,262,true,true,21,5148,5269,16.430404,1.2242279814584691,
task339,d631b094,solve_d631b094,true,8,6,"astuple,canvas,ofcolor,other,palette,size",4,4,1,1,261,261,true,true,12,1400,1508,17.681460,1.2197565914279835,
task004,025d127b,solve_025d127b,true,11,9,"apply,compose,difference,lbind,mapply,merge,move,objects,rbind",2,2,1,1,262,262,true,true,4,56040,57060,14.048141,1.2168731805297213,
task174,72ca375d,solve_72ca375d,true,11,9,"apply,extract,first,objects,pair,papply,rbind,totuple",3,3,1,1,262,262,true,true,790,52485,52559,14.130308,1.2077435141224786,
task277,b230c067,solve_b230c067,true,10,8,"apply,extract,fill,leastcommon,matcher,objects,replace,totuple",3,3,1,1,262,262,true,true,60,15030,15280,15.365700,1.2042875078400639,
task283,b6afb2da,solve_b6afb2da,true,9,7,"colorfilter,fill,mapply,objects,replace",2,2,1,1,262,262,true,true,1,3640,4550,16.577117,1.2032689302778568,
task252,a5f85a15,solve_a5f85a15,true,11,9,"apply,fill,interval,lbind,mapply,objects,papply",3,3,1,1,203,262,true,false,38,38534,38796,14.433928,1.1740080475014925,arc-gen[4]:output_mismatch;arc-gen[5]:output_mismatch;arc-gen[6]:output_mismatch;arc-gen[14]:output_mismatch;arc-gen[15]:output_mismatch;arc-gen[18]:output_mismatch;arc-gen[23]:output_mismatch;arc-gen[26]:output_mismatch
task022,137eaa0f,solve_137eaa0f,true,11,9,"canvas,chain,fork,mapply,matcher,objects,paint,rbind,shift",3,3,1,1,262,262,true,true,67,35496,35689,14.517402,1.1647330885598566,
task198,83302e8f,solve_83302e8f,true,12,10,"colorfilter,difference,merge,objects,paint,recolor,sfilter",3,3,1,1,109,262,true,false,51,104794,105707,13.431574,1.1568426394831102,arc-gen[1]:output_mismatch;arc-gen[5]:output_mismatch;arc-gen[8]:output_mismatch;arc-gen[9]:output_mismatch;arc-gen[10]:output_mismatch;arc-gen[11]:output_mismatch;arc-gen[12]:output_mismatch;arc-gen[13]:output_mismatch
task288,b8cdaf2b,solve_b8cdaf2b,true,11,9,"combine,leastcolor,ofcolor,shift,shoot,ulcorner,underfill,urcorner",4,4,1,1,262,262,true,true,54,32070,32111,14.623046,1.152994881060528,
task111,48d8fb45,solve_48d8fb45,true,8,6,"extract,lbind,matcher,objects,subgrid",3,3,1,1,261,261,true,true,15,972,997,18.095249,1.1507917949936395,
task109,47c1f68c,solve_47c1f68c,true,12,10,"cellwise,compress,hmirror,leastcolor,merge,mostcolor,objects,replace,vmirror",3,3,1,1,262,262,true,true,39,95250,96204,13.525774,1.1474226215830952,
task156,694f12f3,solve_694f12f3,true,11,9,"argmax,argmin,colorfilter,compose,fill,objects,x3",2,2,1,1,262,262,true,true,375,28641,30539,14.673240,1.1474177593660175,
task279,b2862040,solve_b2862040,true,11,9,"colorfilter,compose,fill,mfilter,objects,rbind",4,4,1,1,261,261,true,true,52,29229,30415,14.677309,1.1469656874172007,
task001,007bbfb7,solve_007bbfb7,true,9,7,"cellwise,hconcat,hupscale,vconcat,vupscale",5,5,1,1,262,262,true,true,13,2945,2969,17.004020,1.1422829249662516,
task281,b548a754,solve_b548a754,true,12,10,"backdrop,box,fill,leastcolor,merge,objects,replace",3,3,1,1,262,262,true,true,61,89140,90127,13.591025,1.1408975065741855,
task069,321b1fc6,solve_321b1fc6,true,12,10,"apply,colorfilter,cover,difference,first,lbind,mapply,normalize,objects,paint",2,2,1,1,261,261,true,true,380,86068,87460,13.621063,1.1378936824966912,
task254,a61f2674,solve_a61f2674,true,10,8,"argmax,argmin,combine,objects,paint,recolor,replace",2,2,1,1,262,262,true,true,49,8558,8716,15.927084,1.1341144620080639,
task322,d037b0a7,solve_d037b0a7,true,8,6,"compose,fork,mapply,objects,paint,rbind",3,3,1,1,262,262,true,true,8,868,869,18.232657,1.1278905208775651,
task169,6e82a1ae,solve_6e82a1ae,true,11,9,"compose,fill,lbind,objects,x3",3,3,1,1,262,262,true,true,168,24451,25106,14.869138,1.125651348930906,
task016,0d3d703e,solve_0d3d703e,true,6,4,switch,4,4,1,1,262,262,true,true,1,80,90,20.500190,1.1249524175825663,
task099,444801d8,solve_444801d8,true,11,9,"chain,colorfilter,compose,fork,mapply,objects,rbind,underpaint",3,3,1,1,261,261,true,true,1,19640,24550,14.891533,1.1231630148025185,
task369,e8593010,solve_e8593010,true,10,8,"fill,merge,objects,replace,sizefilter",3,3,1,1,261,261,true,true,27,7768,7898,16.025635,1.1217956052308242,
task088,3de23699,solve_3de23699,true,12,10,"color,difference,fgpartition,first,replace,sizefilter,subgrid,trim",4,4,1,1,262,262,true,true,48,73534,73654,13.792866,1.1207133731346066,
task327,d13f3404,solve_d13f3404,true,10,8,"astuple,canvas,compose,fork,mapply,objects,paint,rbind",3,3,1,1,261,261,true,true,18,7620,7642,16.058585,1.1176768285008558,
task287,b8825c91,solve_b8825c91,true,11,9,"apply,cmirror,dmirror,lbind,papply,replace",4,4,1,1,262,262,true,true,22,22737,22775,14.966581,1.1148243024586844,
task153,681b3aeb,solve_681b3aeb,true,11,9,"argmax,argmin,canvas,color,normalize,objects,paint,rot270,rot90",3,3,1,1,194,261,true,false,107,22181,22362,14.984882,1.112790929856368,arc-gen[5]:output_mismatch;arc-gen[6]:output_mismatch;arc-gen[8]:output_mismatch;arc-gen[12]:output_mismatch;arc-gen[16]:output_mismatch;arc-gen[23]:output_mismatch;arc-gen[25]:output_mismatch;arc-gen[26]:output_mismatch
task306,c444b776,solve_c444b776,true,12,10,"argmin,backdrop,colorfilter,compose,lbind,mapply,normalize,objects,paint,toobject",2,2,1,1,225,262,true,false,33,64911,64979,13.918181,1.1081819419754104,arc-gen[13]:output_mismatch;arc-gen[21]:output_mismatch;arc-gen[43]:output_mismatch;arc-gen[48]:output_mismatch;arc-gen[49]:output_mismatch;arc-gen[61]:output_mismatch;arc-gen[74]:output_mismatch;arc-gen[75]:output_mismatch
task397,fcc82909,solve_fcc82909,true,11,9,"compose,fill,fork,mapply,objects,rbind",3,3,1,1,203,262,true,false,86,21322,21417,15.028060,1.1079933642411746,arc-gen[3]:output_mismatch;arc-gen[5]:output_mismatch;arc-gen[21]:output_mismatch;arc-gen[23]:output_mismatch;arc-gen[25]:output_mismatch;arc-gen[26]:output_mismatch;arc-gen[28]:output_mismatch;arc-gen[30]:output_mismatch
task090,3eda0437,solve_3eda0437,true,12,10,"argmax,chain,fill,fork,interval,lbind,mapply,prapply",4,4,1,1,262,262,true,true,246,63584,63688,13.938249,1.1061751440768415,
task206,88a10436,solve_88a10436,true,12,10,"center,colorfilter,difference,first,normalize,objects,paint,shift",3,3,1,1,262,262,true,true,39,61568,61658,13.970642,1.1029358264975064,
task084,3bd67248,solve_3bd67248,true,11,9,"astuple,decrement,fill,height,shoot",3,3,1,1,171,171,true,true,23,19786,19899,15.101575,1.0998249731326295,
task292,ba26e723,solve_ba26e723,true,10,8,"compose,fill,fork,ofcolor,rbind,sfilter",5,5,1,1,22,22,true,true,7,6514,6579,16.208362,1.0989547546357494,
task217,8f2ea7aa,solve_8f2ea7aa,true,11,9,"cellwise,hconcat,merge,objects,subgrid,upscale,vconcat",3,3,1,1,262,262,true,true,18,18081,18104,15.196112,1.0893209097014858,
task192,7e0986d6,solve_7e0986d6,true,12,10,"chain,fill,leastcolor,ofcolor,rbind,replace,sfilter",2,2,1,1,223,262,true,false,17,52264,52334,14.134598,1.08654015344347,arc-gen[4]:output_mismatch;arc-gen[7]:output_mismatch;arc-gen[10]:output_mismatch;arc-gen[22]:output_mismatch;arc-gen[26]:output_mismatch;arc-gen[31]:output_mismatch;arc-gen[33]:output_mismatch;arc-gen[37]:output_mismatch
task048,239be575,solve_239be575,true,10,8,"branch,canvas,compose,greater,lbind,objects,sfilter,size",6,6,2,2,256,262,true,false,52,5873,5939,16.310704,1.0861620060019828,arc-gen[71]:output_mismatch;arc-gen[87]:output_mismatch;arc-gen[114]:output_mismatch;arc-gen[139]:output_mismatch;arc-gen[241]:output_mismatch;arc-gen[253]:output_mismatch
task353,dc433765,solve_dc433765,true,10,8,"first,move,ofcolor,recolor,sign,subtract",7,7,2,2,262,262,true,true,31,5706,5931,16.312052,1.0859935139798411,
task208,890034e9,solve_890034e9,true,12,10,"fill,inbox,lbind,leastcolor,mapply,normalize,occurrences,ofcolor,recolor,shift",3,3,1,1,262,262,true,true,84,48387,48566,14.209321,1.0790678976585009,
task298,bda2d7a6,solve_bda2d7a6,true,11,9,"apply,combine,last,mpapply,order,paint,partition,remove,repeat",3,3,2,2,262,262,true,true,35,15656,16190,15.307851,1.0769054496301866,
task035,1f642eb9,solve_1f642eb9,true,11,9,"compose,difference,first,fork,mapply,objects,paint,rbind,sizefilter",3,3,1,1,224,262,true,false,38,15716,15767,15.334326,1.073963825248609,arc-gen[4]:output_mismatch;arc-gen[10]:output_mismatch;arc-gen[18]:output_mismatch;arc-gen[19]:output_mismatch;arc-gen[25]:output_mismatch;arc-gen[35]:output_mismatch;arc-gen[36]:output_mismatch;arc-gen[41]:output_mismatch
task136,5c0a986e,solve_5c0a986e,true,10,8,"fill,lrcorner,ofcolor,shoot,ulcorner",3,3,1,1,262,262,true,true,25,5140,5276,16.429076,1.0713654392296506,
task215,8eb1be9a,solve_8eb1be9a,true,12,10,"apply,first,height,interval,lbind,mapply,objects,paint,rbind",2,2,1,1,135,262,true,false,21,38226,38338,14.445803,1.0554196850398105,arc-gen[2]:output_mismatch;arc-gen[4]:output_mismatch;arc-gen[5]:output_mismatch;arc-gen[7]:output_mismatch;arc-gen[11]:output_mismatch;arc-gen[12]:output_mismatch;arc-gen[13]:output_mismatch;arc-gen[14]:output_mismatch
task373,e9afcf9a,solve_e9afcf9a,true,8,6,"astuple,crop,hconcat,hmirror",2,2,1,1,72,72,true,true,9,552,556,18.679232,1.0534613823750973,
task151,67a423a3,solve_67a423a3,true,10,8,"colorfilter,delta,fill,first,leastcolor,merge,neighbors,objects",3,3,1,1,262,262,true,true,1,3640,4550,16.577117,1.0528603139931247,
task068,31aa019c,solve_31aa019c,true,11,9,"astuple,canvas,fill,first,initset,leastcolor,neighbors,ofcolor",3,3,1,1,262,262,true,true,24,12712,12739,15.547577,1.0502692703455319,
task190,7ddcd7ec,solve_7ddcd7ec,true,11,9,"color,difference,fill,first,fork,lbind,mapply,objects,sizefilter",3,3,1,1,262,262,true,true,63,12386,12564,15.561409,1.0487323178509487,
task344,d90796e8,solve_d90796e8,true,11,9,"compose,cover,fill,lbind,matcher,mfilter,objects,sfilter,sizefilter",3,3,1,1,147,262,true,false,1,10040,12550,15.562524,1.0486084382844367,arc-gen[0]:output_mismatch;arc-gen[4]:output_mismatch;arc-gen[6]:output_mismatch;arc-gen[11]:output_mismatch;arc-gen[16]:output_mismatch;arc-gen[19]:output_mismatch;arc-gen[20]:output_mismatch;arc-gen[21]:output_mismatch
task351,dc0a314f,solve_dc0a314f,true,12,10,"apply,cmirror,dmirror,lbind,ofcolor,papply,replace,subgrid",3,3,1,1,261,261,true,true,25,35428,35468,14.523614,1.0476386160499898,
task295,bbc9ae5d,solve_bbc9ae5d,true,11,9,"fill,halve,mapply,ofcolor,other,palette,rbind,vupscale,width",5,5,1,1,262,262,true,true,22,12351,12416,15.573259,1.0474156936025556,
task041,22168020,solve_22168020,true,11,9,"compose,fork,lbind,mapply,paint,palette,remove",3,3,1,1,262,262,true,true,20,11898,11927,15.613440,1.0429511129531854,
task398,feca6190,solve_feca6190,true,13,11,"astuple,canvas,compose,fork,hmirror,mapply,multiply,objects,paint,rbind,size",5,5,1,1,204,262,true,false,44,89485,90247,13.589694,1.0373005122404912,arc-gen[0]:output_mismatch;arc-gen[11]:output_mismatch;arc-gen[18]:output_mismatch;arc-gen[21]:output_mismatch;arc-gen[22]:output_mismatch;arc-gen[28]:output_mismatch;arc-gen[32]:output_mismatch;arc-gen[37]:output_mismatch
task343,d8c310e9,solve_d8c310e9,true,12,10,"first,hperiod,multiply,objects,paint,shift,tojvec",3,3,1,1,261,262,true,false,92,30512,30880,14.662136,1.0337864004138713,arc-gen[253]:output_mismatch
task170,6ecd11f4,solve_6ecd11f4,true,13,11,"argmax,argmin,divide,downscale,fill,objects,ofcolor,subgrid,width",3,3,1,1,262,262,true,true,681,79491,79740,13.713473,1.026047874630486,
task003,017c7c7b,solve_017c7c7b,true,9,7,"bottomhalf,branch,crop,equality,replace,tophalf,vconcat",3,3,1,1,261,261,true,true,42,1292,1310,17.822218,1.025397488027885,
task082,3ac3eb23,solve_3ac3eb23,true,11,9,"chain,first,fork,mapply,objects,paint,vconcat,vsplit",2,2,1,1,262,262,true,true,10,9996,10052,15.784473,1.0239474331848313,
task050,253bf280,solve_253bf280,true,11,9,"compose,fill,fork,mfilter,ofcolor,prapply,rbind,sfilter",8,8,1,1,262,262,true,true,21,9650,9900,15.799710,1.0222544484580756,
task297,bd4472b8,solve_bd4472b8,true,11,9,"astuple,crop,dmirror,hupscale,merge,repeat,tophalf,vconcat,width",3,3,1,1,261,261,true,true,24,9350,9445,15.846759,1.0170267533261788,
task183,77fdfe62,solve_77fdfe62,true,12,10,"compress,fill,halve,ofcolor,replace,subgrid,upscale,width",3,3,1,1,185,261,true,false,55,25012,25040,14.871770,1.0128229825214035,arc-gen[1]:IndexError;arc-gen[2]:IndexError;arc-gen[7]:IndexError;arc-gen[8]:output_mismatch;arc-gen[9]:IndexError;arc-gen[10]:output_mismatch;arc-gen[11]:output_mismatch;arc-gen[13]:IndexError
task214,8e5a5113,solve_8e5a5113,true,11,9,"apply,astuple,crop,mpapply,paint,rot180,rot90",3,3,1,1,262,262,true,true,1,7200,9000,15.895020,1.0116644284798175,
task227,94f9d214,solve_94f9d214,true,10,8,"astuple,bottomhalf,canvas,fill,intersection,ofcolor,tophalf",4,4,1,1,262,262,true,true,14,3130,3177,16.936307,1.0079615792836893,
task308,c8cbb738,solve_c8cbb738,true,12,10,"apply,canvas,chain,fgpartition,fork,lbind,mapply,mostcolor,paint,valmax",3,3,1,1,253,262,true,false,59,22190,22291,14.988062,1.0011938288540931,arc-gen[54]:output_mismatch;arc-gen[66]:output_mismatch;arc-gen[67]:output_mismatch;arc-gen[113]:output_mismatch;arc-gen[120]:output_mismatch;arc-gen[139]:output_mismatch;arc-gen[170]:output_mismatch;arc-gen[191]:output_mismatch
task043,2281f1f4,solve_2281f1f4,true,11,9,"apply,fork,ofcolor,power,product,remove,underfill,urcorner",3,3,1,1,262,262,true,true,9,7614,7752,16.044294,0.9950784615078447,
task159,6b9890af,solve_6b9890af,true,12,10,"argmin,divide,normalize,objects,ofcolor,paint,shift,subgrid,upscale,width",3,3,1,1,261,261,true,true,86,20817,20895,15.052735,0.9947265174882016,
task335,d4a91cb9,solve_d4a91cb9,true,13,11,"astuple,combine,connect,first,last,ofcolor,underfill",3,3,1,1,262,262,true,true,36,46540,46633,14.249936,0.9772785203633714,
task354,ddf7fa4f,solve_ddf7fa4f,true,12,10,"colorfilter,compose,fork,mapply,objects,paint,product,sfilter,sizefilter",3,3,1,1,262,262,true,true,22,17325,17472,15.231645,0.9768354878544632,
task336,d4f3cd78,solve_d4f3cd78,true,11,9,"box,delta,difference,fill,first,ofcolor,position,shoot",2,2,1,1,28,28,true,true,54,6269,6405,16.235166,0.9738704682589814,
task026,1b2d62fb,solve_1b2d62fb,true,9,7,"fill,intersection,lefthalf,ofcolor,replace,righthalf",5,5,1,1,262,262,true,true,13,866,900,18.197605,0.9717706804749017,
task195,80af3007,solve_80af3007,true,12,10,"cellwise,downscale,first,hconcat,objects,subgrid,upscale,vconcat",3,3,1,1,194,261,true,false,33,14464,16383,15.296001,0.9703999490820264,arc-gen[5]:output_mismatch;arc-gen[9]:output_mismatch;arc-gen[24]:output_mismatch;arc-gen[28]:output_mismatch;arc-gen[34]:output_mismatch;arc-gen[35]:output_mismatch;arc-gen[36]:output_mismatch;arc-gen[37]:output_mismatch
task141,623ea044,solve_623ea044,true,12,10,"astuple,center,color,combine,fill,first,lbind,mapply,objects",3,3,1,1,261,261,true,true,21,16090,16159,15.309768,0.9690232448972248,
task386,f2829549,solve_f2829549,true,10,8,"canvas,fill,intersection,lefthalf,ofcolor,righthalf,shape",5,5,1,1,262,262,true,true,15,2164,2165,17.319824,0.9600219550545739,
task321,cf98881b,solve_cf98881b,true,11,9,"fill,first,hsplit,last,ofcolor,remove",5,5,1,1,261,261,true,true,22,5530,5565,16.375748,0.9582502515232937,
task178,746b3537,solve_746b3537,true,12,10,"apply,branch,chain,equality,objects,order,repeat,x1,x4",5,5,1,1,262,262,true,true,47,14237,14324,15.430308,0.9569691731118324,
task134,5ad4f10b,solve_5ad4f10b,true,12,10,"argmax,color,divide,downscale,height,leastcolor,objects,replace,subgrid",3,3,1,1,175,262,true,false,75,12706,12786,15.543894,0.9456106101326671,arc-gen[15]:output_mismatch;arc-gen[16]:output_mismatch;arc-gen[19]:output_mismatch;arc-gen[20]:output_mismatch;arc-gen[22]:output_mismatch;arc-gen[26]:output_mismatch;arc-gen[28]:output_mismatch;arc-gen[35]:output_mismatch
task395,fafffa47,solve_fafffa47,true,10,8,"bottomhalf,canvas,fill,intersection,ofcolor,shape,tophalf",5,5,1,1,262,262,true,true,14,1870,1917,17.441483,0.9448145928807055,
task301,beb8660c,solve_beb8660c,true,14,12,"apply,canvas,compose,interval,mpapply,objects,order,paint,rot180,shape,size",3,3,1,1,262,262,true,true,48,77858,79706,13.713900,0.9405083453544494,
task355,de1cd16c,solve_de1cd16c,true,12,10,"apply,argmax,canvas,difference,leastcolor,mostcolor,objects,rbind,sizefilter",4,4,1,1,260,262,true,false,41,12054,12143,15.595492,0.9404508151053819,arc-gen[53]:output_mismatch;arc-gen[183]:output_mismatch
task030,1caeab9d,solve_1caeab9d,true,12,10,"chain,cover,fork,lbind,lowermost,mapply,merge,objects,ofcolor,paint",3,3,1,1,262,262,true,true,64,11582,11752,15.628221,0.9371778717853714,
task331,d364b489,solve_d364b489,true,11,9,"fill,ofcolor,shift",2,2,1,1,262,262,true,true,1,3640,4550,16.577117,0.9358758346605554,
task220,913fb3ed,solve_913fb3ed,true,11,9,"fill,mapply,ofcolor",4,4,1,1,262,262,true,true,1,3600,4500,16.588167,0.934648075084268,
task115,4be741c5,solve_4be741c5,true,11,9,"apply,astuple,branch,crop,portrait,x2,x3",3,3,1,1,223,262,true,false,34,4388,4465,16.595976,0.9337804992567335,arc-gen[19]:output_mismatch;arc-gen[22]:output_mismatch;arc-gen[30]:output_mismatch;arc-gen[33]:output_mismatch;arc-gen[38]:output_mismatch;arc-gen[48]:output_mismatch;arc-gen[50]:output_mismatch;arc-gen[57]:output_mismatch
task304,c3e719e8,solve_c3e719e8,true,12,10,"asindices,difference,fill,hconcat,mostcolor,ofcolor,upscale,vconcat",3,3,1,1,262,262,true,true,14,11049,11084,15.686742,0.9313257905982869,
task391,f8b3ba0a,solve_f8b3ba0a,true,12,10,"apply,astuple,compose,compress,crop,lbind,merge,order,palette,rbind",4,4,1,1,262,262,true,true,26,10208,10237,15.766236,0.9233763886919771,
task024,178fcbfb,solve_178fcbfb,true,12,10,"colorfilter,compose,difference,fill,fork,mapply,objects,ofcolor,paint",3,3,1,1,258,262,true,false,27,9325,9585,15.832045,0.9167954655479745,arc-gen[19]:output_mismatch;arc-gen[101]:output_mismatch;arc-gen[130]:output_mismatch;arc-gen[149]:output_mismatch
task376,eb281b96,solve_eb281b96,true,13,11,"astuple,crop,decrement,double,height,hmirror,vconcat,width",2,2,1,1,36,36,true,true,41,23648,23798,14.922643,0.9161233475013727,
task367,e73095fd,solve_e73095fd,true,15,13,"chain,colorfilter,fill,fork,lbind,matcher,mfilter,objects,ofcolor,rbind,sfilter",3,3,1,1,262,262,true,true,135,145882,147873,13.095891,0.9157006981732787,
task315,cce03e0d,solve_cce03e0d,true,11,9,"combine,fill,hconcat,ofcolor,upscale,vconcat",3,3,1,1,262,262,true,true,9,3616,3655,16.796149,0.9115390413537641,
task052,25d8a9c8,solve_25d8a9c8,true,10,8,"asindices,difference,fill,mfilter,objects,sizefilter,toindices",4,4,1,1,76,262,true,false,11,1373,1416,17.744409,0.906948909281708,arc-gen[1]:output_mismatch;arc-gen[2]:output_mismatch;arc-gen[3]:output_mismatch;arc-gen[4]:output_mismatch;arc-gen[5]:output_mismatch;arc-gen[6]:output_mismatch;arc-gen[7]:output_mismatch;arc-gen[9]:output_mismatch
task167,6e02f1e3,solve_6e02f1e3,true,10,8,"branch,canvas,connect,equality,fill,numcolors",5,5,1,1,262,262,true,true,9,1117,1411,17.747946,0.9065067439816019,
task302,c0f76784,solve_c0f76784,true,12,10,"argmax,colorfilter,fill,merge,objects,sfilter,sizefilter",3,3,1,1,262,262,true,true,43,7936,7956,16.018318,0.8981681639973864,
task020,11852cab,solve_11852cab,true,12,10,"cmirror,dmirror,hmirror,merge,objects,paint,vmirror",3,3,1,1,262,262,true,true,45,7759,7814,16.036328,0.8963672275615018,
task256,a65b410d,solve_a65b410d,true,13,11,"mapply,ofcolor,rbind,shoot,underfill,urcorner",3,3,1,1,262,262,true,true,40,18302,18361,15.182016,0.8925440117201989,
task393,f8ff0b80,solve_f8ff0b80,true,9,7,"apply,hmirror,merge,objects,order,rbind",3,3,1,1,261,261,true,true,25,504,513,18.759724,0.8914679778815388,
task275,b190f7f5,solve_b190f7f5,true,15,13,"argmax,argmin,branch,chain,fill,ofcolor,portrait,rbind,upscale,width,x2,x8",3,3,1,1,262,262,true,true,253,87066,89839,13.594226,0.8773672660346923,
task247,a3325580,solve_a3325580,true,12,10,"apply,astuple,dmirror,merge,objects,order,rbind,sizefilter,valmax",6,6,1,1,262,262,true,true,23,6294,6320,16.248526,0.8751474487140903,
task273,af902bf9,solve_af902bf9,true,12,10,"compose,fill,fork,mapply,mfilter,objects,ofcolor,prapply,replace,underfill",3,3,1,1,262,262,true,true,21,6133,6170,16.272546,0.8727454116899434,
task364,e509e548,solve_e509e548,true,15,13,"chain,compose,fill,fork,lbind,mfilter,objects,rbind,replace",3,3,1,1,262,262,true,true,63,78862,79825,13.712408,0.8682763090448448,
task250,a48eeaf7,solve_a48eeaf7,true,13,11,"apply,compose,cover,fill,lbind,mapply,ofcolor,outbox",2,2,1,1,262,262,true,true,129,12375,12443,15.571087,0.857173954070512,
task077,36fdfd69,solve_36fdfd69,true,16,14,"apply,colorfilter,compose,downscale,fill,fork,lbind,mapply,merge,objects,paint,product,sfilter,upscale",3,3,1,1,262,262,true,true,68,159621,161415,13.008266,0.8565524262359002,
task161,6cdd2623,solve_6cdd2623,true,15,13,"box,chain,cover,fgpartition,fill,fork,leastcolor,merge,mfilter,ofcolor,prapply,rbind",3,3,1,1,252,262,true,false,39,64823,64851,13.920152,0.8522959699866278,arc-gen[26]:output_mismatch;arc-gen[30]:output_mismatch;arc-gen[54]:output_mismatch;arc-gen[111]:output_mismatch;arc-gen[123]:output_mismatch;arc-gen[130]:output_mismatch;arc-gen[173]:output_mismatch;arc-gen[187]:output_mismatch
task160,6c434453,solve_6c434453,true,12,10,"apply,cover,dneighbors,fill,insert,lbind,mapply,merge,objects,sizefilter",2,2,1,1,262,262,true,true,19,4818,4883,16.506485,0.8493515064061661,
task266,a9f96cdd,solve_a9f96cdd,true,12,10,"fill,ofcolor,replace,shift",4,4,1,1,15,15,true,true,1,3640,4550,16.577117,0.8422882511944998,
task127,54d9e175,solve_54d9e175,true,12,10,"compose,fork,mapply,objects,paint,replace,sizefilter",4,4,1,1,262,262,true,true,1,3600,4500,16.588167,0.8411832675758412,
task230,95990924,solve_95990924,true,12,10,"apply,fill,objects",3,3,1,1,262,262,true,true,1,3600,4500,16.588167,0.8411832675758412,
task071,3345333e,solve_3345333e,true,16,14,"apply,argmax,compose,cover,fill,lbind,leastcolor,mapply,neighbors,ofcolor,rbind,vmirror",2,2,1,1,134,262,true,false,49,128530,128583,13.235670,0.8403092778000983,arc-gen[1]:output_mismatch;arc-gen[2]:output_mismatch;arc-gen[4]:output_mismatch;arc-gen[8]:output_mismatch;arc-gen[12]:output_mismatch;arc-gen[13]:output_mismatch;arc-gen[15]:output_mismatch;arc-gen[17]:output_mismatch
task318,ce4f8723,solve_ce4f8723,true,10,8,"astuple,bottomhalf,canvas,fill,intersection,ofcolor,tophalf",4,4,1,1,262,262,true,true,14,740,741,18.391999,0.8260000781620107,
task143,63613498,solve_63613498,true,14,12,"asindices,asobject,compose,crop,difference,fill,matcher,mfilter,normalize,objects,ofcolor,paint",3,3,1,1,262,262,true,true,24,19768,19825,15.105301,0.8245582538752542,
task144,6430c8c4,solve_6430c8c4,true,10,8,"astuple,bottomhalf,canvas,fill,intersection,ofcolor,tophalf",4,4,1,1,262,262,true,true,8,644,690,18.463308,0.817086449698913,
task047,23581191,solve_23581191,true,12,10,"apply,compose,fill,fork,mapply,objects,paint,x7",2,2,1,1,262,262,true,true,30,3276,3312,16.894692,0.8105307515505149,
task399,ff28f65a,solve_ff28f65a,true,12,10,"apply,astuple,canvas,double,fill,hsplit,interval,merge,objects,size",8,8,3,3,262,262,true,true,8,2165,3074,16.969265,0.8030734924098539,
task113,496994bd,solve_496994bd,true,9,7,"astuple,crop,halve,height,hmirror,vconcat,width",2,2,1,1,262,262,true,true,1,240,270,19.401578,0.7997745655711965,
task027,1b60fb0c,solve_1b60fb0c,true,13,11,"apply,argmax,compose,lbind,mapply,neighbors,ofcolor,rot90,underfill",3,3,1,1,253,261,true,false,16,6069,6106,16.282973,0.7924570157540749,arc-gen[21]:output_mismatch;arc-gen[26]:output_mismatch;arc-gen[43]:output_mismatch;arc-gen[68]:output_mismatch;arc-gen[108]:output_mismatch;arc-gen[132]:output_mismatch;arc-gen[256]:output_mismatch;arc-gen[259]:output_mismatch
task012,0962bcdd,solve_0962bcdd,true,14,12,"fill,fork,leastcolor,mapply,objects,ofcolor,replace",2,2,1,1,262,262,true,true,15,13029,13132,15.517193,0.7902339398851236,
task025,1a07d186,solve_1a07d186,true,17,15,"apply,chain,compose,cover,difference,fork,lbind,mapply,merge,objects,paint,rbind,sfilter,sizefilter",3,3,1,1,252,262,true,false,127,140410,140475,13.147215,0.7901856543986933,arc-gen[3]:output_mismatch;arc-gen[4]:output_mismatch;arc-gen[12]:output_mismatch;arc-gen[42]:output_mismatch;arc-gen[51]:output_mismatch;arc-gen[75]:output_mismatch;arc-gen[79]:output_mismatch;arc-gen[165]:output_mismatch
task225,93b581b8,solve_93b581b8,true,14,12,"astuple,chain,difference,fgpartition,fill,fork,mapply,shift,toindices,underpaint,upscale,x2",3,3,1,1,261,261,true,true,40,12165,12815,15.541628,0.7881976365665143,
task342,d89b689b,solve_d89b689b,true,14,12,"apply,compose,cover,fork,lbind,mapply,merge,objects,ofcolor,paint,sizefilter",3,3,1,1,262,262,true,true,40,12503,12740,15.547498,0.7877084940938461,
task222,91714a58,solve_91714a58,true,16,14,"argmax,asindices,canvas,chain,compose,fill,lbind,mostcolor,objects,paint,rbind,sfilter,shape",3,3,1,1,181,262,true,false,21,58266,58353,14.025734,0.7838761464482001,arc-gen[1]:output_mismatch;arc-gen[5]:output_mismatch;arc-gen[7]:output_mismatch;arc-gen[9]:output_mismatch;arc-gen[10]:output_mismatch;arc-gen[15]:output_mismatch;arc-gen[20]:output_mismatch;arc-gen[23]:output_mismatch
task209,8a004b2b,solve_8a004b2b,true,17,15,"argmax,divide,merge,normalize,objects,ofcolor,paint,replace,shift,subgrid,ulcorner,upscale,width",3,3,1,1,105,262,true,false,200,123011,123176,13.278630,0.781424633727317,arc-gen[3]:output_mismatch;arc-gen[4]:output_mismatch;arc-gen[5]:output_mismatch;arc-gen[7]:output_mismatch;arc-gen[12]:output_mismatch;arc-gen[14]:output_mismatch;arc-gen[15]:output_mismatch;arc-gen[17]:output_mismatch
task038,1fad071e,solve_1fad071e,true,12,10,"astuple,canvas,colorfilter,hconcat,objects,size,sizefilter,subtract",3,3,1,1,262,262,true,true,17,2396,2434,17.202709,0.7797291273547472,
task333,d43fd935,solve_d43fd935,true,15,13,"fork,mapply,objects,ofcolor,paint,rbind,sfilter,sizefilter",3,3,1,1,234,261,true,false,55,25180,25233,14.864092,0.7796852262023498,arc-gen[1]:output_mismatch;arc-gen[3]:output_mismatch;arc-gen[66]:output_mismatch;arc-gen[69]:output_mismatch;arc-gen[70]:output_mismatch;arc-gen[76]:output_mismatch;arc-gen[81]:output_mismatch;arc-gen[82]:output_mismatch
task005,045e512c,solve_045e512c,true,17,15,"argmax,chain,compose,double,fork,interval,lbind,mapply,objects,paint,rbind,remove",3,3,1,1,228,262,true,false,106,117597,117933,13.322128,0.7785247963720062,arc-gen[3]:output_mismatch;arc-gen[33]:output_mismatch;arc-gen[42]:output_mismatch;arc-gen[56]:output_mismatch;arc-gen[57]:output_mismatch;arc-gen[58]:output_mismatch;arc-gen[62]:output_mismatch;arc-gen[63]:output_mismatch
task213,8e1813be,solve_8e1813be,true,16,14,"apply,branch,dedupe,first,objects,order,rbind,replace,size,vline,x5",3,3,1,1,258,261,true,false,392,50825,50965,14.161106,0.7742067429716081,arc-gen[45]:output_mismatch;arc-gen[76]:output_mismatch;arc-gen[203]:output_mismatch
task253,a61ba2ce,solve_a61ba2ce,true,16,14,"chain,hconcat,lbind,matcher,objects,rbind,vconcat,x7",2,2,1,1,262,262,true,true,17,49798,50237,14.175493,0.7731790775702407,
task074,3631a71a,solve_3631a71a,true,15,13,"apply,crop,dmirror,lbind,merge,objects,paint,papply,replace,shape,shift,subtract,vmirror",4,4,1,1,247,262,true,false,18,22056,22101,14.996622,0.7694906257962248,arc-gen[26]:output_mismatch;arc-gen[37]:output_mismatch;arc-gen[41]:output_mismatch;arc-gen[60]:output_mismatch;arc-gen[78]:output_mismatch;arc-gen[125]:output_mismatch;arc-gen[136]:output_mismatch;arc-gen[147]:output_mismatch
task042,22233c11,solve_22233c11,true,14,12,"chain,compose,fill,fork,lbind,mapply,objects,rbind",3,3,1,1,262,262,true,true,52,9508,10235,15.766432,0.7694640415079492,
task207,88a62173,solve_88a62173,true,12,10,"astuple,bottomhalf,combine,leastcommon,lefthalf,righthalf,tophalf",3,3,1,1,261,261,true,true,25,2108,2143,17.330038,0.7669961995473578,
task239,9af7a82c,solve_9af7a82c,true,17,15,"apply,chain,cmirror,compose,fork,lbind,merge,objects,order,rbind,valmax",4,4,1,1,210,262,true,false,32,94989,95375,13.534428,0.7643714512391172,arc-gen[2]:output_mismatch;arc-gen[11]:output_mismatch;arc-gen[14]:output_mismatch;arc-gen[27]:output_mismatch;arc-gen[30]:output_mismatch;arc-gen[34]:output_mismatch;arc-gen[38]:output_mismatch;arc-gen[44]:output_mismatch
task299,bdad9b1f,solve_bdad9b1f,true,12,10,"center,fill,hfrontier,intersection,ofcolor,vfrontier",2,2,1,1,18,18,true,true,21,1936,1998,17.400098,0.7599901959208498,
task262,a85d4709,solve_a85d4709,true,13,11,"chain,fill,lbind,ofcolor,x5",4,4,1,1,6,6,true,true,8,3924,3950,16.718529,0.7528609870813786,
task319,ce602527,solve_ce602527,true,16,14,"argmax,chain,compose,fgpartition,last,order,rbind,remove,subgrid,vmirror,x6",4,4,1,1,159,262,true,false,66,34046,34147,14.561570,0.7456021438149641,arc-gen[0]:output_mismatch;arc-gen[3]:output_mismatch;arc-gen[4]:output_mismatch;arc-gen[11]:output_mismatch;arc-gen[14]:output_mismatch;arc-gen[17]:output_mismatch;arc-gen[22]:output_mismatch;arc-gen[23]:output_mismatch
task137,5c2c9af4,solve_5c2c9af4,true,17,15,"apply,center,fill,interval,lbind,leastcolor,mapply,multiply,ofcolor,pair,shift,subtract,ulcorner",3,3,1,1,227,262,true,false,36,71678,71754,13.819001,0.7453999254131242,arc-gen[0]:output_mismatch;arc-gen[45]:output_mismatch;arc-gen[48]:output_mismatch;arc-gen[57]:output_mismatch;arc-gen[64]:output_mismatch;arc-gen[101]:output_mismatch;arc-gen[107]:output_mismatch;arc-gen[110]:output_mismatch
task340,d687bc17,solve_d687bc17,true,17,15,"apply,chain,compose,cover,difference,fork,lbind,mapply,merge,objects,paint,rbind,sfilter,sizefilter",3,3,1,1,234,262,true,false,72,70714,70876,13.831313,0.7445791433518639,arc-gen[25]:output_mismatch;arc-gen[26]:output_mismatch;arc-gen[39]:output_mismatch;arc-gen[42]:output_mismatch;arc-gen[47]:output_mismatch;arc-gen[61]:output_mismatch;arc-gen[80]:output_mismatch;arc-gen[82]:output_mismatch
task162,6cf79266,solve_6cf79266,true,17,15,"astuple,chain,fill,fork,initset,lbind,mapply,matcher,ofcolor,rbind,sfilter,toindices,upscale",3,3,1,1,262,262,true,true,19,63388,63431,13.942292,0.7371805319942906,
task232,97999447,solve_97999447,true,16,14,"apply,compose,fill,fork,interval,mapply,merge,objects,paint,prapply,rbind",3,3,1,1,218,262,true,false,29,29632,29701,14.701064,0.735638285304117,arc-gen[4]:output_mismatch;arc-gen[15]:output_mismatch;arc-gen[18]:output_mismatch;arc-gen[21]:output_mismatch;arc-gen[25]:output_mismatch;arc-gen[32]:output_mismatch;arc-gen[36]:output_mismatch;arc-gen[54]:output_mismatch
task072,3428a4f5,solve_3428a4f5,true,12,10,"astuple,bottomhalf,canvas,combine,difference,fill,intersection,ofcolor,tophalf",4,4,2,2,262,262,true,true,11,1466,1515,17.676829,0.7323170717943469,
task034,1f0c79e5,solve_1f0c79e5,true,18,16,"apply,combine,compose,interval,invert,lbind,leastcolor,mapply,ofcolor,paint,prapply,recolor,replace,shift,ulcorner",4,4,1,1,262,262,true,true,79,108323,111170,13.381184,0.7261759900142288,
task228,952a094c,solve_952a094c,true,16,14,"apply,argmax,chain,compose,corners,cover,fork,lbind,merge,objects,outbox,paint,sizefilter",3,3,1,1,262,262,true,true,61,25422,25500,14.853566,0.7247452665104656,
task028,1bfc4729,solve_1bfc4729,true,14,12,"asindices,bottomhalf,box,combine,fill,hfrontier,hmirror,leastcolor,replace,tophalf,vconcat",2,2,1,1,262,262,true,true,11,5038,5367,16.411976,0.7156686976814024,
task359,e26a3af2,solve_e26a3af2,true,17,15,"apply,branch,compose,greater,repeat,rot90,x10,x14,x6",3,3,1,1,262,262,true,true,15,42404,42417,14.344695,0.7103536336173301,
task263,a87f7484,solve_a87f7484,true,15,13,"apply,branch,decrement,dmirror,extract,hsplit,leastcommon,matcher,numcolors,portrait,rbind,x4",4,4,1,1,262,262,true,true,158,8400,8452,15.957842,0.6955506445181499,
task176,7447852a,solve_7447852a,true,15,13,"colorfilter,compose,fill,interval,mapply,objects,order,pair,rbind,sfilter,size",3,3,1,1,21,21,true,true,7,8184,8304,15.975507,0.6941917388773592,
task093,4093f84a,solve_4093f84a,true,16,14,"apply,branch,hconcat,leastcolor,lefthalf,ofcolor,portrait,rbind,replace,righthalf,x5",3,3,1,1,261,261,true,true,56,15696,15754,15.335150,0.6903463985902335,
task013,0a938d79,solve_0a938d79,true,19,17,"branch,chain,compose,fgpartition,fork,lbind,mapply,merge,paint,portrait,rbind,width,x2,x6",4,4,1,1,262,262,true,true,91,119163,121420,13.292989,0.6886476993343779,
task348,db3e9e38,solve_db3e9e38,true,15,13,"chain,combine,fill,last,lrcorner,mapply,ofcolor,rbind,sfilter,shoot",2,2,1,1,262,262,true,true,28,7392,7531,16.073217,0.6866756241616424,
task007,05269061,solve_05269061,true,15,13,"apply,lbind,mapply,merge,neighbors,objects,paint,rbind,shift",3,3,1,1,262,262,true,true,13,7476,7507,16.076409,0.6864300921210003,
task181,760b3cac,solve_760b3cac,true,13,11,"branch,equality,fill,index,multiply,ofcolor,shift,tojvec,ulcorner,vmirror",3,3,1,1,262,262,true,true,21,1694,1780,17.515631,0.6803971493896483,
task286,b782dc8a,solve_b782dc8a,true,20,18,"chain,colorfilter,difference,dneighbors,fill,first,leastcolor,mfilter,mostcolor,objects,ofcolor,rbind,sfilter,toindices,toobject",2,2,1,1,57,262,true,false,169,163754,165058,12.985948,0.6674473447926254,arc-gen[0]:output_mismatch;arc-gen[1]:output_mismatch;arc-gen[2]:output_mismatch;arc-gen[3]:output_mismatch;arc-gen[4]:output_mismatch;arc-gen[5]:output_mismatch;arc-gen[6]:output_mismatch;arc-gen[7]:output_mismatch
task168,6e19193c,solve_6e19193c,true,17,15,"chain,compose,fill,fork,leastcolor,mapply,matcher,objects,rbind",2,2,1,1,262,262,true,true,45,20708,20893,15.052831,0.6631446302414834,
task231,963e52fc,solve_963e52fc,true,18,16,"asobject,astuple,crop,divide,double,height,hperiod,increment,merge,repeat,rot270,rot90,ulcorner,width",3,3,1,1,262,262,true,true,50,38977,39078,14.426685,0.6608321829859035,
task334,d4469b4b,solve_d4469b4b,true,12,10,"branch,canvas,equality,fill,fork,other,palette,x7",7,7,2,2,262,262,true,true,9,700,737,18.397412,0.6602587892189338,
task056,27a28665,solve_27a28665,true,11,9,"branch,canvas,equality,objects,valmax",7,7,3,3,36,36,true,true,9,290,367,19.094638,0.656151316450508,
task236,99b1bc43,solve_99b1bc43,true,12,10,"bottomhalf,canvas,combine,difference,fill,intersection,ofcolor,shape,tophalf",4,4,1,1,262,262,true,true,11,644,645,18.530750,0.6469250316795773,
task270,ae3edfdc,solve_ae3edfdc,true,18,16,"chain,fork,lbind,mapply,objects,paint,replace,x4,x6",3,3,1,1,262,262,true,true,96,27488,28673,14.736289,0.6414819495249127,
task107,469497ad,solve_469497ad,true,20,18,"argmax,argmin,combine,decrement,llcorner,numcolors,objects,paint,shoot,ulcorner,underfill,upscale",3,3,1,1,262,262,true,true,52,87808,101489,13.472294,0.6404280942892675,
task182,776ffc46,solve_776ffc46,true,19,17,"asobject,color,colorfilter,compose,extract,fill,fork,inbox,matcher,mfilter,normalize,objects,sfilter,subgrid,toindices",4,4,1,1,262,262,true,true,168,49115,50154,14.177146,0.636638444172189,
task201,846bdb03,solve_846bdb03,true,20,18,"branch,equality,extract,index,lefthalf,matcher,merge,normalize,objects,other,paint,palette,rbind,remove,shift,subgrid,x14",4,4,1,1,11,261,true,false,135,93458,93766,13.551442,0.6360309775520792,arc-gen[0]:output_mismatch;arc-gen[1]:StopIteration;arc-gen[2]:StopIteration;arc-gen[3]:StopIteration;arc-gen[4]:output_mismatch;arc-gen[5]:output_mismatch;arc-gen[6]:output_mismatch;arc-gen[7]:StopIteration
task363,e5062a87,solve_e5062a87,true,20,18,"apply,astuple,chain,initset,insert,lbind,merge,normalize,occurrences,ofcolor,paint,rbind,recolor,sfilter",3,3,1,1,249,261,true,false,48,89398,89652,13.596309,0.633538377097989,arc-gen[18]:output_mismatch;arc-gen[48]:output_mismatch;arc-gen[72]:output_mismatch;arc-gen[101]:output_mismatch;arc-gen[103]:output_mismatch;arc-gen[128]:output_mismatch;arc-gen[135]:output_mismatch;arc-gen[136]:output_mismatch
task131,56dc2b01,solve_56dc2b01,true,19,17,"branch,colorfilter,crement,equality,first,gravitate,move,multiply,objects,ofcolor,paint,recolor,shift,sign,x8",3,3,1,1,244,262,true,false,103,45783,46734,14.247773,0.6324839547145884,arc-gen[1]:output_mismatch;arc-gen[2]:output_mismatch;arc-gen[7]:output_mismatch;arc-gen[14]:output_mismatch;arc-gen[26]:output_mismatch;arc-gen[38]:output_mismatch;arc-gen[48]:output_mismatch;arc-gen[55]:output_mismatch
task219,90f3ed37,solve_90f3ed37,true,20,18,"apply,chain,compose,first,fork,interval,lbind,mapply,normalize,objects,order,rbind,remove,underfill",3,3,1,1,190,261,true,false,420,85398,85495,13.643787,0.6309007318712607,arc-gen[8]:output_mismatch;arc-gen[11]:output_mismatch;arc-gen[13]:output_mismatch;arc-gen[19]:output_mismatch;arc-gen[28]:output_mismatch;arc-gen[31]:output_mismatch;arc-gen[33]:output_mismatch;arc-gen[34]:output_mismatch
task234,98cf29f8,solve_98cf29f8,true,20,18,"backdrop,chain,color,cover,extract,fgpartition,fill,fork,gravitate,other,outbox,rbind,sfilter,shift",3,3,1,1,262,262,true,true,58,81887,81969,13.685904,0.628560911443747,
task184,780d0b14,solve_780d0b14,true,20,18,"apply,asindices,chain,compose,fill,objects,paint,pair,rbind,rot270,rot90,sfilter,totuple",3,3,1,1,43,262,true,false,71,67255,77230,13.745457,0.6252524034201838,arc-gen[0]:output_mismatch;arc-gen[1]:output_mismatch;arc-gen[2]:output_mismatch;arc-gen[3]:output_mismatch;arc-gen[4]:output_mismatch;arc-gen[5]:output_mismatch;arc-gen[6]:output_mismatch;arc-gen[7]:output_mismatch
task379,ecdecbb3,solve_ecdecbb3,true,20,18,"apply,colorfilter,compose,fill,fork,intersection,lbind,mapply,mfilter,objects,product",3,3,1,1,186,262,true,false,107,73603,75333,13.770326,0.6238707535998756,arc-gen[0]:output_mismatch;arc-gen[4]:output_mismatch;arc-gen[5]:output_mismatch;arc-gen[12]:output_mismatch;arc-gen[13]:output_mismatch;arc-gen[16]:output_mismatch;arc-gen[19]:output_mismatch;arc-gen[22]:output_mismatch
task186,794b24be,solve_794b24be,true,12,10,"branch,canvas,connect,decrement,equality,fill,insert,ofcolor,size,tojvec",10,10,2,2,255,255,true,true,11,464,510,18.765589,0.6234410725718369,
task165,6d58a25d,solve_6d58a25d,true,20,18,"argmax,chain,color,compose,fork,increment,mapply,merge,objects,rbind,remove,sfilter,underfill,uppermost",3,3,1,1,94,261,true,false,25,68698,69692,13.848159,0.6195467118079331,arc-gen[0]:output_mismatch;arc-gen[1]:output_mismatch;arc-gen[3]:output_mismatch;arc-gen[4]:output_mismatch;arc-gen[5]:output_mismatch;arc-gen[6]:output_mismatch;arc-gen[7]:output_mismatch;arc-gen[8]:output_mismatch
task296,bc1d5164,solve_bc1d5164,true,16,14,"astuple,canvas,combine,crop,fill,leastcolor,mapply,rbind,tojvec",5,5,1,1,262,262,true,true,10,5254,5599,16.369657,0.6164530920963495,
task314,cbded52d,solve_cbded52d,true,17,15,"chain,compose,fork,mapply,objects,paint,product,sfilter,sizefilter",3,3,1,1,261,262,true,false,282,9774,9952,15.794471,0.6137019209985973,arc-gen[75]:output_mismatch
task085,3bdb4ada,solve_3bdb4ada,true,21,19,"apply,compose,fill,fork,lbind,mapply,objects,pair,papply,power,totuple",2,2,1,1,262,262,true,true,20,113460,113598,13.359579,0.6126537462884423,
task112,4938f0c2,solve_4938f0c2,true,20,18,"add,branch,fill,greater,height,hmirror,objects,ofcolor,shift,size,toivec,tojvec,vmirror,width",3,3,1,1,260,262,true,false,44,59622,59728,14.002444,0.6109753445085758,arc-gen[78]:output_mismatch;arc-gen[92]:output_mismatch
task180,75b8110e,solve_75b8110e,true,17,15,"bottomhalf,fork,lefthalf,paint,rbind,righthalf,tophalf,x9",5,5,1,1,262,262,true,true,6,8444,9366,15.855159,0.6096560926495658,
task257,a68b268e,solve_a68b268e,true,14,12,"bottomhalf,fill,lefthalf,ofcolor,righthalf,tophalf",6,6,1,1,262,262,true,true,20,1346,1399,17.756487,0.6036260812221235,
task265,a8d7556c,solve_a8d7556c,true,20,18,"add,astuple,branch,equality,fill,index,initset,insert,lbind,mapply,occurrences,paint,recolor,toobject,upscale",3,3,1,1,245,262,true,false,32,39411,39540,14.414932,0.5880593387069227,arc-gen[4]:output_mismatch;arc-gen[24]:output_mismatch;arc-gen[38]:output_mismatch;arc-gen[42]:output_mismatch;arc-gen[97]:output_mismatch;arc-gen[98]:output_mismatch;arc-gen[127]:output_mismatch;arc-gen[187]:output_mismatch
task202,855e0971,solve_855e0971,true,22,20,"branch,chain,compose,fill,fork,frontiers,lbind,mapply,matcher,partition,positive,rbind,rot90,sfilter,size,x7",4,4,1,1,262,262,true,true,31,125742,125756,13.257901,0.5871049400270708,
task221,91413438,solve_91413438,true,21,19,"apply,astuple,canvas,colorcount,compose,first,hconcat,hsplit,interval,lbind,mapply,merge,multiply,objects,paint,rbind,subtract",4,4,1,1,185,262,true,false,28,61059,66087,13.901273,0.5841435439362016,arc-gen[2]:output_mismatch;arc-gen[3]:output_mismatch;arc-gen[6]:output_mismatch;arc-gen[7]:output_mismatch;arc-gen[11]:output_mismatch;arc-gen[12]:output_mismatch;arc-gen[13]:output_mismatch;arc-gen[17]:output_mismatch
task392,f8c80d96,solve_f8c80d96,true,20,18,"argmax,argmin,branch,chain,colorfilter,equality,fill,leastcolor,objects,power,replace,size,x10,x11,x9",3,3,1,1,262,262,true,true,51,34074,36161,14.504264,0.5830964704994989,
task205,8731374e,solve_8731374e,true,22,20,"argmax,compose,fill,fork,height,lbind,leastcolor,mapply,merge,objects,ofcolor,rot270,rot90,sfilter,subgrid,vsplit,width",3,3,1,1,184,262,true,false,416,114335,116057,13.338163,0.5830918364355784,arc-gen[2]:output_mismatch;arc-gen[3]:output_mismatch;arc-gen[4]:output_mismatch;arc-gen[12]:output_mismatch;arc-gen[14]:output_mismatch;arc-gen[19]:output_mismatch;arc-gen[20]:output_mismatch;arc-gen[24]:output_mismatch
task370,e8dc4411,solve_e8dc4411,true,22,20,"apply,branch,equality,fill,fork,intersection,interval,lbind,leastcolor,mapply,multiply,ofcolor,position,shape,x5",3,3,1,1,169,262,true,false,153,108857,108976,13.401117,0.579944147674055,arc-gen[1]:output_mismatch;arc-gen[3]:output_mismatch;arc-gen[6]:output_mismatch;arc-gen[10]:output_mismatch;arc-gen[13]:output_mismatch;arc-gen[17]:output_mismatch;arc-gen[19]:output_mismatch;arc-gen[22]:output_mismatch
task226,941d9a10,solve_941d9a10,true,17,15,"apply,astuple,colorfilter,compose,decrement,fill,lbind,objects,shape,x7",3,3,1,1,69,129,true,false,39,5078,5229,16.438025,0.570798355612542,arc-gen[3]:StopIteration;arc-gen[4]:StopIteration;arc-gen[6]:StopIteration;arc-gen[9]:StopIteration;arc-gen[11]:StopIteration;arc-gen[14]:StopIteration;arc-gen[16]:StopIteration;arc-gen[19]:StopIteration
task305,c3f564a4,solve_c3f564a4,true,17,15,"apply,asindices,difference,dmirror,interval,invert,lbind,mapply,ofcolor,paint,pair,papply,toobject",3,3,1,1,250,262,true,false,6,4836,5120,16.459090,0.5693939812022369,arc-gen[50]:output_mismatch;arc-gen[62]:output_mismatch;arc-gen[78]:output_mismatch;arc-gen[108]:output_mismatch;arc-gen[123]:output_mismatch;arc-gen[159]:output_mismatch;arc-gen[160]:output_mismatch;arc-gen[163]:output_mismatch
task138,5daaa586,solve_5daaa586,true,21,19,"argmax,branch,color,colorfilter,compose,extract,fgpartition,fill,greater,mfilter,objects,outbox,prapply,rbind,size,subgrid,toindices",3,3,1,1,235,262,true,false,99,48678,48803,14.204453,0.5681866876506073,arc-gen[7]:output_mismatch;arc-gen[12]:output_mismatch;arc-gen[25]:output_mismatch;arc-gen[26]:output_mismatch;arc-gen[46]:output_mismatch;arc-gen[55]:output_mismatch;arc-gen[56]:output_mismatch;arc-gen[58]:output_mismatch
task105,4612dd53,solve_4612dd53,true,18,16,"box,branch,fill,greater,mapply,ofcolor,shift,size,subgrid,ulcorner,underfill",3,3,1,1,262,262,true,true,63,7525,7593,16.065018,0.558436378075827,
task148,673ef223,solve_673ef223,true,20,18,"apply,argmin,branch,colorfilter,equality,fork,leftmost,mapply,objects,ofcolor,rbind,replace,shift,toivec,underfill,x7",3,3,1,1,229,262,true,false,110,22544,22897,14.961239,0.5577089542552054,arc-gen[3]:output_mismatch;arc-gen[25]:output_mismatch;arc-gen[41]:output_mismatch;arc-gen[51]:output_mismatch;arc-gen[53]:output_mismatch;arc-gen[56]:output_mismatch;arc-gen[58]:output_mismatch;arc-gen[59]:output_mismatch
task378,ec883f72,solve_ec883f72,true,21,19,"argmax,color,combine,fork,llcorner,lrcorner,objects,other,palette,remove,shoot,ulcorner,underfill,urcorner",4,4,1,1,205,262,true,false,96,39240,39316,14.420613,0.5568098336677116,arc-gen[1]:output_mismatch;arc-gen[3]:output_mismatch;arc-gen[8]:output_mismatch;arc-gen[10]:output_mismatch;arc-gen[11]:output_mismatch;arc-gen[18]:output_mismatch;arc-gen[21]:output_mismatch;arc-gen[30]:output_mismatch
task387,f35d900a,solve_f35d900a,true,22,20,"box,chain,compose,difference,fill,fork,lbind,mapply,objects,paint,palette,rbind,remove,sfilter",4,4,1,1,261,261,true,true,125,63880,63968,13.933862,0.5533069118650064,
task362,e48d4e1a,solve_e48d4e1a,true,19,17,"add,canvas,chain,extract,fill,fork,leastcolor,matcher,multiply,ofcolor,rbind,shape,size,x15",4,4,1,1,262,262,true,true,28,12110,12155,15.594504,0.5532644639264838,
task381,ef135b50,solve_ef135b50,true,17,15,"asobject,compose,fill,fork,intersection,mapply,ofcolor,paint,power,product,sfilter,shift,trim",3,3,1,1,261,261,true,true,17,3670,3800,16.757244,0.5495170897142984,
task366,e6721834,solve_e6721834,true,27,25,"apply,branch,chain,compose,first,fork,last,lbind,matcher,merge,mfilter,mostcolor,objects,order,paint,portrait,rbind,sfilter,x2",3,3,1,1,125,262,true,false,723,841805,846332,11.351333,0.5459466798637628,arc-gen[1]:output_mismatch;arc-gen[2]:output_mismatch;arc-gen[3]:output_mismatch;arc-gen[6]:output_mismatch;arc-gen[8]:output_mismatch;arc-gen[10]:output_mismatch;arc-gen[15]:output_mismatch;arc-gen[18]:output_mismatch
task060,29c11459,solve_29c11459,true,18,16,"apply,compose,fill,fork,lefthalf,mapply,merge,objects,paint,righthalf,shift",2,2,1,1,262,262,true,true,20,5990,6171,16.272384,0.5454760111450667,
task349,db93a21d,solve_db93a21d,true,22,20,"colorfilter,compose,fill,mapply,matcher,objects,ofcolor,power,rbind,sfilter,underfill",4,4,1,1,205,262,true,false,19,46842,50421,14.171837,0.5414081516972338,arc-gen[0]:output_mismatch;arc-gen[4]:output_mismatch;arc-gen[14]:output_mismatch;arc-gen[18]:output_mismatch;arc-gen[21]:output_mismatch;arc-gen[24]:output_mismatch;arc-gen[31]:output_mismatch;arc-gen[35]:output_mismatch
task199,834ec97d,solve_834ec97d,true,20,18,"add,asindices,compose,fill,first,interval,lbind,leftmost,objects,paint,rbind,sfilter,shift,subtract,uppermost",3,3,1,1,233,262,true,false,22,16427,16481,15.290037,0.5394424156241211,arc-gen[57]:output_mismatch;arc-gen[64]:output_mismatch;arc-gen[83]:output_mismatch;arc-gen[118]:output_mismatch;arc-gen[124]:output_mismatch;arc-gen[130]:output_mismatch;arc-gen[134]:output_mismatch;arc-gen[143]:output_mismatch
task345,d9f24cd1,solve_d9f24cd1,true,20,18,"apply,colorfilter,difference,fill,mapply,matcher,mfilter,objects,ofcolor,prapply,rbind,sfilter,shift,underfill",2,2,1,1,261,261,true,true,89,13902,15758,15.334897,0.5369501917669797,
task313,caa06a1f,solve_caa06a1f,true,24,22,"apply,asobject,astuple,canvas,decrement,double,first,hperiod,index,lbind,mapply,neighbors,objects,paint,power,shape,shift,vperiod,x15",3,3,1,1,234,262,true,false,34,115335,119882,13.305737,0.5315574183927931,arc-gen[4]:output_mismatch;arc-gen[10]:output_mismatch;arc-gen[18]:output_mismatch;arc-gen[25]:output_mismatch;arc-gen[67]:output_mismatch;arc-gen[68]:output_mismatch;arc-gen[84]:output_mismatch;arc-gen[86]:output_mismatch
task358,e21d9049,solve_e21d9049,true,24,22,"apply,asindices,compose,cover,difference,fork,lbind,leastcolor,mapply,merge,neighbors,objects,ofcolor,paint,power,sfilter,shape,x9",2,2,1,1,199,262,true,false,132,114456,114793,13.349114,0.5295857175181253,arc-gen[3]:output_mismatch;arc-gen[4]:output_mismatch;arc-gen[14]:output_mismatch;arc-gen[22]:output_mismatch;arc-gen[24]:output_mismatch;arc-gen[25]:output_mismatch;arc-gen[32]:output_mismatch;arc-gen[35]:output_mismatch
task009,06df4c85,solve_06df4c85,true,24,22,"apply,argmax,colorfilter,compose,difference,fill,fork,merge,mfilter,mostcolor,ofcolor,paint,partition,power,product,remove,sfilter",3,3,1,1,261,261,true,true,22,106706,110547,13.386804,0.5278725476761505,
task063,2bee17df,solve_2bee17df,true,22,20,"astuple,compose,height,interval,lbind,mapply,matcher,merge,pair,rbind,rot90,sfilter,subtract,underfill,x9",3,3,1,1,260,262,true,false,34,30944,30976,14.659032,0.5170483995038151,arc-gen[1]:output_mismatch;arc-gen[222]:output_mismatch
task101,447fd412,solve_447fd412,true,27,25,"apply,argmax,chain,compose,fork,interval,lbind,mapply,normalize,objects,paint,rapply",3,3,1,1,138,262,true,false,125,374813,374919,12.165535,0.5133786112648475,arc-gen[1]:output_mismatch;arc-gen[4]:output_mismatch;arc-gen[6]:output_mismatch;arc-gen[8]:output_mismatch;arc-gen[13]:output_mismatch;arc-gen[14]:output_mismatch;arc-gen[17]:output_mismatch;arc-gen[18]:output_mismatch
task055,272f95fa,solve_272f95fa,true,22,20,"apply,argmax,argmin,colorfilter,compose,extract,fill,lbind,objects,rbind,remove,sfilter",2,2,1,1,262,262,true,true,166,27544,28538,14.741008,0.512949590574526,
task212,8d510a79,solve_8d510a79,true,20,18,"chain,compose,fill,fork,lbind,mapply,ofcolor,underfill,uppermost",2,2,1,1,262,262,true,true,53,9512,9650,15.825287,0.5097062885740573,
task059,29623171,solve_29623171,true,22,20,"apply,compose,fill,fork,interval,leastcolor,matcher,mfilter,product,rbind,valmax",3,3,1,1,262,262,true,true,20,23114,25661,14.847272,0.5076363804285806,
task238,9aec4887,solve_9aec4887,true,24,22,"apply,argmin,chain,fill,fork,intersection,lbind,normalize,objects,other,paint,rbind,shift,subgrid,toindices,x18,x20",3,3,1,1,133,262,true,false,102,65925,67372,13.882015,0.5053629445599217,arc-gen[0]:output_mismatch;arc-gen[1]:output_mismatch;arc-gen[3]:output_mismatch;arc-gen[4]:output_mismatch;arc-gen[5]:IndexError;arc-gen[6]:IndexError;arc-gen[7]:output_mismatch;arc-gen[11]:IndexError
task173,72322fa7,solve_72322fa7,true,26,24,"compose,difference,fork,lbind,mapply,matcher,objects,paint,sfilter",3,3,1,1,262,262,true,true,68,175562,175779,12.923017,0.5032076167988796,
task040,2204b7a8,solve_2204b7a8,true,20,18,"branch,compose,decrement,greater,index,lbind,objects,replace,shape,x3,x7,x8,x9",3,3,1,1,260,262,true,false,36,8114,8176,15.991042,0.5004976840246381,arc-gen[111]:output_mismatch;arc-gen[198]:output_mismatch
task341,d6ad076f,solve_d6ad076f,true,22,20,"argmax,argmin,branch,colorfilter,cover,equality,inbox,mapply,mfilter,multiply,objects,rbind,underfill,valmax,vmatching,x6",3,3,1,1,216,262,true,false,101,20810,21099,15.043019,0.4978490462488064,arc-gen[0]:output_mismatch;arc-gen[4]:output_mismatch;arc-gen[6]:output_mismatch;arc-gen[8]:output_mismatch;arc-gen[22]:output_mismatch;arc-gen[32]:output_mismatch;arc-gen[41]:output_mismatch;arc-gen[50]:output_mismatch
task123,539a4f51,solve_539a4f51,true,21,19,"asobject,astuple,branch,canvas,colorcount,crop,decrement,dmirror,hconcat,index,multiply,paint,positive,shape,vconcat,vupscale,width",3,3,1,1,203,261,true,false,17,10679,11627,15.638915,0.49268869782466357,arc-gen[10]:output_mismatch;arc-gen[17]:output_mismatch;arc-gen[32]:output_mismatch;arc-gen[38]:output_mismatch;arc-gen[40]:output_mismatch;arc-gen[43]:output_mismatch;arc-gen[44]:output_mismatch;arc-gen[45]:output_mismatch
task197,82819916,solve_82819916,true,24,22,"argmax,compose,difference,fork,lbind,mapply,matcher,normalize,objects,paint,rbind,remove,sfilter,x7",4,4,1,1,262,262,true,true,18,50722,50738,14.165570,0.4924741098064817,
task076,36d67576,solve_36d67576,true,28,26,"apply,argmax,astuple,chain,combine,compose,fork,lbind,mapply,objects,paint,product,rapply,rbind,totuple",3,3,1,1,250,262,true,false,377,330877,331216,12.289474,0.4888663849809667,arc-gen[9]:output_mismatch;arc-gen[23]:output_mismatch;arc-gen[33]:output_mismatch;arc-gen[48]:output_mismatch;arc-gen[68]:output_mismatch;arc-gen[179]:output_mismatch;arc-gen[181]:output_mismatch;arc-gen[204]:output_mismatch
task158,6aa20dc0,solve_6aa20dc0,true,27,25,"apply,argmax,compose,fork,initset,insert,interval,lbind,mapply,normalize,objects,paint,product,rapply",3,3,1,1,261,262,true,false,292,192873,193239,12.828317,0.4868673217497171,arc-gen[38]:output_mismatch
task124,53b68214,solve_53b68214,true,22,20,"add,apply,astuple,branch,canvas,decrement,first,interval,lbind,mapply,objects,paint,portrait,shape,shift,toivec,vperiod,width",3,3,2,2,181,262,true,false,52,14054,14407,15.424531,0.4787734739280737,arc-gen[10]:output_mismatch;arc-gen[12]:output_mismatch;arc-gen[17]:output_mismatch;arc-gen[22]:output_mismatch;arc-gen[23]:output_mismatch;arc-gen[24]:output_mismatch;arc-gen[26]:output_mismatch;arc-gen[28]:output_mismatch
task246,a2fd1cf0,solve_a2fd1cf0,true,22,20,"astuple,combine,connect,leftmost,maximum,minimum,ofcolor,underfill,uppermost",3,3,1,1,262,262,true,true,31,13608,14039,15.450406,0.4774797224985976,
task044,228f6490,solve_228f6490,true,25,23,"colorfilter,compose,difference,extract,first,last,matcher,move,objects,rbind,sfilter,subtract,ulcorner,x9",3,3,1,1,233,262,true,false,490,42872,43078,14.329232,0.4639464219537957,arc-gen[12]:output_mismatch;arc-gen[39]:output_mismatch;arc-gen[40]:StopIteration;arc-gen[41]:StopIteration;arc-gen[64]:output_mismatch;arc-gen[82]:StopIteration;arc-gen[84]:output_mismatch;arc-gen[87]:output_mismatch
task274,b0c4d837,solve_b0c4d837,true,22,20,"astuple,canvas,decrement,first,hconcat,height,hsplit,last,ofcolor,subtract,vconcat,vmirror",6,6,1,1,262,262,true,true,16,9860,10249,15.765065,0.4617467709415782,
task248,a3df8b1e,solve_a3df8b1e,true,23,21,"crop,fill,first,hmirror,objects,ofcolor,shape,shoot,subgrid,subtract,urcorner,vconcat",3,3,1,1,4,9,true,false,10,11986,13798,15.467721,0.45391804443362166,arc-gen[0]:output_mismatch;arc-gen[2]:output_mismatch;arc-gen[3]:output_mismatch;arc-gen[4]:output_mismatch;arc-gen[7]:output_mismatch
task114,49d1d64f,solve_49d1d64f,true,19,17,"add,apply,asindices,asobject,canvas,chain,fork,lbind,paint,rbind,shape,shift,x8",3,3,1,1,262,262,true,true,26,1857,2015,17.391626,0.4475514396694577,
task110,484b58aa,solve_484b58aa,true,29,27,"apply,asobject,astuple,colorfilter,crop,difference,height,hperiod,lbind,mapply,merge,neighbors,paint,partition,power,toivec,tojvec,vperiod,width,x9",3,3,1,1,218,262,true,false,163,110174,110524,13.387012,0.4301106655898798,arc-gen[2]:output_mismatch;arc-gen[7]:output_mismatch;arc-gen[8]:output_mismatch;arc-gen[9]:output_mismatch;arc-gen[15]:output_mismatch;arc-gen[17]:output_mismatch;arc-gen[21]:output_mismatch;arc-gen[32]:output_mismatch
task200,8403a5d5,solve_8403a5d5,true,21,19,"add,apply,asindices,color,compose,fill,first,increment,interval,lbind,leftmost,objects,rbind,sfilter",3,3,1,1,80,80,true,true,38,3484,3538,16.828683,0.4300693091957752,
task133,57aa92db,solve_57aa92db,true,31,29,"argmax,chain,colorfilter,compose,fork,lbind,leastcolor,mapply,matcher,merge,normalize,objects,paint,rbind,sfilter,ulcorner",4,4,1,1,262,262,true,true,121,197698,198123,12.803357,0.420573907893983,
task264,a8c38be5,solve_a8c38be5,true,30,28,"apply,asindices,astuple,box,canvas,center,chain,combine,compose,corners,difference,fill,fork,inbox,lbind,mapply,objects,paint,rbind,replace,sfilter",2,2,1,1,262,262,true,true,46,81438,83610,13.666082,0.40478280032657515,
task017,0dfd9992,solve_0dfd9992,true,28,26,"apply,asobject,astuple,colorfilter,crop,decrement,difference,height,hperiod,lbind,mapply,merge,neighbors,paint,partition,toivec,tojvec,vperiod,width",3,3,1,1,213,262,true,false,66,35030,35216,14.530744,0.4026636847602401,arc-gen[2]:output_mismatch;arc-gen[5]:output_mismatch;arc-gen[19]:output_mismatch;arc-gen[24]:output_mismatch;arc-gen[39]:output_mismatch;arc-gen[42]:output_mismatch;arc-gen[59]:output_mismatch;arc-gen[64]:output_mismatch
task061,29ec7d0e,solve_29ec7d0e,true,28,26,"apply,asobject,astuple,colorfilter,crop,decrement,difference,height,hperiod,lbind,mapply,merge,neighbors,paint,partition,toivec,tojvec,vperiod,width",4,4,1,1,217,262,true,false,9,32696,34668,14.546428,0.4020604750097783,arc-gen[4]:output_mismatch;arc-gen[9]:output_mismatch;arc-gen[13]:output_mismatch;arc-gen[15]:output_mismatch;arc-gen[23]:output_mismatch;arc-gen[32]:output_mismatch;arc-gen[33]:output_mismatch;arc-gen[34]:output_mismatch
task316,cdecee7f,solve_cdecee7f,true,23,21,"apply,astuple,canvas,crop,dmirror,hconcat,hsplit,merge,objects,order,rbind,size,subtract,vconcat,vmirror",3,3,1,1,251,262,true,false,46,4460,4614,16.563150,0.40175478279684285,arc-gen[15]:output_mismatch;arc-gen[34]:output_mismatch;arc-gen[60]:output_mismatch;arc-gen[76]:output_mismatch;arc-gen[90]:output_mismatch;arc-gen[95]:output_mismatch;arc-gen[147]:output_mismatch;arc-gen[153]:output_mismatch
task237,99fa7670,solve_99fa7670,true,26,24,"add,compose,first,fork,initset,insert,mapply,objects,order,paint,pair,rbind,recolor,remove,shape,underpaint",4,4,1,1,261,261,true,true,25,14533,14574,15.413006,0.3994580999262595,
task062,2bcee788,solve_2bcee788,true,28,26,"add,argmax,argmin,asobject,astuple,branch,compose,first,hline,hmirror,last,matcher,mostcolor,multiply,objects,paint,position,replace,sfilter,shape,shift,subgrid,ulcorner,vmirror",4,4,1,1,227,262,true,false,216,27740,28674,14.736254,0.39475946414639285,arc-gen[0]:output_mismatch;arc-gen[6]:output_mismatch;arc-gen[9]:output_mismatch;arc-gen[18]:output_mismatch;arc-gen[30]:output_mismatch;arc-gen[38]:output_mismatch;arc-gen[46]:output_mismatch;arc-gen[61]:output_mismatch
task260,a78176bb,solve_a78176bb,true,26,24,"apply,colorfilter,combine,compose,difference,fill,fork,lbind,mapply,matcher,objects,other,palette,rbind,remove,replace,sfilter",3,3,1,1,262,262,true,true,28,12716,12857,15.538356,0.39423515371184376,
task104,4522001f,solve_4522001f,true,24,22,"astuple,branch,canvas,combine,contained,first,initset,objects,paint,rot180,rot270,rot90,shape,shift,toindices,upscale",2,2,1,1,4,4,true,true,21,4768,5758,16.341655,0.39356115778055084,
task383,f1cefba8,solve_f1cefba8,true,32,30,"asindices,combine,difference,fill,first,fork,intersection,leastcolor,lowermost,mapply,matcher,objects,ofcolor,other,palette,power,remove,sfilter,shift,subgrid,ulcorner,uppermost,x7",3,3,1,1,214,262,true,false,57,127288,127317,13.245565,0.39181451061472344,arc-gen[0]:output_mismatch;arc-gen[1]:output_mismatch;arc-gen[9]:output_mismatch;arc-gen[17]:output_mismatch;arc-gen[31]:output_mismatch;arc-gen[33]:output_mismatch;arc-gen[36]:output_mismatch;arc-gen[45]:output_mismatch
task086,3befdf3e,solve_3befdf3e,true,28,26,"chain,compose,fill,fork,initset,lbind,leastcolor,mapply,objects,other,palette,remove,switch,underfill",3,3,1,1,255,262,true,false,42,26124,26349,14.820814,0.39150713856097025,arc-gen[0]:output_mismatch;arc-gen[31]:output_mismatch;arc-gen[66]:output_mismatch;arc-gen[128]:output_mismatch;arc-gen[129]:output_mismatch;arc-gen[179]:output_mismatch;arc-gen[196]:output_mismatch
task394,f9012d9b,solve_f9012d9b,true,24,22,"apply,asobject,astuple,chain,extract,hperiod,hsplit,lbind,mapply,mfilter,neighbors,objects,ofcolor,paint,rbind,subgrid,vperiod,vsplit",3,3,1,1,220,262,true,false,80,4992,5027,16.477421,0.38738993925875354,arc-gen[3]:StopIteration;arc-gen[5]:StopIteration;arc-gen[14]:StopIteration;arc-gen[17]:StopIteration;arc-gen[18]:output_mismatch;arc-gen[21]:StopIteration;arc-gen[28]:StopIteration;arc-gen[32]:output_mismatch
task357,e179c5f4,solve_e179c5f4,true,25,23,"astuple,crop,decrement,fill,first,height,hmirror,merge,ofcolor,repeat,replace,shoot,subgrid,ulcorner,urcorner,width",3,3,1,1,4,9,true,false,24,6749,6789,16.176941,0.3836112580131152,arc-gen[0]:output_mismatch;arc-gen[2]:output_mismatch;arc-gen[3]:output_mismatch;arc-gen[4]:output_mismatch;arc-gen[7]:output_mismatch
task323,d06dbe63,solve_d06dbe63,true,25,23,"apply,astuple,center,combine,connect,fill,interval,lbind,mapply,ofcolor,rot180,shift,subtract,toivec",2,2,1,1,157,169,true,false,10,5297,5942,16.310199,0.37781743721837185,arc-gen[16]:output_mismatch;arc-gen[37]:output_mismatch;arc-gen[41]:output_mismatch;arc-gen[49]:output_mismatch;arc-gen[65]:output_mismatch;arc-gen[69]:output_mismatch;arc-gen[103]:output_mismatch;arc-gen[106]:output_mismatch
task149,6773b310,solve_6773b310,true,19,17,"apply,astuple,compress,downscale,fill,fork,insert,matcher,mfilter,neighbors,rbind,replace,shift",4,4,1,1,262,262,true,true,4,508,599,18.604738,0.3761918587126735,
task018,0e206a2e,solve_0e206a2e,true,37,35,"apply,argmax,astuple,chain,combine,compose,cover,fork,lbind,mapply,merge,objects,paint,palette,product,rbind,remove,sfilter,totuple",3,3,1,1,68,262,true,false,192,477441,478435,11.921724,0.37366501827078785,arc-gen[0]:output_mismatch;arc-gen[2]:output_mismatch;arc-gen[3]:output_mismatch;arc-gen[5]:output_mismatch;arc-gen[6]:output_mismatch;arc-gen[8]:output_mismatch;arc-gen[9]:output_mismatch;arc-gen[10]:output_mismatch
task080,39e1d7f9,solve_39e1d7f9,true,32,30,"add,apply,argmax,asobject,chain,color,colorfilter,crop,decrement,fgpartition,increment,last,lbind,mapply,mostcolor,multiply,objects,order,paint,power,rbind,remove,shape,subtract,ulcorner",3,3,1,1,212,262,true,false,123,42819,43036,14.330208,0.35565974179046,arc-gen[1]:output_mismatch;arc-gen[2]:output_mismatch;arc-gen[3]:output_mismatch;arc-gen[13]:output_mismatch;arc-gen[19]:output_mismatch;arc-gen[29]:output_mismatch;arc-gen[33]:output_mismatch;arc-gen[35]:output_mismatch
task033,1e32b0e9,solve_1e32b0e9,true,33,31,"apply,asobject,astuple,compose,crop,difference,divide,extract,first,height,initset,interval,lbind,mapply,matcher,mostcolor,palette,papply,partition,product,subtract,totuple,underfill",3,3,1,1,261,261,true,true,16,55432,55481,14.076204,0.3523805128638602,
task157,6a1e5592,solve_6a1e5592,true,35,33,"apply,asindices,astuple,chain,colorfilter,compose,cover,crop,fill,fork,lbind,mapply,merge,objects,ofcolor,rbind,width",2,2,1,1,90,262,true,false,3232,80351,81002,13.697771,0.3424917916578113,arc-gen[0]:output_mismatch;arc-gen[1]:output_mismatch;arc-gen[2]:output_mismatch;arc-gen[3]:output_mismatch;arc-gen[5]:output_mismatch;arc-gen[6]:output_mismatch;arc-gen[7]:output_mismatch;arc-gen[8]:output_mismatch
task324,d07ae81c,solve_d07ae81c,true,34,32,"apply,branch,center,color,compose,difference,equality,fill,first,fork,intersection,last,mapply,mostcolor,neighbors,objects,ofcolor,other,rbind,sizefilter,toobject",3,3,1,1,259,262,true,false,52,50836,52508,14.131279,0.3396475255601031,arc-gen[96]:output_mismatch;arc-gen[116]:output_mismatch;arc-gen[208]:output_mismatch
task268,aba27056,solve_aba27056,true,32,30,"apply,box,chain,compose,corners,delta,difference,fill,fork,interval,lbind,mapply,matcher,objects,ofcolor,position,product,rbind,sfilter",3,3,1,1,174,262,true,false,180,22928,23026,14.955621,0.3348126430411203,arc-gen[1]:output_mismatch;arc-gen[7]:output_mismatch;arc-gen[11]:output_mismatch;arc-gen[15]:output_mismatch;arc-gen[17]:output_mismatch;arc-gen[19]:output_mismatch;arc-gen[20]:output_mismatch;arc-gen[23]:output_mismatch
task058,28e73c20,solve_28e73c20,true,33,31,"astuple,branch,canvas,chain,compose,even,fill,fork,hupscale,initset,insert,lbind,power,rbind,subtract,upscale,vupscale,width,x30",5,5,1,1,16,16,true,true,16,22649,29075,14.722366,0.3315365799157053,
task235,995c5fa3,solve_995c5fa3,true,25,23,"apply,astuple,chain,compose,fork,hsplit,hupscale,matcher,merge,power,rbind",4,4,1,1,64,64,true,true,35,1722,1836,17.484655,0.3267541117904537,
task163,6d0160f0,solve_6d0160f0,true,34,32,"asindices,astuple,branch,crop,first,greater,initset,insert,last,lbind,mapply,multiply,ofcolor,paint,product,recolor,replace,shift,toobject",4,4,1,1,262,262,true,true,68,27466,29111,14.721129,0.32121473089393243,
task390,f8a8fe49,solve_f8a8fe49,true,34,32,"apply,branch,colorfilter,compose,double,first,increment,invert,last,objects,ofcolor,paint,portrait,replace,shift,subgrid,trim,ulcorner,x21,x25,x6,x7",3,3,1,1,127,262,true,false,43,25880,26847,14.802091,0.31868466755784275,arc-gen[1]:output_mismatch;arc-gen[2]:output_mismatch;arc-gen[4]:output_mismatch;arc-gen[5]:output_mismatch;arc-gen[7]:output_mismatch;arc-gen[9]:output_mismatch;arc-gen[11]:output_mismatch;arc-gen[13]:output_mismatch
task328,d22278a0,solve_d22278a0,true,37,35,"asindices,chain,compose,fork,lbind,mapply,objects,paint,rbind",4,4,1,1,262,262,true,true,102,68333,69459,13.851508,0.31852834084055165,
task119,508bd3b6,solve_508bd3b6,true,34,32,"add,argmax,argmin,branch,connect,double,equality,extract,fill,first,flip,index,last,multiply,objects,paint,rbind,subtract,ulcorner,urcorner,width",3,3,1,1,261,262,true,false,140,16763,16863,15.267123,0.30415241098969326,arc-gen[222]:output_mismatch
task118,50846271,solve_50846271,true,41,39,"apply,chain,colorfilter,compose,fill,fork,halve,lbind,mapply,mfilter,objects,ofcolor,prapply,rbind,toivec,tojvec,valmax",4,4,1,1,130,262,true,false,67,116524,116666,13.332930,0.2991556520639858,arc-gen[1]:output_mismatch;arc-gen[4]:output_mismatch;arc-gen[7]:output_mismatch;arc-gen[8]:output_mismatch;arc-gen[13]:output_mismatch;arc-gen[15]:output_mismatch;arc-gen[16]:output_mismatch;arc-gen[20]:output_mismatch
task089,3e980e27,solve_3e980e27,true,39,37,"argmax,astuple,chain,combine,compose,fork,initset,insert,invert,lbind,mapply,objects,paint,rbind,remove,sfilter,vmirror,x14,x27,x33",4,4,1,1,262,262,true,true,180,50383,50481,14.170648,0.29268519748228533,
task284,b7249182,solve_b7249182,true,42,40,"add,astuple,branch,centerofmass,color,combine,compose,connect,cover,fill,first,initset,insert,last,llcorner,lrcorner,merge,objects,order,paint,portrait,shift,toobject,ulcorner,urcorner,x12,x4",3,3,1,1,262,262,true,true,125,114400,116376,13.335418,0.2916145401863325,
task117,4c5c2cf0,solve_4c5c2cf0,true,36,34,"center,color,compose,extract,first,fork,hmirror,matcher,objects,paint,rbind,shift,subgrid,subtract,vmirror",3,3,1,1,186,261,true,false,74,18867,19024,15.146543,0.2898075476156048,arc-gen[0]:output_mismatch;arc-gen[4]:StopIteration;arc-gen[9]:output_mismatch;arc-gen[10]:StopIteration;arc-gen[11]:output_mismatch;arc-gen[18]:output_mismatch;arc-gen[21]:output_mismatch;arc-gen[32]:output_mismatch
task185,7837ac64,solve_7837ac64,true,40,38,"argmax,chain,colorfilter,compose,downscale,fgpartition,first,fork,height,increment,interval,lbind,mapply,matcher,merge,objects,paint,power,rbind,remove,sfilter,subgrid,x36,x6",4,4,1,1,262,262,true,true,242,60045,60112,13.996035,0.289578020205625,
task280,b527c5c6,solve_b527c5c6,true,42,40,"chain,combine,compose,difference,fill,fork,lbind,mapply,matcher,objects,rbind,sfilter,underfill",4,4,1,1,262,262,true,true,144,86808,87688,13.618460,0.284538508472389,
task240,9d9215db,solve_9d9215db,true,43,41,"apply,argmax,chain,combine,compose,cover,fork,initset,insert,lbind,mapply,paint,papply,partition,rbind,rot180,rot270,rot90,sizefilter,tojvec,vmirror",3,3,1,1,262,262,true,true,11,79144,92879,13.560947,0.27900128901788485,
task255,a64e4611,solve_a64e4611,true,50,48,"asindices,astuple,chain,compose,fill,fork,interval,lbind,matcher,multiply,ofcolor,rbind,sfilter,x20",3,3,1,1,128,261,true,false,597,652434,654642,11.608156,0.27899674583980955,arc-gen[0]:output_mismatch;arc-gen[2]:output_mismatch;arc-gen[7]:output_mismatch;arc-gen[10]:output_mismatch;arc-gen[12]:output_mismatch;arc-gen[14]:output_mismatch;arc-gen[15]:output_mismatch;arc-gen[18]:output_mismatch
task023,150deff5,solve_150deff5,true,42,40,"asobject,astuple,canvas,dmirror,fill,hmirror,lbind,mapply,occurrences,vconcat,vmirror",3,3,1,1,51,262,true,false,373,68865,68910,13.859443,0.27851391460878133,arc-gen[0]:output_mismatch;arc-gen[1]:output_mismatch;arc-gen[2]:output_mismatch;arc-gen[3]:output_mismatch;arc-gen[4]:output_mismatch;arc-gen[5]:output_mismatch;arc-gen[9]:output_mismatch;arc-gen[10]:output_mismatch
task054,264363fd,solve_264363fd,true,46,44,"add,argmin,astuple,branch,center,compose,cover,equality,fill,fork,height,index,initset,invert,lbind,mapply,mostcolor,normalize,objects,occurrences,ofcolor,paint,rbind,shift,width",3,3,1,1,262,262,true,true,107,151287,151448,13.072002,0.2710908547884033,
task096,4290ef0e,solve_4290ef0e,true,47,45,"apply,astuple,branch,canvas,chain,compose,contained,decrement,double,fgpartition,fork,increment,interval,lbind,mostcolor,mpapply,objects,order,paint,pair,rbind,rot90,size",3,3,1,1,202,262,true,false,457,195582,196519,12.811486,0.2708558755050896,arc-gen[3]:output_mismatch;arc-gen[4]:output_mismatch;arc-gen[12]:output_mismatch;arc-gen[15]:output_mismatch;arc-gen[20]:output_mismatch;arc-gen[27]:output_mismatch;arc-gen[28]:output_mismatch;arc-gen[30]:output_mismatch
task382,f15e1fac,solve_f15e1fac,true,47,45,"apply,branch,chain,compose,equality,fill,fork,height,increment,insert,interval,lbind,leftmost,mapply,merge,ofcolor,order,pair,papply,portrait,rbind,size,uppermost,x12,x3,x44,x7",3,3,1,1,160,262,true,false,246,97820,98202,13.505218,0.25543959690519863,arc-gen[6]:output_mismatch;arc-gen[11]:output_mismatch;arc-gen[15]:output_mismatch;arc-gen[17]:output_mismatch;arc-gen[22]:output_mismatch;arc-gen[23]:output_mismatch;arc-gen[29]:output_mismatch;arc-gen[33]:output_mismatch
task154,6855a6e4,solve_6855a6e4,true,43,41,"add,apply,branch,colorfilter,compose,cover,extract,fgpartition,first,height,hmirror,matcher,merge,objects,ofcolor,paint,portrait,recolor,rot270,rot90,shift,subgrid,subtract,toivec,ulcorner,valmin",3,3,1,1,177,262,true,false,46,34312,35302,14.528305,0.25540719264732253,arc-gen[13]:output_mismatch;arc-gen[14]:output_mismatch;arc-gen[15]:output_mismatch;arc-gen[22]:output_mismatch;arc-gen[23]:output_mismatch;arc-gen[25]:output_mismatch;arc-gen[27]:output_mismatch;arc-gen[31]:output_mismatch
task191,7df24a62,solve_7df24a62,true,47,45,"apply,astuple,chain,combine,compose,fill,fork,height,lbind,matcher,mpapply,ofcolor,papply,rbind,rot180,rot270,rot90,subgrid,ulcorner,width",4,4,1,1,249,262,true,false,200,88776,89263,13.600658,0.2533187188288457,arc-gen[12]:output_mismatch;arc-gen[27]:output_mismatch;arc-gen[67]:output_mismatch;arc-gen[111]:output_mismatch;arc-gen[118]:output_mismatch;arc-gen[125]:output_mismatch;arc-gen[150]:output_mismatch;arc-gen[155]:output_mismatch
task066,2dd70a9a,solve_2dd70a9a,true,49,47,"add,argmax,astuple,both,branch,center,colorfilter,combine,compose,connect,cover,crement,difference,fill,gravitate,greater,initset,merge,objects,ofcolor,other,rbind,replace,sfilter,shoot,subtract,underfill,vline,x11,x13,x6",3,3,1,1,153,262,true,false,326,104180,104318,13.444801,0.24585530223824592,arc-gen[0]:ValueError;arc-gen[1]:ValueError;arc-gen[2]:output_mismatch;arc-gen[5]:output_mismatch;arc-gen[7]:ValueError;arc-gen[8]:output_mismatch;arc-gen[10]:ValueError;arc-gen[12]:output_mismatch
task046,234bbc79,solve_234bbc79,true,45,43,"apply,astuple,canvas,chain,compose,decrement,first,fork,initset,lbind,objects,order,paint,power,rbind,size,width,x35",4,4,1,1,262,262,true,true,73,34466,35332,14.527456,0.24354754297360517,
task233,97a05b5b,solve_97a05b5b,true,62,60,"apply,argmax,astuple,chain,combine,compose,fork,lbind,mapply,matcher,objects,paint,palette,product,rbind,sfilter,subgrid,switch,x50",3,3,1,1,239,262,true,false,2420,1668098,1678240,10.666744,0.23888760305325718,arc-gen[21]:output_mismatch;arc-gen[30]:output_mismatch;arc-gen[34]:output_mismatch;arc-gen[40]:output_mismatch;arc-gen[52]:output_mismatch;arc-gen[53]:output_mismatch;arc-gen[60]:output_mismatch;arc-gen[69]:output_mismatch
task285,b775ac94,solve_b775ac94,true,59,57,"chain,compose,fork,lbind,mapply,objects,paint,rbind,x25,x30,x38",3,3,1,1,260,261,true,false,279,399722,404340,12.089989,0.2264914278450582,arc-gen[165]:output_mismatch
task179,74dd1130,solve_74dd1130,true,3,1,dmirror,4,4,1,1,262,262,true,true,1,0,0,25.000000,0.0,
task241,9dfd6313,solve_9dfd6313,true,3,1,dmirror,3,3,1,1,262,262,true,true,1,0,0,25.000000,0.0,
task361,e40b9e2f,solve_e40b9e2f,true,22,20,"apply,argmax,compose,first,lbind,mapply,neighbors,objects,paint,x15,x6",2,3,0,1,87,262,false,false,60,17698,17973,15.203374,0.0,train[0]:output_mismatch;test[0]:output_mismatch;arc-gen[0]:output_mismatch;arc-gen[1]:output_mismatch;arc-gen[5]:output_mismatch;arc-gen[6]:output_mismatch;arc-gen[8]:output_mismatch;arc-gen[9]:output_mismatch
