task_id,best_model_path,source_id,method,local_correct,local_cost,lb_delta_if_known,last_changed_exp_id,status,notes
task001,E:\Jitter\kagglegolf\data\external\public_bundles\beicicc_6645\extracted\task001.onnx,SRC_KAGGLE_NOTEBOOK_BEICICC_6645,public_full_replace,false,,,GOLF_20260607_004_public_notebook_full_replace,candidate,risk=medium; pending LB delta
task002,E:\Jitter\kagglegolf\data\external\public_bundles\beicicc_6645\extracted\task002.onnx,SRC_KAGGLE_NOTEBOOK_BEICICC_6645,public_full_replace,false,,,GOLF_20260607_004_public_notebook_full_replace,candidate,risk=medium; pending LB delta
task003,E:\Jitter\kagglegolf\data\external\public_bundles\beicicc_6645\extracted\task003.onnx,SRC_KAGGLE_NOTEBOOK_BEICICC_6645,public_full_replace,false,,,GOLF_20260607_004_public_notebook_full_replace,candidate,risk=medium; pending LB delta
task004,E:\Jitter\kagglegolf\data\external\public_bundles\beicicc_6645\extracted\task004.onnx,SRC_KAGGLE_NOTEBOOK_BEICICC_6645,public_full_replace,false,,,GOLF_20260607_004_public_notebook_full_replace,candidate,risk=medium; pending LB delta
task005,E:\Jitter\kagglegolf\data\external\public_bundles\beicicc_6645\extracted\task005.onnx,SRC_KAGGLE_NOTEBOOK_BEICICC_6645,public_full_replace,false,,,GOLF_20260607_004_public_notebook_full_replace,candidate,risk=medium; pending LB delta
task006,E:\Jitter\kagglegolf\data\external\public_bundles\beicicc_6645\extracted\task006.onnx,SRC_KAGGLE_NOTEBOOK_BEICICC_6645,public_full_replace,false,,,GOLF_20260607_004_public_notebook_full_replace,candidate,risk=medium; pending LB delta
task007,E:\Jitter\kagglegolf\data\external\public_bundles\beicicc_6645\extracted\task007.onnx,SRC_KAGGLE_NOTEBOOK_BEICICC_6645,public_full_replace,false,,,GOLF_20260607_004_public_notebook_full_replace,candidate,risk=medium; pending LB delta
task008,E:\Jitter\kagglegolf\data\external\public_bundles\beicicc_6645\extracted\task008.onnx,SRC_KAGGLE_NOTEBOOK_BEICICC_6645,public_full_replace,false,,,GOLF_20260607_004_public_notebook_full_replace,candidate,risk=medium; pending LB delta
task009,E:\Jitter\kagglegolf\data\external\public_bundles\beicicc_6645\extracted\task009.onnx,SRC_KAGGLE_NOTEBOOK_BEICICC_6645,public_full_replace,false,,,GOLF_20260607_004_public_notebook_full_replace,candidate,risk=medium; pending LB delta
task010,E:\Jitter\kagglegolf\data\external\public_bundles\beicicc_6645\extracted\task010.onnx,SRC_KAGGLE_NOTEBOOK_BEICICC_6645,public_full_replace,false,,,GOLF_20260607_004_public_notebook_full_replace,candidate,risk=medium; pending LB delta
task011,E:\Jitter\kagglegolf\data\external\public_bundles\beicicc_6645\extracted\task011.onnx,SRC_KAGGLE_NOTEBOOK_BEICICC_6645,public_full_replace,false,,,GOLF_20260607_004_public_notebook_full_replace,candidate,risk=medium; pending LB delta
task012,E:\Jitter\kagglegolf\data\external\public_bundles\beicicc_6645\extracted\task012.onnx,SRC_KAGGLE_NOTEBOOK_BEICICC_6645,public_full_replace,false,,,GOLF_20260607_004_public_notebook_full_replace,candidate,risk=medium; pending LB delta
task013,E:\Jitter\kagglegolf\data\external\public_bundles\beicicc_6645\extracted\task013.onnx,SRC_KAGGLE_NOTEBOOK_BEICICC_6645,public_full_replace,false,,,GOLF_20260607_004_public_notebook_full_replace,candidate,risk=medium; pending LB delta
task014,E:\Jitter\kagglegolf\data\external\public_bundles\beicicc_6645\extracted\task014.onnx,SRC_KAGGLE_NOTEBOOK_BEICICC_6645,public_full_replace,false,,,GOLF_20260607_004_public_notebook_full_replace,candidate,risk=medium; pending LB delta
task015,E:\Jitter\kagglegolf\data\external\public_bundles\beicicc_6645\extracted\task015.onnx,SRC_KAGGLE_NOTEBOOK_BEICICC_6645,public_full_replace,false,,,GOLF_20260607_004_public_notebook_full_replace,candidate,risk=medium; pending LB delta
task016,E:\Jitter\kagglegolf\data\external\public_bundles\beicicc_6645\extracted\task016.onnx,SRC_KAGGLE_NOTEBOOK_BEICICC_6645,public_full_replace,false,,,GOLF_20260607_004_public_notebook_full_replace,candidate,risk=medium; pending LB delta
task017,E:\Jitter\kagglegolf\data\external\public_bundles\beicicc_6645\extracted\task017.onnx,SRC_KAGGLE_NOTEBOOK_BEICICC_6645,public_full_replace,false,,,GOLF_20260607_004_public_notebook_full_replace,candidate,risk=medium; pending LB delta
task018,E:\Jitter\kagglegolf\data\external\public_bundles\beicicc_6645\extracted\task018.onnx,SRC_KAGGLE_NOTEBOOK_BEICICC_6645,public_full_replace,false,,,GOLF_20260607_004_public_notebook_full_replace,candidate,risk=medium; pending LB delta
task019,E:\Jitter\kagglegolf\data\external\public_bundles\beicicc_6645\extracted\task019.onnx,SRC_KAGGLE_NOTEBOOK_BEICICC_6645,public_full_replace,false,,,GOLF_20260607_004_public_notebook_full_replace,candidate,risk=medium; pending LB delta
task020,E:\Jitter\kagglegolf\data\external\public_bundles\beicicc_6645\extracted\task020.onnx,SRC_KAGGLE_NOTEBOOK_BEICICC_6645,public_full_replace,false,,,GOLF_20260607_004_public_notebook_full_replace,candidate,risk=medium; pending LB delta
task021,E:\Jitter\kagglegolf\data\external\public_bundles\beicicc_6645\extracted\task021.onnx,SRC_KAGGLE_NOTEBOOK_BEICICC_6645,public_full_replace,false,,,GOLF_20260607_004_public_notebook_full_replace,candidate,risk=medium; pending LB delta
task022,E:\Jitter\kagglegolf\data\external\public_bundles\beicicc_6645\extracted\task022.onnx,SRC_KAGGLE_NOTEBOOK_BEICICC_6645,public_full_replace,false,,,GOLF_20260607_004_public_notebook_full_replace,candidate,risk=medium; pending LB delta
task023,E:\Jitter\kagglegolf\data\external\public_bundles\beicicc_6645\extracted\task023.onnx,SRC_KAGGLE_NOTEBOOK_BEICICC_6645,public_full_replace,false,,,GOLF_20260607_004_public_notebook_full_replace,candidate,risk=medium; pending LB delta
task024,E:\Jitter\kagglegolf\data\external\public_bundles\beicicc_6645\extracted\task024.onnx,SRC_KAGGLE_NOTEBOOK_BEICICC_6645,public_full_replace,false,,,GOLF_20260607_004_public_notebook_full_replace,candidate,risk=medium; pending LB delta
task025,E:\Jitter\kagglegolf\data\external\public_bundles\beicicc_6645\extracted\task025.onnx,SRC_KAGGLE_NOTEBOOK_BEICICC_6645,public_full_replace,false,,,GOLF_20260607_004_public_notebook_full_replace,candidate,risk=medium; pending LB delta
task026,E:\Jitter\kagglegolf\data\external\public_bundles\beicicc_6645\extracted\task026.onnx,SRC_KAGGLE_NOTEBOOK_BEICICC_6645,public_full_replace,false,,,GOLF_20260607_004_public_notebook_full_replace,candidate,risk=medium; pending LB delta
task027,E:\Jitter\kagglegolf\data\external\public_bundles\beicicc_6645\extracted\task027.onnx,SRC_KAGGLE_NOTEBOOK_BEICICC_6645,public_full_replace,false,,,GOLF_20260607_004_public_notebook_full_replace,candidate,risk=medium; pending LB delta
task028,E:\Jitter\kagglegolf\data\external\public_bundles\beicicc_6645\extracted\task028.onnx,SRC_KAGGLE_NOTEBOOK_BEICICC_6645,public_full_replace,false,,,GOLF_20260607_004_public_notebook_full_replace,candidate,risk=medium; pending LB delta
task029,E:\Jitter\kagglegolf\data\external\public_bundles\beicicc_6645\extracted\task029.onnx,SRC_KAGGLE_NOTEBOOK_BEICICC_6645,public_full_replace,false,,,GOLF_20260607_004_public_notebook_full_replace,candidate,risk=medium; pending LB delta
task030,E:\Jitter\kagglegolf\data\external\public_bundles\beicicc_6645\extracted\task030.onnx,SRC_KAGGLE_NOTEBOOK_BEICICC_6645,public_full_replace,false,,,GOLF_20260607_004_public_notebook_full_replace,candidate,risk=medium; pending LB delta
task031,E:\Jitter\kagglegolf\data\external\public_bundles\beicicc_6645\extracted\task031.onnx,SRC_KAGGLE_NOTEBOOK_BEICICC_6645,public_full_replace,false,,,GOLF_20260607_004_public_notebook_full_replace,candidate,risk=medium; pending LB delta
task032,E:\Jitter\kagglegolf\data\external\public_bundles\beicicc_6645\extracted\task032.onnx,SRC_KAGGLE_NOTEBOOK_BEICICC_6645,public_full_replace,false,,,GOLF_20260607_004_public_notebook_full_replace,candidate,risk=medium; pending LB delta
task033,E:\Jitter\kagglegolf\data\external\public_bundles\beicicc_6645\extracted\task033.onnx,SRC_KAGGLE_NOTEBOOK_BEICICC_6645,public_full_replace,false,,,GOLF_20260607_004_public_notebook_full_replace,candidate,risk=medium; pending LB delta
task034,E:\Jitter\kagglegolf\data\external\public_bundles\beicicc_6645\extracted\task034.onnx,SRC_KAGGLE_NOTEBOOK_BEICICC_6645,public_full_replace,false,,,GOLF_20260607_004_public_notebook_full_replace,candidate,risk=medium; pending LB delta
task035,E:\Jitter\kagglegolf\data\external\public_bundles\beicicc_6645\extracted\task035.onnx,SRC_KAGGLE_NOTEBOOK_BEICICC_6645,public_full_replace,false,,,GOLF_20260607_004_public_notebook_full_replace,candidate,risk=medium; pending LB delta
task036,E:\Jitter\kagglegolf\data\external\public_bundles\beicicc_6645\extracted\task036.onnx,SRC_KAGGLE_NOTEBOOK_BEICICC_6645,public_full_replace,false,,,GOLF_20260607_004_public_notebook_full_replace,candidate,risk=medium; pending LB delta
task037,E:\Jitter\kagglegolf\data\external\public_bundles\beicicc_6645\extracted\task037.onnx,SRC_KAGGLE_NOTEBOOK_BEICICC_6645,public_full_replace,false,,,GOLF_20260607_004_public_notebook_full_replace,candidate,risk=medium; pending LB delta
task038,E:\Jitter\kagglegolf\data\external\public_bundles\beicicc_6645\extracted\task038.onnx,SRC_KAGGLE_NOTEBOOK_BEICICC_6645,public_full_replace,false,,,GOLF_20260607_004_public_notebook_full_replace,candidate,risk=medium; pending LB delta
task039,E:\Jitter\kagglegolf\data\external\public_bundles\beicicc_6645\extracted\task039.onnx,SRC_KAGGLE_NOTEBOOK_BEICICC_6645,public_full_replace,false,,,GOLF_20260607_004_public_notebook_full_replace,candidate,risk=medium; pending LB delta
task040,E:\Jitter\kagglegolf\data\external\public_bundles\beicicc_6645\extracted\task040.onnx,SRC_KAGGLE_NOTEBOOK_BEICICC_6645,public_full_replace,false,,,GOLF_20260607_004_public_notebook_full_replace,candidate,risk=medium; pending LB delta
task041,E:\Jitter\kagglegolf\data\external\public_bundles\beicicc_6645\extracted\task041.onnx,SRC_KAGGLE_NOTEBOOK_BEICICC_6645,public_full_replace,false,,,GOLF_20260607_004_public_notebook_full_replace,candidate,risk=medium; pending LB delta
task042,E:\Jitter\kagglegolf\data\external\public_bundles\beicicc_6645\extracted\task042.onnx,SRC_KAGGLE_NOTEBOOK_BEICICC_6645,public_full_replace,false,,,GOLF_20260607_004_public_notebook_full_replace,candidate,risk=medium; pending LB delta
task043,E:\Jitter\kagglegolf\data\external\public_bundles\beicicc_6645\extracted\task043.onnx,SRC_KAGGLE_NOTEBOOK_BEICICC_6645,public_full_replace,false,,,GOLF_20260607_004_public_notebook_full_replace,candidate,risk=medium; pending LB delta
task044,E:\Jitter\kagglegolf\data\external\public_bundles\beicicc_6645\extracted\task044.onnx,SRC_KAGGLE_NOTEBOOK_BEICICC_6645,public_full_replace,false,,,GOLF_20260607_004_public_notebook_full_replace,candidate,risk=medium; pending LB delta
task045,E:\Jitter\kagglegolf\data\external\public_bundles\beicicc_6645\extracted\task045.onnx,SRC_KAGGLE_NOTEBOOK_BEICICC_6645,public_full_replace,false,,,GOLF_20260607_004_public_notebook_full_replace,candidate,risk=medium; pending LB delta
task046,E:\Jitter\kagglegolf\data\external\public_bundles\beicicc_6645\extracted\task046.onnx,SRC_KAGGLE_NOTEBOOK_BEICICC_6645,public_full_replace,false,,,GOLF_20260607_004_public_notebook_full_replace,candidate,risk=medium; pending LB delta
task047,E:\Jitter\kagglegolf\data\external\public_bundles\beicicc_6645\extracted\task047.onnx,SRC_KAGGLE_NOTEBOOK_BEICICC_6645,public_full_replace,false,,,GOLF_20260607_004_public_notebook_full_replace,candidate,risk=medium; pending LB delta
task048,E:\Jitter\kagglegolf\data\external\public_bundles\beicicc_6645\extracted\task048.onnx,SRC_KAGGLE_NOTEBOOK_BEICICC_6645,public_full_replace,false,,,GOLF_20260607_004_public_notebook_full_replace,candidate,risk=medium; pending LB delta
task049,E:\Jitter\kagglegolf\data\external\public_bundles\beicicc_6645\extracted\task049.onnx,SRC_KAGGLE_NOTEBOOK_BEICICC_6645,public_full_replace,false,,,GOLF_20260607_004_public_notebook_full_replace,candidate,risk=medium; pending LB delta
task050,E:\Jitter\kagglegolf\data\external\public_bundles\beicicc_6645\extracted\task050.onnx,SRC_KAGGLE_NOTEBOOK_BEICICC_6645,public_full_replace,false,,,GOLF_20260607_004_public_notebook_full_replace,candidate,risk=medium; pending LB delta
task051,E:\Jitter\kagglegolf\data\external\public_bundles\beicicc_6645\extracted\task051.onnx,SRC_KAGGLE_NOTEBOOK_BEICICC_6645,public_full_replace,false,,,GOLF_20260607_004_public_notebook_full_replace,candidate,risk=medium; pending LB delta
task052,E:\Jitter\kagglegolf\data\external\public_bundles\beicicc_6645\extracted\task052.onnx,SRC_KAGGLE_NOTEBOOK_BEICICC_6645,public_full_replace,false,,,GOLF_20260607_004_public_notebook_full_replace,candidate,risk=medium; pending LB delta
task053,E:\Jitter\kagglegolf\data\external\public_bundles\beicicc_6645\extracted\task053.onnx,SRC_KAGGLE_NOTEBOOK_BEICICC_6645,public_full_replace,false,,,GOLF_20260607_004_public_notebook_full_replace,candidate,risk=medium; pending LB delta
task054,E:\Jitter\kagglegolf\data\external\public_bundles\jsrdcht_6029_submission_bundle\extracted\task054.onnx,SRC_KAGGLE_NOTEBOOK_JSRDCHT_6029,high_risk_boundary_or_unknown,true,182956,,GOLF_20260607_002_public_6029_aggressive_mix,candidate,risk=high; pending LB delta
task055,E:\Jitter\kagglegolf\data\external\public_bundles\beicicc_6645\extracted\task055.onnx,SRC_KAGGLE_NOTEBOOK_BEICICC_6645,public_full_replace,false,,,GOLF_20260607_004_public_notebook_full_replace,candidate,risk=medium; pending LB delta
task056,E:\Jitter\kagglegolf\data\external\public_bundles\beicicc_6645\extracted\task056.onnx,SRC_KAGGLE_NOTEBOOK_BEICICC_6645,public_full_replace,false,,,GOLF_20260607_004_public_notebook_full_replace,candidate,risk=medium; pending LB delta
task057,E:\Jitter\kagglegolf\data\external\public_bundles\beicicc_6645\extracted\task057.onnx,SRC_KAGGLE_NOTEBOOK_BEICICC_6645,public_full_replace,false,,,GOLF_20260607_004_public_notebook_full_replace,candidate,risk=medium; pending LB delta
task058,E:\Jitter\kagglegolf\data\external\public_bundles\beicicc_6645\extracted\task058.onnx,SRC_KAGGLE_NOTEBOOK_BEICICC_6645,public_full_replace,false,,,GOLF_20260607_004_public_notebook_full_replace,candidate,risk=medium; pending LB delta
task059,E:\Jitter\kagglegolf\data\external\public_bundles\beicicc_6645\extracted\task059.onnx,SRC_KAGGLE_NOTEBOOK_BEICICC_6645,public_full_replace,false,,,GOLF_20260607_004_public_notebook_full_replace,candidate,risk=medium; pending LB delta
task060,E:\Jitter\kagglegolf\data\external\public_bundles\beicicc_6645\extracted\task060.onnx,SRC_KAGGLE_NOTEBOOK_BEICICC_6645,public_full_replace,false,,,GOLF_20260607_004_public_notebook_full_replace,candidate,risk=medium; pending LB delta
task061,E:\Jitter\kagglegolf\data\external\public_bundles\beicicc_6645\extracted\task061.onnx,SRC_KAGGLE_NOTEBOOK_BEICICC_6645,public_full_replace,false,,,GOLF_20260607_004_public_notebook_full_replace,candidate,risk=medium; pending LB delta
task062,E:\Jitter\kagglegolf\data\external\public_bundles\beicicc_6645\extracted\task062.onnx,SRC_KAGGLE_NOTEBOOK_BEICICC_6645,public_full_replace,false,,,GOLF_20260607_004_public_notebook_full_replace,candidate,risk=medium; pending LB delta
task063,E:\Jitter\kagglegolf\data\external\public_bundles\beicicc_6645\extracted\task063.onnx,SRC_KAGGLE_NOTEBOOK_BEICICC_6645,public_full_replace,false,,,GOLF_20260607_004_public_notebook_full_replace,candidate,risk=medium; pending LB delta
task064,E:\Jitter\kagglegolf\data\external\public_bundles\beicicc_6645\extracted\task064.onnx,SRC_KAGGLE_NOTEBOOK_BEICICC_6645,public_full_replace,false,,,GOLF_20260607_004_public_notebook_full_replace,candidate,risk=medium; pending LB delta
task065,E:\Jitter\kagglegolf\data\external\public_bundles\beicicc_6645\extracted\task065.onnx,SRC_KAGGLE_NOTEBOOK_BEICICC_6645,public_full_replace,false,,,GOLF_20260607_004_public_notebook_full_replace,candidate,risk=medium; pending LB delta
task066,E:\Jitter\kagglegolf\data\external\public_bundles\beicicc_6645\extracted\task066.onnx,SRC_KAGGLE_NOTEBOOK_BEICICC_6645,public_full_replace,false,,,GOLF_20260607_004_public_notebook_full_replace,candidate,risk=medium; pending LB delta
task067,E:\Jitter\kagglegolf\data\external\public_bundles\beicicc_6645\extracted\task067.onnx,SRC_KAGGLE_NOTEBOOK_BEICICC_6645,public_full_replace,false,,,GOLF_20260607_004_public_notebook_full_replace,candidate,risk=medium; pending LB delta
task068,E:\Jitter\kagglegolf\data\external\public_bundles\beicicc_6645\extracted\task068.onnx,SRC_KAGGLE_NOTEBOOK_BEICICC_6645,public_full_replace,false,,,GOLF_20260607_004_public_notebook_full_replace,candidate,risk=medium; pending LB delta
task069,E:\Jitter\kagglegolf\data\external\public_bundles\beicicc_6645\extracted\task069.onnx,SRC_KAGGLE_NOTEBOOK_BEICICC_6645,public_full_replace,false,,,GOLF_20260607_004_public_notebook_full_replace,candidate,risk=medium; pending LB delta
task070,E:\Jitter\kagglegolf\data\external\public_bundles\beicicc_6645\extracted\task070.onnx,SRC_KAGGLE_NOTEBOOK_BEICICC_6645,public_full_replace,false,,,GOLF_20260607_004_public_notebook_full_replace,candidate,risk=medium; pending LB delta
task071,E:\Jitter\kagglegolf\data\external\public_bundles\beicicc_6645\extracted\task071.onnx,SRC_KAGGLE_NOTEBOOK_BEICICC_6645,public_full_replace,false,,,GOLF_20260607_004_public_notebook_full_replace,candidate,risk=medium; pending LB delta
task072,E:\Jitter\kagglegolf\data\external\public_bundles\beicicc_6645\extracted\task072.onnx,SRC_KAGGLE_NOTEBOOK_BEICICC_6645,public_full_replace,false,,,GOLF_20260607_004_public_notebook_full_replace,candidate,risk=medium; pending LB delta
task073,E:\Jitter\kagglegolf\data\external\public_bundles\beicicc_6645\extracted\task073.onnx,SRC_KAGGLE_NOTEBOOK_BEICICC_6645,public_full_replace,false,,,GOLF_20260607_004_public_notebook_full_replace,candidate,risk=medium; pending LB delta
task074,E:\Jitter\kagglegolf\data\external\public_bundles\beicicc_6645\extracted\task074.onnx,SRC_KAGGLE_NOTEBOOK_BEICICC_6645,public_full_replace,false,,,GOLF_20260607_004_public_notebook_full_replace,candidate,risk=medium; pending LB delta
task075,E:\Jitter\kagglegolf\data\external\public_bundles\beicicc_6645\extracted\task075.onnx,SRC_KAGGLE_NOTEBOOK_BEICICC_6645,public_full_replace,false,,,GOLF_20260607_004_public_notebook_full_replace,candidate,risk=medium; pending LB delta
task076,E:\Jitter\kagglegolf\data\external\public_bundles\beicicc_6645\extracted\task076.onnx,SRC_KAGGLE_NOTEBOOK_BEICICC_6645,public_full_replace,false,,,GOLF_20260607_004_public_notebook_full_replace,candidate,risk=medium; pending LB delta
task077,E:\Jitter\kagglegolf\data\external\public_bundles\beicicc_6645\extracted\task077.onnx,SRC_KAGGLE_NOTEBOOK_BEICICC_6645,public_full_replace,false,,,GOLF_20260607_004_public_notebook_full_replace,candidate,risk=medium; pending LB delta
task078,E:\Jitter\kagglegolf\data\external\public_bundles\beicicc_6645\extracted\task078.onnx,SRC_KAGGLE_NOTEBOOK_BEICICC_6645,public_full_replace,false,,,GOLF_20260607_004_public_notebook_full_replace,candidate,risk=medium; pending LB delta
task079,E:\Jitter\kagglegolf\data\external\public_bundles\beicicc_6645\extracted\task079.onnx,SRC_KAGGLE_NOTEBOOK_BEICICC_6645,public_full_replace,false,,,GOLF_20260607_004_public_notebook_full_replace,candidate,risk=medium; pending LB delta
task080,E:\Jitter\kagglegolf\data\external\public_bundles\beicicc_6645\extracted\task080.onnx,SRC_KAGGLE_NOTEBOOK_BEICICC_6645,public_full_replace,false,,,GOLF_20260607_004_public_notebook_full_replace,candidate,risk=medium; pending LB delta
task081,E:\Jitter\kagglegolf\data\external\public_bundles\beicicc_6645\extracted\task081.onnx,SRC_KAGGLE_NOTEBOOK_BEICICC_6645,public_full_replace,false,,,GOLF_20260607_004_public_notebook_full_replace,candidate,risk=medium; pending LB delta
task082,E:\Jitter\kagglegolf\data\external\public_bundles\beicicc_6645\extracted\task082.onnx,SRC_KAGGLE_NOTEBOOK_BEICICC_6645,public_full_replace,false,,,GOLF_20260607_004_public_notebook_full_replace,candidate,risk=medium; pending LB delta
task083,E:\Jitter\kagglegolf\data\external\public_bundles\beicicc_6645\extracted\task083.onnx,SRC_KAGGLE_NOTEBOOK_BEICICC_6645,public_full_replace,false,,,GOLF_20260607_004_public_notebook_full_replace,candidate,risk=medium; pending LB delta
task084,E:\Jitter\kagglegolf\data\external\public_bundles\beicicc_6645\extracted\task084.onnx,SRC_KAGGLE_NOTEBOOK_BEICICC_6645,public_full_replace,false,,,GOLF_20260607_004_public_notebook_full_replace,candidate,risk=medium; pending LB delta
task085,E:\Jitter\kagglegolf\data\external\public_bundles\beicicc_6645\extracted\task085.onnx,SRC_KAGGLE_NOTEBOOK_BEICICC_6645,public_full_replace,false,,,GOLF_20260607_004_public_notebook_full_replace,candidate,risk=medium; pending LB delta
task086,E:\Jitter\kagglegolf\data\external\public_bundles\beicicc_6645\extracted\task086.onnx,SRC_KAGGLE_NOTEBOOK_BEICICC_6645,public_full_replace,false,,,GOLF_20260607_004_public_notebook_full_replace,candidate,risk=medium; pending LB delta
task087,E:\Jitter\kagglegolf\data\external\public_bundles\beicicc_6645\extracted\task087.onnx,SRC_KAGGLE_NOTEBOOK_BEICICC_6645,public_full_replace,false,,,GOLF_20260607_004_public_notebook_full_replace,candidate,risk=medium; pending LB delta
task088,E:\Jitter\kagglegolf\data\external\public_bundles\beicicc_6645\extracted\task088.onnx,SRC_KAGGLE_NOTEBOOK_BEICICC_6645,public_full_replace,false,,,GOLF_20260607_004_public_notebook_full_replace,candidate,risk=medium; pending LB delta
task089,E:\Jitter\kagglegolf\data\external\public_bundles\beicicc_6645\extracted\task089.onnx,SRC_KAGGLE_NOTEBOOK_BEICICC_6645,public_full_replace,false,,,GOLF_20260607_004_public_notebook_full_replace,candidate,risk=medium; pending LB delta
task090,E:\Jitter\kagglegolf\data\external\public_bundles\beicicc_6645\extracted\task090.onnx,SRC_KAGGLE_NOTEBOOK_BEICICC_6645,public_full_replace,false,,,GOLF_20260607_004_public_notebook_full_replace,candidate,risk=medium; pending LB delta
task091,E:\Jitter\kagglegolf\data\external\public_bundles\beicicc_6645\extracted\task091.onnx,SRC_KAGGLE_NOTEBOOK_BEICICC_6645,public_full_replace,false,,,GOLF_20260607_004_public_notebook_full_replace,candidate,risk=medium; pending LB delta
task092,E:\Jitter\kagglegolf\data\external\public_bundles\beicicc_6645\extracted\task092.onnx,SRC_KAGGLE_NOTEBOOK_BEICICC_6645,public_full_replace,false,,,GOLF_20260607_004_public_notebook_full_replace,candidate,risk=medium; pending LB delta
task093,E:\Jitter\kagglegolf\data\external\public_bundles\beicicc_6645\extracted\task093.onnx,SRC_KAGGLE_NOTEBOOK_BEICICC_6645,public_full_replace,false,,,GOLF_20260607_004_public_notebook_full_replace,candidate,risk=medium; pending LB delta
task094,E:\Jitter\kagglegolf\data\external\public_bundles\beicicc_6645\extracted\task094.onnx,SRC_KAGGLE_NOTEBOOK_BEICICC_6645,public_full_replace,false,,,GOLF_20260607_004_public_notebook_full_replace,candidate,risk=medium; pending LB delta
task095,E:\Jitter\kagglegolf\data\external\public_bundles\beicicc_6645\extracted\task095.onnx,SRC_KAGGLE_NOTEBOOK_BEICICC_6645,public_full_replace,false,,,GOLF_20260607_004_public_notebook_full_replace,candidate,risk=medium; pending LB delta
task096,E:\Jitter\kagglegolf\data\external\public_bundles\beicicc_6645\extracted\task096.onnx,SRC_KAGGLE_NOTEBOOK_BEICICC_6645,public_full_replace,false,,,GOLF_20260607_004_public_notebook_full_replace,candidate,risk=medium; pending LB delta
task097,E:\Jitter\kagglegolf\data\external\public_bundles\beicicc_6645\extracted\task097.onnx,SRC_KAGGLE_NOTEBOOK_BEICICC_6645,public_full_replace,false,,,GOLF_20260607_004_public_notebook_full_replace,candidate,risk=medium; pending LB delta
task098,E:\Jitter\kagglegolf\data\external\public_bundles\beicicc_6645\extracted\task098.onnx,SRC_KAGGLE_NOTEBOOK_BEICICC_6645,public_full_replace,false,,,GOLF_20260607_004_public_notebook_full_replace,candidate,risk=medium; pending LB delta
task099,E:\Jitter\kagglegolf\data\external\public_bundles\beicicc_6645\extracted\task099.onnx,SRC_KAGGLE_NOTEBOOK_BEICICC_6645,public_full_replace,false,,,GOLF_20260607_004_public_notebook_full_replace,candidate,risk=medium; pending LB delta
task100,E:\Jitter\kagglegolf\data\external\public_bundles\beicicc_6645\extracted\task100.onnx,SRC_KAGGLE_NOTEBOOK_BEICICC_6645,public_full_replace,false,,,GOLF_20260607_004_public_notebook_full_replace,candidate,risk=medium; pending LB delta
task101,E:\Jitter\kagglegolf\data\external\public_bundles\beicicc_6645\extracted\task101.onnx,SRC_KAGGLE_NOTEBOOK_BEICICC_6645,public_full_replace,false,,,GOLF_20260607_004_public_notebook_full_replace,candidate,risk=medium; pending LB delta
task102,E:\Jitter\kagglegolf\data\external\public_bundles\beicicc_6645\extracted\task102.onnx,SRC_KAGGLE_NOTEBOOK_BEICICC_6645,public_full_replace,false,,,GOLF_20260607_004_public_notebook_full_replace,candidate,risk=medium; pending LB delta
task103,E:\Jitter\kagglegolf\data\external\public_bundles\beicicc_6645\extracted\task103.onnx,SRC_KAGGLE_NOTEBOOK_BEICICC_6645,public_full_replace,false,,,GOLF_20260607_004_public_notebook_full_replace,candidate,risk=medium; pending LB delta
task104,E:\Jitter\kagglegolf\data\external\public_bundles\beicicc_6645\extracted\task104.onnx,SRC_KAGGLE_NOTEBOOK_BEICICC_6645,public_full_replace,false,,,GOLF_20260607_004_public_notebook_full_replace,candidate,risk=medium; pending LB delta
task105,E:\Jitter\kagglegolf\data\external\public_bundles\beicicc_6645\extracted\task105.onnx,SRC_KAGGLE_NOTEBOOK_BEICICC_6645,public_full_replace,false,,,GOLF_20260607_004_public_notebook_full_replace,candidate,risk=medium; pending LB delta
task106,E:\Jitter\kagglegolf\data\external\public_bundles\beicicc_6645\extracted\task106.onnx,SRC_KAGGLE_NOTEBOOK_BEICICC_6645,public_full_replace,false,,,GOLF_20260607_004_public_notebook_full_replace,candidate,risk=medium; pending LB delta
task107,E:\Jitter\kagglegolf\data\external\public_bundles\beicicc_6645\extracted\task107.onnx,SRC_KAGGLE_NOTEBOOK_BEICICC_6645,public_full_replace,false,,,GOLF_20260607_004_public_notebook_full_replace,candidate,risk=medium; pending LB delta
task108,E:\Jitter\kagglegolf\data\external\public_bundles\beicicc_6645\extracted\task108.onnx,SRC_KAGGLE_NOTEBOOK_BEICICC_6645,public_full_replace,false,,,GOLF_20260607_004_public_notebook_full_replace,candidate,risk=medium; pending LB delta
task109,E:\Jitter\kagglegolf\data\external\public_bundles\beicicc_6645\extracted\task109.onnx,SRC_KAGGLE_NOTEBOOK_BEICICC_6645,public_full_replace,false,,,GOLF_20260607_004_public_notebook_full_replace,candidate,risk=medium; pending LB delta
task110,E:\Jitter\kagglegolf\data\external\public_bundles\beicicc_6645\extracted\task110.onnx,SRC_KAGGLE_NOTEBOOK_BEICICC_6645,public_full_replace,false,,,GOLF_20260607_004_public_notebook_full_replace,candidate,risk=medium; pending LB delta
task111,E:\Jitter\kagglegolf\data\external\public_bundles\beicicc_6645\extracted\task111.onnx,SRC_KAGGLE_NOTEBOOK_BEICICC_6645,public_full_replace,false,,,GOLF_20260607_004_public_notebook_full_replace,candidate,risk=medium; pending LB delta
task112,E:\Jitter\kagglegolf\data\external\public_bundles\beicicc_6645\extracted\task112.onnx,SRC_KAGGLE_NOTEBOOK_BEICICC_6645,public_full_replace,false,,,GOLF_20260607_004_public_notebook_full_replace,candidate,risk=medium; pending LB delta
task113,E:\Jitter\kagglegolf\data\external\public_bundles\beicicc_6645\extracted\task113.onnx,SRC_KAGGLE_NOTEBOOK_BEICICC_6645,public_full_replace,false,,,GOLF_20260607_004_public_notebook_full_replace,candidate,risk=medium; pending LB delta
task114,E:\Jitter\kagglegolf\data\external\public_bundles\beicicc_6645\extracted\task114.onnx,SRC_KAGGLE_NOTEBOOK_BEICICC_6645,public_full_replace,false,,,GOLF_20260607_004_public_notebook_full_replace,candidate,risk=medium; pending LB delta
task115,E:\Jitter\kagglegolf\data\external\public_bundles\beicicc_6645\extracted\task115.onnx,SRC_KAGGLE_NOTEBOOK_BEICICC_6645,public_full_replace,false,,,GOLF_20260607_004_public_notebook_full_replace,candidate,risk=medium; pending LB delta
task116,E:\Jitter\kagglegolf\data\external\public_bundles\beicicc_6645\extracted\task116.onnx,SRC_KAGGLE_NOTEBOOK_BEICICC_6645,public_full_replace,false,,,GOLF_20260607_004_public_notebook_full_replace,candidate,risk=medium; pending LB delta
task117,E:\Jitter\kagglegolf\data\external\public_bundles\beicicc_6645\extracted\task117.onnx,SRC_KAGGLE_NOTEBOOK_BEICICC_6645,public_full_replace,false,,,GOLF_20260607_004_public_notebook_full_replace,candidate,risk=medium; pending LB delta
task118,E:\Jitter\kagglegolf\data\external\public_bundles\beicicc_6645\extracted\task118.onnx,SRC_KAGGLE_NOTEBOOK_BEICICC_6645,public_full_replace,false,,,GOLF_20260607_004_public_notebook_full_replace,candidate,risk=medium; pending LB delta
task119,E:\Jitter\kagglegolf\data\external\public_bundles\beicicc_6645\extracted\task119.onnx,SRC_KAGGLE_NOTEBOOK_BEICICC_6645,public_full_replace,false,,,GOLF_20260607_004_public_notebook_full_replace,candidate,risk=medium; pending LB delta
task120,E:\Jitter\kagglegolf\data\external\public_bundles\beicicc_6645\extracted\task120.onnx,SRC_KAGGLE_NOTEBOOK_BEICICC_6645,public_full_replace,false,,,GOLF_20260607_004_public_notebook_full_replace,candidate,risk=medium; pending LB delta
task121,E:\Jitter\kagglegolf\data\external\public_bundles\beicicc_6645\extracted\task121.onnx,SRC_KAGGLE_NOTEBOOK_BEICICC_6645,public_full_replace,false,,,GOLF_20260607_004_public_notebook_full_replace,candidate,risk=medium; pending LB delta
task122,E:\Jitter\kagglegolf\data\external\public_bundles\beicicc_6645\extracted\task122.onnx,SRC_KAGGLE_NOTEBOOK_BEICICC_6645,public_full_replace,false,,,GOLF_20260607_004_public_notebook_full_replace,candidate,risk=medium; pending LB delta
task123,E:\Jitter\kagglegolf\data\external\public_bundles\beicicc_6645\extracted\task123.onnx,SRC_KAGGLE_NOTEBOOK_BEICICC_6645,public_full_replace,false,,,GOLF_20260607_004_public_notebook_full_replace,candidate,risk=medium; pending LB delta
task124,E:\Jitter\kagglegolf\data\external\public_bundles\beicicc_6645\extracted\task124.onnx,SRC_KAGGLE_NOTEBOOK_BEICICC_6645,public_full_replace,false,,,GOLF_20260607_004_public_notebook_full_replace,candidate,risk=medium; pending LB delta
task125,E:\Jitter\kagglegolf\data\external\public_bundles\beicicc_6645\extracted\task125.onnx,SRC_KAGGLE_NOTEBOOK_BEICICC_6645,public_full_replace,false,,,GOLF_20260607_004_public_notebook_full_replace,candidate,risk=medium; pending LB delta
task126,E:\Jitter\kagglegolf\data\external\public_bundles\beicicc_6645\extracted\task126.onnx,SRC_KAGGLE_NOTEBOOK_BEICICC_6645,public_full_replace,false,,,GOLF_20260607_004_public_notebook_full_replace,candidate,risk=medium; pending LB delta
task127,E:\Jitter\kagglegolf\data\external\public_bundles\beicicc_6645\extracted\task127.onnx,SRC_KAGGLE_NOTEBOOK_BEICICC_6645,public_full_replace,false,,,GOLF_20260607_004_public_notebook_full_replace,candidate,risk=medium; pending LB delta
task128,E:\Jitter\kagglegolf\data\external\public_bundles\beicicc_6645\extracted\task128.onnx,SRC_KAGGLE_NOTEBOOK_BEICICC_6645,public_full_replace,false,,,GOLF_20260607_004_public_notebook_full_replace,candidate,risk=medium; pending LB delta
task129,E:\Jitter\kagglegolf\data\external\public_bundles\beicicc_6645\extracted\task129.onnx,SRC_KAGGLE_NOTEBOOK_BEICICC_6645,public_full_replace,false,,,GOLF_20260607_004_public_notebook_full_replace,candidate,risk=medium; pending LB delta
task130,E:\Jitter\kagglegolf\data\external\public_bundles\beicicc_6645\extracted\task130.onnx,SRC_KAGGLE_NOTEBOOK_BEICICC_6645,public_full_replace,false,,,GOLF_20260607_004_public_notebook_full_replace,candidate,risk=medium; pending LB delta
task131,E:\Jitter\kagglegolf\data\external\public_bundles\beicicc_6645\extracted\task131.onnx,SRC_KAGGLE_NOTEBOOK_BEICICC_6645,public_full_replace,false,,,GOLF_20260607_004_public_notebook_full_replace,candidate,risk=medium; pending LB delta
task132,E:\Jitter\kagglegolf\data\external\public_bundles\beicicc_6645\extracted\task132.onnx,SRC_KAGGLE_NOTEBOOK_BEICICC_6645,public_full_replace,false,,,GOLF_20260607_004_public_notebook_full_replace,candidate,risk=medium; pending LB delta
task133,E:\Jitter\kagglegolf\data\external\public_bundles\beicicc_6645\extracted\task133.onnx,SRC_KAGGLE_NOTEBOOK_BEICICC_6645,public_full_replace,false,,,GOLF_20260607_004_public_notebook_full_replace,candidate,risk=medium; pending LB delta
task134,E:\Jitter\kagglegolf\data\external\public_bundles\beicicc_6645\extracted\task134.onnx,SRC_KAGGLE_NOTEBOOK_BEICICC_6645,public_full_replace,false,,,GOLF_20260607_004_public_notebook_full_replace,candidate,risk=medium; pending LB delta
task135,E:\Jitter\kagglegolf\data\external\public_bundles\beicicc_6645\extracted\task135.onnx,SRC_KAGGLE_NOTEBOOK_BEICICC_6645,public_full_replace,false,,,GOLF_20260607_004_public_notebook_full_replace,candidate,risk=medium; pending LB delta
task136,E:\Jitter\kagglegolf\data\external\public_bundles\beicicc_6645\extracted\task136.onnx,SRC_KAGGLE_NOTEBOOK_BEICICC_6645,public_full_replace,false,,,GOLF_20260607_004_public_notebook_full_replace,candidate,risk=medium; pending LB delta
task137,E:\Jitter\kagglegolf\data\external\public_bundles\beicicc_6645\extracted\task137.onnx,SRC_KAGGLE_NOTEBOOK_BEICICC_6645,public_full_replace,false,,,GOLF_20260607_004_public_notebook_full_replace,candidate,risk=medium; pending LB delta
task138,E:\Jitter\kagglegolf\data\external\public_bundles\beicicc_6645\extracted\task138.onnx,SRC_KAGGLE_NOTEBOOK_BEICICC_6645,public_full_replace,false,,,GOLF_20260607_004_public_notebook_full_replace,candidate,risk=medium; pending LB delta
task139,E:\Jitter\kagglegolf\data\external\public_bundles\beicicc_6645\extracted\task139.onnx,SRC_KAGGLE_NOTEBOOK_BEICICC_6645,public_full_replace,false,,,GOLF_20260607_004_public_notebook_full_replace,candidate,risk=medium; pending LB delta
task140,E:\Jitter\kagglegolf\data\external\public_bundles\beicicc_6645\extracted\task140.onnx,SRC_KAGGLE_NOTEBOOK_BEICICC_6645,public_full_replace,false,,,GOLF_20260607_004_public_notebook_full_replace,candidate,risk=medium; pending LB delta
task141,E:\Jitter\kagglegolf\data\external\public_bundles\beicicc_6645\extracted\task141.onnx,SRC_KAGGLE_NOTEBOOK_BEICICC_6645,public_full_replace,false,,,GOLF_20260607_004_public_notebook_full_replace,candidate,risk=medium; pending LB delta
task142,E:\Jitter\kagglegolf\data\external\public_bundles\beicicc_6645\extracted\task142.onnx,SRC_KAGGLE_NOTEBOOK_BEICICC_6645,public_full_replace,false,,,GOLF_20260607_004_public_notebook_full_replace,candidate,risk=medium; pending LB delta
task143,E:\Jitter\kagglegolf\data\external\public_bundles\beicicc_6645\extracted\task143.onnx,SRC_KAGGLE_NOTEBOOK_BEICICC_6645,public_full_replace,false,,,GOLF_20260607_004_public_notebook_full_replace,candidate,risk=medium; pending LB delta
task144,E:\Jitter\kagglegolf\data\external\public_bundles\beicicc_6645\extracted\task144.onnx,SRC_KAGGLE_NOTEBOOK_BEICICC_6645,public_full_replace,false,,,GOLF_20260607_004_public_notebook_full_replace,candidate,risk=medium; pending LB delta
task145,E:\Jitter\kagglegolf\data\external\public_bundles\beicicc_6645\extracted\task145.onnx,SRC_KAGGLE_NOTEBOOK_BEICICC_6645,public_full_replace,false,,,GOLF_20260607_004_public_notebook_full_replace,candidate,risk=medium; pending LB delta
task146,E:\Jitter\kagglegolf\data\external\public_bundles\beicicc_6645\extracted\task146.onnx,SRC_KAGGLE_NOTEBOOK_BEICICC_6645,public_full_replace,false,,,GOLF_20260607_004_public_notebook_full_replace,candidate,risk=medium; pending LB delta
task147,E:\Jitter\kagglegolf\data\external\public_bundles\beicicc_6645\extracted\task147.onnx,SRC_KAGGLE_NOTEBOOK_BEICICC_6645,public_full_replace,false,,,GOLF_20260607_004_public_notebook_full_replace,candidate,risk=medium; pending LB delta
task148,E:\Jitter\kagglegolf\data\external\public_bundles\beicicc_6645\extracted\task148.onnx,SRC_KAGGLE_NOTEBOOK_BEICICC_6645,public_full_replace,false,,,GOLF_20260607_004_public_notebook_full_replace,candidate,risk=medium; pending LB delta
task149,E:\Jitter\kagglegolf\data\external\public_bundles\beicicc_6645\extracted\task149.onnx,SRC_KAGGLE_NOTEBOOK_BEICICC_6645,public_full_replace,false,,,GOLF_20260607_004_public_notebook_full_replace,candidate,risk=medium; pending LB delta
task150,E:\Jitter\kagglegolf\data\external\public_bundles\beicicc_6645\extracted\task150.onnx,SRC_KAGGLE_NOTEBOOK_BEICICC_6645,public_full_replace,false,,,GOLF_20260607_004_public_notebook_full_replace,candidate,risk=medium; pending LB delta
task151,E:\Jitter\kagglegolf\data\external\public_bundles\beicicc_6645\extracted\task151.onnx,SRC_KAGGLE_NOTEBOOK_BEICICC_6645,public_full_replace,false,,,GOLF_20260607_004_public_notebook_full_replace,candidate,risk=medium; pending LB delta
task152,E:\Jitter\kagglegolf\data\external\public_bundles\beicicc_6645\extracted\task152.onnx,SRC_KAGGLE_NOTEBOOK_BEICICC_6645,public_full_replace,false,,,GOLF_20260607_004_public_notebook_full_replace,candidate,risk=medium; pending LB delta
task153,E:\Jitter\kagglegolf\data\external\public_bundles\beicicc_6645\extracted\task153.onnx,SRC_KAGGLE_NOTEBOOK_BEICICC_6645,public_full_replace,false,,,GOLF_20260607_004_public_notebook_full_replace,candidate,risk=medium; pending LB delta
task154,E:\Jitter\kagglegolf\data\external\public_bundles\beicicc_6645\extracted\task154.onnx,SRC_KAGGLE_NOTEBOOK_BEICICC_6645,public_full_replace,false,,,GOLF_20260607_004_public_notebook_full_replace,candidate,risk=medium; pending LB delta
task155,E:\Jitter\kagglegolf\data\external\public_bundles\beicicc_6645\extracted\task155.onnx,SRC_KAGGLE_NOTEBOOK_BEICICC_6645,public_full_replace,false,,,GOLF_20260607_004_public_notebook_full_replace,candidate,risk=medium; pending LB delta
task156,E:\Jitter\kagglegolf\data\external\public_bundles\beicicc_6645\extracted\task156.onnx,SRC_KAGGLE_NOTEBOOK_BEICICC_6645,public_full_replace,false,,,GOLF_20260607_004_public_notebook_full_replace,candidate,risk=medium; pending LB delta
task157,E:\Jitter\kagglegolf\data\external\public_bundles\beicicc_6645\extracted\task157.onnx,SRC_KAGGLE_NOTEBOOK_BEICICC_6645,public_full_replace,false,,,GOLF_20260607_004_public_notebook_full_replace,candidate,risk=medium; pending LB delta
task158,E:\Jitter\kagglegolf\data\external\public_bundles\beicicc_6645\extracted\task158.onnx,SRC_KAGGLE_NOTEBOOK_BEICICC_6645,public_full_replace,false,,,GOLF_20260607_004_public_notebook_full_replace,candidate,risk=medium; pending LB delta
task159,E:\Jitter\kagglegolf\data\external\public_bundles\beicicc_6645\extracted\task159.onnx,SRC_KAGGLE_NOTEBOOK_BEICICC_6645,public_full_replace,false,,,GOLF_20260607_004_public_notebook_full_replace,candidate,risk=medium; pending LB delta
task160,E:\Jitter\kagglegolf\data\external\public_bundles\beicicc_6645\extracted\task160.onnx,SRC_KAGGLE_NOTEBOOK_BEICICC_6645,public_full_replace,false,,,GOLF_20260607_004_public_notebook_full_replace,candidate,risk=medium; pending LB delta
task161,E:\Jitter\kagglegolf\data\external\public_bundles\beicicc_6645\extracted\task161.onnx,SRC_KAGGLE_NOTEBOOK_BEICICC_6645,public_full_replace,false,,,GOLF_20260607_004_public_notebook_full_replace,candidate,risk=medium; pending LB delta
task162,E:\Jitter\kagglegolf\data\external\public_bundles\beicicc_6645\extracted\task162.onnx,SRC_KAGGLE_NOTEBOOK_BEICICC_6645,public_full_replace,false,,,GOLF_20260607_004_public_notebook_full_replace,candidate,risk=medium; pending LB delta
task163,E:\Jitter\kagglegolf\data\external\public_bundles\beicicc_6645\extracted\task163.onnx,SRC_KAGGLE_NOTEBOOK_BEICICC_6645,public_full_replace,false,,,GOLF_20260607_004_public_notebook_full_replace,candidate,risk=medium; pending LB delta
task164,E:\Jitter\kagglegolf\data\external\public_bundles\beicicc_6645\extracted\task164.onnx,SRC_KAGGLE_NOTEBOOK_BEICICC_6645,public_full_replace,false,,,GOLF_20260607_004_public_notebook_full_replace,candidate,risk=medium; pending LB delta
task165,E:\Jitter\kagglegolf\data\external\public_bundles\beicicc_6645\extracted\task165.onnx,SRC_KAGGLE_NOTEBOOK_BEICICC_6645,public_full_replace,false,,,GOLF_20260607_004_public_notebook_full_replace,candidate,risk=medium; pending LB delta
task166,E:\Jitter\kagglegolf\data\external\public_bundles\beicicc_6645\extracted\task166.onnx,SRC_KAGGLE_NOTEBOOK_BEICICC_6645,public_full_replace,false,,,GOLF_20260607_004_public_notebook_full_replace,candidate,risk=medium; pending LB delta
task167,E:\Jitter\kagglegolf\data\external\public_bundles\beicicc_6645\extracted\task167.onnx,SRC_KAGGLE_NOTEBOOK_BEICICC_6645,public_full_replace,false,,,GOLF_20260607_004_public_notebook_full_replace,candidate,risk=medium; pending LB delta
task168,E:\Jitter\kagglegolf\data\external\public_bundles\beicicc_6645\extracted\task168.onnx,SRC_KAGGLE_NOTEBOOK_BEICICC_6645,public_full_replace,false,,,GOLF_20260607_004_public_notebook_full_replace,candidate,risk=medium; pending LB delta
task169,E:\Jitter\kagglegolf\data\external\public_bundles\beicicc_6645\extracted\task169.onnx,SRC_KAGGLE_NOTEBOOK_BEICICC_6645,public_full_replace,false,,,GOLF_20260607_004_public_notebook_full_replace,candidate,risk=medium; pending LB delta
task170,E:\Jitter\kagglegolf\data\external\public_bundles\beicicc_6645\extracted\task170.onnx,SRC_KAGGLE_NOTEBOOK_BEICICC_6645,public_full_replace,false,,,GOLF_20260607_004_public_notebook_full_replace,candidate,risk=medium; pending LB delta
task171,E:\Jitter\kagglegolf\data\external\public_bundles\beicicc_6645\extracted\task171.onnx,SRC_KAGGLE_NOTEBOOK_BEICICC_6645,public_full_replace,false,,,GOLF_20260607_004_public_notebook_full_replace,candidate,risk=medium; pending LB delta
task172,E:\Jitter\kagglegolf\data\external\public_bundles\beicicc_6645\extracted\task172.onnx,SRC_KAGGLE_NOTEBOOK_BEICICC_6645,public_full_replace,false,,,GOLF_20260607_004_public_notebook_full_replace,candidate,risk=medium; pending LB delta
task173,E:\Jitter\kagglegolf\data\external\public_bundles\jsrdcht_6029_submission_bundle\extracted\task173.onnx,SRC_KAGGLE_NOTEBOOK_JSRDCHT_6029,high_risk_boundary_or_unknown,true,182027,,GOLF_20260607_002_public_6029_aggressive_mix,candidate,risk=high; pending LB delta
task174,E:\Jitter\kagglegolf\data\external\public_bundles\beicicc_6645\extracted\task174.onnx,SRC_KAGGLE_NOTEBOOK_BEICICC_6645,public_full_replace,false,,,GOLF_20260607_004_public_notebook_full_replace,candidate,risk=medium; pending LB delta
task175,E:\Jitter\kagglegolf\data\external\public_bundles\beicicc_6645\extracted\task175.onnx,SRC_KAGGLE_NOTEBOOK_BEICICC_6645,public_full_replace,false,,,GOLF_20260607_004_public_notebook_full_replace,candidate,risk=medium; pending LB delta
task176,E:\Jitter\kagglegolf\data\external\public_bundles\beicicc_6645\extracted\task176.onnx,SRC_KAGGLE_NOTEBOOK_BEICICC_6645,public_full_replace,false,,,GOLF_20260607_004_public_notebook_full_replace,candidate,risk=medium; pending LB delta
task177,E:\Jitter\kagglegolf\data\external\public_bundles\beicicc_6645\extracted\task177.onnx,SRC_KAGGLE_NOTEBOOK_BEICICC_6645,public_full_replace,false,,,GOLF_20260607_004_public_notebook_full_replace,candidate,risk=medium; pending LB delta
task178,E:\Jitter\kagglegolf\data\external\public_bundles\beicicc_6645\extracted\task178.onnx,SRC_KAGGLE_NOTEBOOK_BEICICC_6645,public_full_replace,false,,,GOLF_20260607_004_public_notebook_full_replace,candidate,risk=medium; pending LB delta
task179,E:\Jitter\kagglegolf\data\external\public_bundles\beicicc_6645\extracted\task179.onnx,SRC_KAGGLE_NOTEBOOK_BEICICC_6645,public_full_replace,false,,,GOLF_20260607_004_public_notebook_full_replace,candidate,risk=medium; pending LB delta
task180,E:\Jitter\kagglegolf\data\external\public_bundles\beicicc_6645\extracted\task180.onnx,SRC_KAGGLE_NOTEBOOK_BEICICC_6645,public_full_replace,false,,,GOLF_20260607_004_public_notebook_full_replace,candidate,risk=medium; pending LB delta
task181,E:\Jitter\kagglegolf\data\external\public_bundles\beicicc_6645\extracted\task181.onnx,SRC_KAGGLE_NOTEBOOK_BEICICC_6645,public_full_replace,false,,,GOLF_20260607_004_public_notebook_full_replace,candidate,risk=medium; pending LB delta
task182,E:\Jitter\kagglegolf\data\external\public_bundles\beicicc_6645\extracted\task182.onnx,SRC_KAGGLE_NOTEBOOK_BEICICC_6645,public_full_replace,false,,,GOLF_20260607_004_public_notebook_full_replace,candidate,risk=medium; pending LB delta
task183,E:\Jitter\kagglegolf\data\external\public_bundles\beicicc_6645\extracted\task183.onnx,SRC_KAGGLE_NOTEBOOK_BEICICC_6645,public_full_replace,false,,,GOLF_20260607_004_public_notebook_full_replace,candidate,risk=medium; pending LB delta
task184,E:\Jitter\kagglegolf\data\external\public_bundles\beicicc_6645\extracted\task184.onnx,SRC_KAGGLE_NOTEBOOK_BEICICC_6645,public_full_replace,false,,,GOLF_20260607_004_public_notebook_full_replace,candidate,risk=medium; pending LB delta
task185,E:\Jitter\kagglegolf\data\external\public_bundles\beicicc_6645\extracted\task185.onnx,SRC_KAGGLE_NOTEBOOK_BEICICC_6645,public_full_replace,false,,,GOLF_20260607_004_public_notebook_full_replace,candidate,risk=medium; pending LB delta
task186,E:\Jitter\kagglegolf\data\external\public_bundles\beicicc_6645\extracted\task186.onnx,SRC_KAGGLE_NOTEBOOK_BEICICC_6645,public_full_replace,false,,,GOLF_20260607_004_public_notebook_full_replace,candidate,risk=medium; pending LB delta
task187,E:\Jitter\kagglegolf\data\external\public_bundles\beicicc_6645\extracted\task187.onnx,SRC_KAGGLE_NOTEBOOK_BEICICC_6645,public_full_replace,false,,,GOLF_20260607_004_public_notebook_full_replace,candidate,risk=medium; pending LB delta
task188,E:\Jitter\kagglegolf\data\external\public_bundles\beicicc_6645\extracted\task188.onnx,SRC_KAGGLE_NOTEBOOK_BEICICC_6645,public_full_replace,false,,,GOLF_20260607_004_public_notebook_full_replace,candidate,risk=medium; pending LB delta
task189,E:\Jitter\kagglegolf\data\external\public_bundles\beicicc_6645\extracted\task189.onnx,SRC_KAGGLE_NOTEBOOK_BEICICC_6645,public_full_replace,false,,,GOLF_20260607_004_public_notebook_full_replace,candidate,risk=medium; pending LB delta
task190,E:\Jitter\kagglegolf\data\external\public_bundles\beicicc_6645\extracted\task190.onnx,SRC_KAGGLE_NOTEBOOK_BEICICC_6645,public_full_replace,false,,,GOLF_20260607_004_public_notebook_full_replace,candidate,risk=medium; pending LB delta
task191,E:\Jitter\kagglegolf\data\external\public_bundles\beicicc_6645\extracted\task191.onnx,SRC_KAGGLE_NOTEBOOK_BEICICC_6645,public_full_replace,false,,,GOLF_20260607_004_public_notebook_full_replace,candidate,risk=medium; pending LB delta
task192,E:\Jitter\kagglegolf\data\external\public_bundles\beicicc_6645\extracted\task192.onnx,SRC_KAGGLE_NOTEBOOK_BEICICC_6645,public_full_replace,false,,,GOLF_20260607_004_public_notebook_full_replace,candidate,risk=medium; pending LB delta
task193,E:\Jitter\kagglegolf\data\external\public_bundles\beicicc_6645\extracted\task193.onnx,SRC_KAGGLE_NOTEBOOK_BEICICC_6645,public_full_replace,false,,,GOLF_20260607_004_public_notebook_full_replace,candidate,risk=medium; pending LB delta
task194,E:\Jitter\kagglegolf\data\external\public_bundles\beicicc_6645\extracted\task194.onnx,SRC_KAGGLE_NOTEBOOK_BEICICC_6645,public_full_replace,false,,,GOLF_20260607_004_public_notebook_full_replace,candidate,risk=medium; pending LB delta
task195,E:\Jitter\kagglegolf\data\external\public_bundles\beicicc_6645\extracted\task195.onnx,SRC_KAGGLE_NOTEBOOK_BEICICC_6645,public_full_replace,false,,,GOLF_20260607_004_public_notebook_full_replace,candidate,risk=medium; pending LB delta
task196,E:\Jitter\kagglegolf\data\external\public_bundles\beicicc_6645\extracted\task196.onnx,SRC_KAGGLE_NOTEBOOK_BEICICC_6645,public_full_replace,false,,,GOLF_20260607_004_public_notebook_full_replace,candidate,risk=medium; pending LB delta
task197,E:\Jitter\kagglegolf\data\external\public_bundles\beicicc_6645\extracted\task197.onnx,SRC_KAGGLE_NOTEBOOK_BEICICC_6645,public_full_replace,false,,,GOLF_20260607_004_public_notebook_full_replace,candidate,risk=medium; pending LB delta
task198,E:\Jitter\kagglegolf\data\external\public_bundles\beicicc_6645\extracted\task198.onnx,SRC_KAGGLE_NOTEBOOK_BEICICC_6645,public_full_replace,false,,,GOLF_20260607_004_public_notebook_full_replace,candidate,risk=medium; pending LB delta
task199,E:\Jitter\kagglegolf\data\external\public_bundles\beicicc_6645\extracted\task199.onnx,SRC_KAGGLE_NOTEBOOK_BEICICC_6645,public_full_replace,false,,,GOLF_20260607_004_public_notebook_full_replace,candidate,risk=medium; pending LB delta
task200,E:\Jitter\kagglegolf\data\external\public_bundles\beicicc_6645\extracted\task200.onnx,SRC_KAGGLE_NOTEBOOK_BEICICC_6645,public_full_replace,false,,,GOLF_20260607_004_public_notebook_full_replace,candidate,risk=medium; pending LB delta
task201,E:\Jitter\kagglegolf\data\external\public_bundles\beicicc_6645\extracted\task201.onnx,SRC_KAGGLE_NOTEBOOK_BEICICC_6645,public_full_replace,false,,,GOLF_20260607_004_public_notebook_full_replace,candidate,risk=medium; pending LB delta
task202,E:\Jitter\kagglegolf\data\external\public_bundles\beicicc_6645\extracted\task202.onnx,SRC_KAGGLE_NOTEBOOK_BEICICC_6645,public_full_replace,false,,,GOLF_20260607_004_public_notebook_full_replace,candidate,risk=medium; pending LB delta
task203,E:\Jitter\kagglegolf\data\external\public_bundles\beicicc_6645\extracted\task203.onnx,SRC_KAGGLE_NOTEBOOK_BEICICC_6645,public_full_replace,false,,,GOLF_20260607_004_public_notebook_full_replace,candidate,risk=medium; pending LB delta
task204,E:\Jitter\kagglegolf\data\external\public_bundles\beicicc_6645\extracted\task204.onnx,SRC_KAGGLE_NOTEBOOK_BEICICC_6645,public_full_replace,false,,,GOLF_20260607_004_public_notebook_full_replace,candidate,risk=medium; pending LB delta
task205,E:\Jitter\kagglegolf\data\external\public_bundles\beicicc_6645\extracted\task205.onnx,SRC_KAGGLE_NOTEBOOK_BEICICC_6645,public_full_replace,false,,,GOLF_20260607_004_public_notebook_full_replace,candidate,risk=medium; pending LB delta
task206,E:\Jitter\kagglegolf\data\external\public_bundles\beicicc_6645\extracted\task206.onnx,SRC_KAGGLE_NOTEBOOK_BEICICC_6645,public_full_replace,false,,,GOLF_20260607_004_public_notebook_full_replace,candidate,risk=medium; pending LB delta
task207,E:\Jitter\kagglegolf\data\external\public_bundles\beicicc_6645\extracted\task207.onnx,SRC_KAGGLE_NOTEBOOK_BEICICC_6645,public_full_replace,false,,,GOLF_20260607_004_public_notebook_full_replace,candidate,risk=medium; pending LB delta
task208,E:\Jitter\kagglegolf\data\external\public_bundles\beicicc_6645\extracted\task208.onnx,SRC_KAGGLE_NOTEBOOK_BEICICC_6645,public_full_replace,false,,,GOLF_20260607_004_public_notebook_full_replace,candidate,risk=medium; pending LB delta
task209,E:\Jitter\kagglegolf\data\external\public_bundles\beicicc_6645\extracted\task209.onnx,SRC_KAGGLE_NOTEBOOK_BEICICC_6645,public_full_replace,false,,,GOLF_20260607_004_public_notebook_full_replace,candidate,risk=medium; pending LB delta
task210,E:\Jitter\kagglegolf\data\external\public_bundles\beicicc_6645\extracted\task210.onnx,SRC_KAGGLE_NOTEBOOK_BEICICC_6645,public_full_replace,false,,,GOLF_20260607_004_public_notebook_full_replace,candidate,risk=medium; pending LB delta
task211,E:\Jitter\kagglegolf\data\external\public_bundles\beicicc_6645\extracted\task211.onnx,SRC_KAGGLE_NOTEBOOK_BEICICC_6645,public_full_replace,false,,,GOLF_20260607_004_public_notebook_full_replace,candidate,risk=medium; pending LB delta
task212,E:\Jitter\kagglegolf\data\external\public_bundles\beicicc_6645\extracted\task212.onnx,SRC_KAGGLE_NOTEBOOK_BEICICC_6645,public_full_replace,false,,,GOLF_20260607_004_public_notebook_full_replace,candidate,risk=medium; pending LB delta
task213,E:\Jitter\kagglegolf\data\external\public_bundles\beicicc_6645\extracted\task213.onnx,SRC_KAGGLE_NOTEBOOK_BEICICC_6645,public_full_replace,false,,,GOLF_20260607_004_public_notebook_full_replace,candidate,risk=medium; pending LB delta
task214,E:\Jitter\kagglegolf\data\external\public_bundles\beicicc_6645\extracted\task214.onnx,SRC_KAGGLE_NOTEBOOK_BEICICC_6645,public_full_replace,false,,,GOLF_20260607_004_public_notebook_full_replace,candidate,risk=medium; pending LB delta
task215,E:\Jitter\kagglegolf\data\external\public_bundles\beicicc_6645\extracted\task215.onnx,SRC_KAGGLE_NOTEBOOK_BEICICC_6645,public_full_replace,false,,,GOLF_20260607_004_public_notebook_full_replace,candidate,risk=medium; pending LB delta
task216,E:\Jitter\kagglegolf\data\external\public_bundles\beicicc_6645\extracted\task216.onnx,SRC_KAGGLE_NOTEBOOK_BEICICC_6645,public_full_replace,false,,,GOLF_20260607_004_public_notebook_full_replace,candidate,risk=medium; pending LB delta
task217,E:\Jitter\kagglegolf\data\external\public_bundles\beicicc_6645\extracted\task217.onnx,SRC_KAGGLE_NOTEBOOK_BEICICC_6645,public_full_replace,false,,,GOLF_20260607_004_public_notebook_full_replace,candidate,risk=medium; pending LB delta
task218,E:\Jitter\kagglegolf\data\external\public_bundles\beicicc_6645\extracted\task218.onnx,SRC_KAGGLE_NOTEBOOK_BEICICC_6645,public_full_replace,false,,,GOLF_20260607_004_public_notebook_full_replace,candidate,risk=medium; pending LB delta
task219,E:\Jitter\kagglegolf\data\external\public_bundles\beicicc_6645\extracted\task219.onnx,SRC_KAGGLE_NOTEBOOK_BEICICC_6645,public_full_replace,false,,,GOLF_20260607_004_public_notebook_full_replace,candidate,risk=medium; pending LB delta
task220,E:\Jitter\kagglegolf\data\external\public_bundles\beicicc_6645\extracted\task220.onnx,SRC_KAGGLE_NOTEBOOK_BEICICC_6645,public_full_replace,false,,,GOLF_20260607_004_public_notebook_full_replace,candidate,risk=medium; pending LB delta
task221,E:\Jitter\kagglegolf\data\external\public_bundles\beicicc_6645\extracted\task221.onnx,SRC_KAGGLE_NOTEBOOK_BEICICC_6645,public_full_replace,false,,,GOLF_20260607_004_public_notebook_full_replace,candidate,risk=medium; pending LB delta
task222,E:\Jitter\kagglegolf\data\external\public_bundles\beicicc_6645\extracted\task222.onnx,SRC_KAGGLE_NOTEBOOK_BEICICC_6645,public_full_replace,false,,,GOLF_20260607_004_public_notebook_full_replace,candidate,risk=medium; pending LB delta
task223,E:\Jitter\kagglegolf\data\external\public_bundles\beicicc_6645\extracted\task223.onnx,SRC_KAGGLE_NOTEBOOK_BEICICC_6645,public_full_replace,false,,,GOLF_20260607_004_public_notebook_full_replace,candidate,risk=medium; pending LB delta
task224,E:\Jitter\kagglegolf\data\external\public_bundles\beicicc_6645\extracted\task224.onnx,SRC_KAGGLE_NOTEBOOK_BEICICC_6645,public_full_replace,false,,,GOLF_20260607_004_public_notebook_full_replace,candidate,risk=medium; pending LB delta
task225,E:\Jitter\kagglegolf\data\external\public_bundles\beicicc_6645\extracted\task225.onnx,SRC_KAGGLE_NOTEBOOK_BEICICC_6645,public_full_replace,false,,,GOLF_20260607_004_public_notebook_full_replace,candidate,risk=medium; pending LB delta
task226,E:\Jitter\kagglegolf\data\external\public_bundles\beicicc_6645\extracted\task226.onnx,SRC_KAGGLE_NOTEBOOK_BEICICC_6645,public_full_replace,false,,,GOLF_20260607_004_public_notebook_full_replace,candidate,risk=medium; pending LB delta
task227,E:\Jitter\kagglegolf\data\external\public_bundles\beicicc_6645\extracted\task227.onnx,SRC_KAGGLE_NOTEBOOK_BEICICC_6645,public_full_replace,false,,,GOLF_20260607_004_public_notebook_full_replace,candidate,risk=medium; pending LB delta
task228,E:\Jitter\kagglegolf\data\external\public_bundles\beicicc_6645\extracted\task228.onnx,SRC_KAGGLE_NOTEBOOK_BEICICC_6645,public_full_replace,false,,,GOLF_20260607_004_public_notebook_full_replace,candidate,risk=medium; pending LB delta
task229,E:\Jitter\kagglegolf\data\external\public_bundles\beicicc_6645\extracted\task229.onnx,SRC_KAGGLE_NOTEBOOK_BEICICC_6645,public_full_replace,false,,,GOLF_20260607_004_public_notebook_full_replace,candidate,risk=medium; pending LB delta
task230,E:\Jitter\kagglegolf\data\external\public_bundles\beicicc_6645\extracted\task230.onnx,SRC_KAGGLE_NOTEBOOK_BEICICC_6645,public_full_replace,false,,,GOLF_20260607_004_public_notebook_full_replace,candidate,risk=medium; pending LB delta
task231,E:\Jitter\kagglegolf\data\external\public_bundles\beicicc_6645\extracted\task231.onnx,SRC_KAGGLE_NOTEBOOK_BEICICC_6645,public_full_replace,false,,,GOLF_20260607_004_public_notebook_full_replace,candidate,risk=medium; pending LB delta
task232,E:\Jitter\kagglegolf\data\external\public_bundles\beicicc_6645\extracted\task232.onnx,SRC_KAGGLE_NOTEBOOK_BEICICC_6645,public_full_replace,false,,,GOLF_20260607_004_public_notebook_full_replace,candidate,risk=medium; pending LB delta
task233,E:\Jitter\kagglegolf\data\external\public_bundles\beicicc_6645\extracted\task233.onnx,SRC_KAGGLE_NOTEBOOK_BEICICC_6645,public_full_replace,false,,,GOLF_20260607_004_public_notebook_full_replace,candidate,risk=medium; pending LB delta
task234,E:\Jitter\kagglegolf\data\external\public_bundles\beicicc_6645\extracted\task234.onnx,SRC_KAGGLE_NOTEBOOK_BEICICC_6645,public_full_replace,false,,,GOLF_20260607_004_public_notebook_full_replace,candidate,risk=medium; pending LB delta
task235,E:\Jitter\kagglegolf\data\external\public_bundles\beicicc_6645\extracted\task235.onnx,SRC_KAGGLE_NOTEBOOK_BEICICC_6645,public_full_replace,false,,,GOLF_20260607_004_public_notebook_full_replace,candidate,risk=medium; pending LB delta
task236,E:\Jitter\kagglegolf\data\external\public_bundles\beicicc_6645\extracted\task236.onnx,SRC_KAGGLE_NOTEBOOK_BEICICC_6645,public_full_replace,false,,,GOLF_20260607_004_public_notebook_full_replace,candidate,risk=medium; pending LB delta
task237,E:\Jitter\kagglegolf\data\external\public_bundles\beicicc_6645\extracted\task237.onnx,SRC_KAGGLE_NOTEBOOK_BEICICC_6645,public_full_replace,false,,,GOLF_20260607_004_public_notebook_full_replace,candidate,risk=medium; pending LB delta
task238,E:\Jitter\kagglegolf\data\external\public_bundles\beicicc_6645\extracted\task238.onnx,SRC_KAGGLE_NOTEBOOK_BEICICC_6645,public_full_replace,false,,,GOLF_20260607_004_public_notebook_full_replace,candidate,risk=medium; pending LB delta
task239,E:\Jitter\kagglegolf\data\external\public_bundles\beicicc_6645\extracted\task239.onnx,SRC_KAGGLE_NOTEBOOK_BEICICC_6645,public_full_replace,false,,,GOLF_20260607_004_public_notebook_full_replace,candidate,risk=medium; pending LB delta
task240,E:\Jitter\kagglegolf\data\external\public_bundles\beicicc_6645\extracted\task240.onnx,SRC_KAGGLE_NOTEBOOK_BEICICC_6645,public_full_replace,false,,,GOLF_20260607_004_public_notebook_full_replace,candidate,risk=medium; pending LB delta
task241,E:\Jitter\kagglegolf\data\external\public_bundles\beicicc_6645\extracted\task241.onnx,SRC_KAGGLE_NOTEBOOK_BEICICC_6645,public_full_replace,false,,,GOLF_20260607_004_public_notebook_full_replace,candidate,risk=medium; pending LB delta
task242,E:\Jitter\kagglegolf\data\external\public_bundles\beicicc_6645\extracted\task242.onnx,SRC_KAGGLE_NOTEBOOK_BEICICC_6645,public_full_replace,false,,,GOLF_20260607_004_public_notebook_full_replace,candidate,risk=medium; pending LB delta
task243,E:\Jitter\kagglegolf\data\external\public_bundles\beicicc_6645\extracted\task243.onnx,SRC_KAGGLE_NOTEBOOK_BEICICC_6645,public_full_replace,false,,,GOLF_20260607_004_public_notebook_full_replace,candidate,risk=medium; pending LB delta
task244,E:\Jitter\kagglegolf\data\external\public_bundles\beicicc_6645\extracted\task244.onnx,SRC_KAGGLE_NOTEBOOK_BEICICC_6645,public_full_replace,false,,,GOLF_20260607_004_public_notebook_full_replace,candidate,risk=medium; pending LB delta
task245,E:\Jitter\kagglegolf\data\external\public_bundles\beicicc_6645\extracted\task245.onnx,SRC_KAGGLE_NOTEBOOK_BEICICC_6645,public_full_replace,false,,,GOLF_20260607_004_public_notebook_full_replace,candidate,risk=medium; pending LB delta
task246,E:\Jitter\kagglegolf\data\external\public_bundles\beicicc_6645\extracted\task246.onnx,SRC_KAGGLE_NOTEBOOK_BEICICC_6645,public_full_replace,false,,,GOLF_20260607_004_public_notebook_full_replace,candidate,risk=medium; pending LB delta
task247,E:\Jitter\kagglegolf\data\external\public_bundles\beicicc_6645\extracted\task247.onnx,SRC_KAGGLE_NOTEBOOK_BEICICC_6645,public_full_replace,false,,,GOLF_20260607_004_public_notebook_full_replace,candidate,risk=medium; pending LB delta
task248,E:\Jitter\kagglegolf\data\external\public_bundles\beicicc_6645\extracted\task248.onnx,SRC_KAGGLE_NOTEBOOK_BEICICC_6645,public_full_replace,false,,,GOLF_20260607_004_public_notebook_full_replace,candidate,risk=medium; pending LB delta
task249,E:\Jitter\kagglegolf\data\external\public_bundles\beicicc_6645\extracted\task249.onnx,SRC_KAGGLE_NOTEBOOK_BEICICC_6645,public_full_replace,false,,,GOLF_20260607_004_public_notebook_full_replace,candidate,risk=medium; pending LB delta
task250,E:\Jitter\kagglegolf\data\external\public_bundles\beicicc_6645\extracted\task250.onnx,SRC_KAGGLE_NOTEBOOK_BEICICC_6645,public_full_replace,false,,,GOLF_20260607_004_public_notebook_full_replace,candidate,risk=medium; pending LB delta
task251,E:\Jitter\kagglegolf\data\external\public_bundles\beicicc_6645\extracted\task251.onnx,SRC_KAGGLE_NOTEBOOK_BEICICC_6645,public_full_replace,false,,,GOLF_20260607_004_public_notebook_full_replace,candidate,risk=medium; pending LB delta
task252,E:\Jitter\kagglegolf\data\external\public_bundles\beicicc_6645\extracted\task252.onnx,SRC_KAGGLE_NOTEBOOK_BEICICC_6645,public_full_replace,false,,,GOLF_20260607_004_public_notebook_full_replace,candidate,risk=medium; pending LB delta
task253,E:\Jitter\kagglegolf\data\external\public_bundles\beicicc_6645\extracted\task253.onnx,SRC_KAGGLE_NOTEBOOK_BEICICC_6645,public_full_replace,false,,,GOLF_20260607_004_public_notebook_full_replace,candidate,risk=medium; pending LB delta
task254,E:\Jitter\kagglegolf\data\external\public_bundles\beicicc_6645\extracted\task254.onnx,SRC_KAGGLE_NOTEBOOK_BEICICC_6645,public_full_replace,false,,,GOLF_20260607_004_public_notebook_full_replace,candidate,risk=medium; pending LB delta
task255,E:\Jitter\kagglegolf\data\external\public_bundles\beicicc_6645\extracted\task255.onnx,SRC_KAGGLE_NOTEBOOK_BEICICC_6645,public_full_replace,false,,,GOLF_20260607_004_public_notebook_full_replace,candidate,risk=medium; pending LB delta
task256,E:\Jitter\kagglegolf\data\external\public_bundles\beicicc_6645\extracted\task256.onnx,SRC_KAGGLE_NOTEBOOK_BEICICC_6645,public_full_replace,false,,,GOLF_20260607_004_public_notebook_full_replace,candidate,risk=medium; pending LB delta
task257,E:\Jitter\kagglegolf\data\external\public_bundles\beicicc_6645\extracted\task257.onnx,SRC_KAGGLE_NOTEBOOK_BEICICC_6645,public_full_replace,false,,,GOLF_20260607_004_public_notebook_full_replace,candidate,risk=medium; pending LB delta
task258,E:\Jitter\kagglegolf\data\external\public_bundles\beicicc_6645\extracted\task258.onnx,SRC_KAGGLE_NOTEBOOK_BEICICC_6645,public_full_replace,false,,,GOLF_20260607_004_public_notebook_full_replace,candidate,risk=medium; pending LB delta
task259,E:\Jitter\kagglegolf\data\external\public_bundles\beicicc_6645\extracted\task259.onnx,SRC_KAGGLE_NOTEBOOK_BEICICC_6645,public_full_replace,false,,,GOLF_20260607_004_public_notebook_full_replace,candidate,risk=medium; pending LB delta
task260,E:\Jitter\kagglegolf\data\external\public_bundles\beicicc_6645\extracted\task260.onnx,SRC_KAGGLE_NOTEBOOK_BEICICC_6645,public_full_replace,false,,,GOLF_20260607_004_public_notebook_full_replace,candidate,risk=medium; pending LB delta
task261,E:\Jitter\kagglegolf\data\external\public_bundles\beicicc_6645\extracted\task261.onnx,SRC_KAGGLE_NOTEBOOK_BEICICC_6645,public_full_replace,false,,,GOLF_20260607_004_public_notebook_full_replace,candidate,risk=medium; pending LB delta
task262,E:\Jitter\kagglegolf\data\external\public_bundles\beicicc_6645\extracted\task262.onnx,SRC_KAGGLE_NOTEBOOK_BEICICC_6645,public_full_replace,false,,,GOLF_20260607_004_public_notebook_full_replace,candidate,risk=medium; pending LB delta
task263,E:\Jitter\kagglegolf\data\external\public_bundles\beicicc_6645\extracted\task263.onnx,SRC_KAGGLE_NOTEBOOK_BEICICC_6645,public_full_replace,false,,,GOLF_20260607_004_public_notebook_full_replace,candidate,risk=medium; pending LB delta
task264,E:\Jitter\kagglegolf\data\external\public_bundles\beicicc_6645\extracted\task264.onnx,SRC_KAGGLE_NOTEBOOK_BEICICC_6645,public_full_replace,false,,,GOLF_20260607_004_public_notebook_full_replace,candidate,risk=medium; pending LB delta
task265,E:\Jitter\kagglegolf\data\external\public_bundles\beicicc_6645\extracted\task265.onnx,SRC_KAGGLE_NOTEBOOK_BEICICC_6645,public_full_replace,false,,,GOLF_20260607_004_public_notebook_full_replace,candidate,risk=medium; pending LB delta
task266,E:\Jitter\kagglegolf\data\external\public_bundles\beicicc_6645\extracted\task266.onnx,SRC_KAGGLE_NOTEBOOK_BEICICC_6645,public_full_replace,false,,,GOLF_20260607_004_public_notebook_full_replace,candidate,risk=medium; pending LB delta
task267,E:\Jitter\kagglegolf\data\external\public_bundles\beicicc_6645\extracted\task267.onnx,SRC_KAGGLE_NOTEBOOK_BEICICC_6645,public_full_replace,false,,,GOLF_20260607_004_public_notebook_full_replace,candidate,risk=medium; pending LB delta
task268,E:\Jitter\kagglegolf\data\external\public_bundles\beicicc_6645\extracted\task268.onnx,SRC_KAGGLE_NOTEBOOK_BEICICC_6645,public_full_replace,false,,,GOLF_20260607_004_public_notebook_full_replace,candidate,risk=medium; pending LB delta
task269,E:\Jitter\kagglegolf\data\external\public_bundles\beicicc_6645\extracted\task269.onnx,SRC_KAGGLE_NOTEBOOK_BEICICC_6645,public_full_replace,false,,,GOLF_20260607_004_public_notebook_full_replace,candidate,risk=medium; pending LB delta
task270,E:\Jitter\kagglegolf\data\external\public_bundles\beicicc_6645\extracted\task270.onnx,SRC_KAGGLE_NOTEBOOK_BEICICC_6645,public_full_replace,false,,,GOLF_20260607_004_public_notebook_full_replace,candidate,risk=medium; pending LB delta
task271,E:\Jitter\kagglegolf\data\external\public_bundles\beicicc_6645\extracted\task271.onnx,SRC_KAGGLE_NOTEBOOK_BEICICC_6645,public_full_replace,false,,,GOLF_20260607_004_public_notebook_full_replace,candidate,risk=medium; pending LB delta
task272,E:\Jitter\kagglegolf\data\external\public_bundles\beicicc_6645\extracted\task272.onnx,SRC_KAGGLE_NOTEBOOK_BEICICC_6645,public_full_replace,false,,,GOLF_20260607_004_public_notebook_full_replace,candidate,risk=medium; pending LB delta
task273,E:\Jitter\kagglegolf\data\external\public_bundles\beicicc_6645\extracted\task273.onnx,SRC_KAGGLE_NOTEBOOK_BEICICC_6645,public_full_replace,false,,,GOLF_20260607_004_public_notebook_full_replace,candidate,risk=medium; pending LB delta
task274,E:\Jitter\kagglegolf\data\external\public_bundles\beicicc_6645\extracted\task274.onnx,SRC_KAGGLE_NOTEBOOK_BEICICC_6645,public_full_replace,false,,,GOLF_20260607_004_public_notebook_full_replace,candidate,risk=medium; pending LB delta
task275,E:\Jitter\kagglegolf\data\external\public_bundles\beicicc_6645\extracted\task275.onnx,SRC_KAGGLE_NOTEBOOK_BEICICC_6645,public_full_replace,false,,,GOLF_20260607_004_public_notebook_full_replace,candidate,risk=medium; pending LB delta
task276,E:\Jitter\kagglegolf\data\external\public_bundles\beicicc_6645\extracted\task276.onnx,SRC_KAGGLE_NOTEBOOK_BEICICC_6645,public_full_replace,false,,,GOLF_20260607_004_public_notebook_full_replace,candidate,risk=medium; pending LB delta
task277,E:\Jitter\kagglegolf\data\external\public_bundles\beicicc_6645\extracted\task277.onnx,SRC_KAGGLE_NOTEBOOK_BEICICC_6645,public_full_replace,false,,,GOLF_20260607_004_public_notebook_full_replace,candidate,risk=medium; pending LB delta
task278,E:\Jitter\kagglegolf\data\external\public_bundles\beicicc_6645\extracted\task278.onnx,SRC_KAGGLE_NOTEBOOK_BEICICC_6645,public_full_replace,false,,,GOLF_20260607_004_public_notebook_full_replace,candidate,risk=medium; pending LB delta
task279,E:\Jitter\kagglegolf\data\external\public_bundles\beicicc_6645\extracted\task279.onnx,SRC_KAGGLE_NOTEBOOK_BEICICC_6645,public_full_replace,false,,,GOLF_20260607_004_public_notebook_full_replace,candidate,risk=medium; pending LB delta
task280,E:\Jitter\kagglegolf\data\external\public_bundles\beicicc_6645\extracted\task280.onnx,SRC_KAGGLE_NOTEBOOK_BEICICC_6645,public_full_replace,false,,,GOLF_20260607_004_public_notebook_full_replace,candidate,risk=medium; pending LB delta
task281,E:\Jitter\kagglegolf\data\external\public_bundles\beicicc_6645\extracted\task281.onnx,SRC_KAGGLE_NOTEBOOK_BEICICC_6645,public_full_replace,false,,,GOLF_20260607_004_public_notebook_full_replace,candidate,risk=medium; pending LB delta
task282,E:\Jitter\kagglegolf\data\external\public_bundles\beicicc_6645\extracted\task282.onnx,SRC_KAGGLE_NOTEBOOK_BEICICC_6645,public_full_replace,false,,,GOLF_20260607_004_public_notebook_full_replace,candidate,risk=medium; pending LB delta
task283,E:\Jitter\kagglegolf\data\external\public_bundles\beicicc_6645\extracted\task283.onnx,SRC_KAGGLE_NOTEBOOK_BEICICC_6645,public_full_replace,false,,,GOLF_20260607_004_public_notebook_full_replace,candidate,risk=medium; pending LB delta
task284,E:\Jitter\kagglegolf\data\external\public_bundles\beicicc_6645\extracted\task284.onnx,SRC_KAGGLE_NOTEBOOK_BEICICC_6645,public_full_replace,false,,,GOLF_20260607_004_public_notebook_full_replace,candidate,risk=medium; pending LB delta
task285,E:\Jitter\kagglegolf\data\external\public_bundles\beicicc_6645\extracted\task285.onnx,SRC_KAGGLE_NOTEBOOK_BEICICC_6645,public_full_replace,false,,,GOLF_20260607_004_public_notebook_full_replace,candidate,risk=medium; pending LB delta
task286,E:\Jitter\kagglegolf\data\external\public_bundles\jsrdcht_6029_submission_bundle\extracted\task286.onnx,SRC_KAGGLE_NOTEBOOK_JSRDCHT_6029,single_task_override,true,,,GOLF_20260607_003_bottom15_single_task_probe,candidate,risk=high; pending LB delta
task287,E:\Jitter\kagglegolf\data\external\public_bundles\beicicc_6645\extracted\task287.onnx,SRC_KAGGLE_NOTEBOOK_BEICICC_6645,public_full_replace,false,,,GOLF_20260607_004_public_notebook_full_replace,candidate,risk=medium; pending LB delta
task288,E:\Jitter\kagglegolf\data\external\public_bundles\beicicc_6645\extracted\task288.onnx,SRC_KAGGLE_NOTEBOOK_BEICICC_6645,public_full_replace,false,,,GOLF_20260607_004_public_notebook_full_replace,candidate,risk=medium; pending LB delta
task289,E:\Jitter\kagglegolf\data\external\public_bundles\beicicc_6645\extracted\task289.onnx,SRC_KAGGLE_NOTEBOOK_BEICICC_6645,public_full_replace,false,,,GOLF_20260607_004_public_notebook_full_replace,candidate,risk=medium; pending LB delta
task290,E:\Jitter\kagglegolf\data\external\public_bundles\beicicc_6645\extracted\task290.onnx,SRC_KAGGLE_NOTEBOOK_BEICICC_6645,public_full_replace,false,,,GOLF_20260607_004_public_notebook_full_replace,candidate,risk=medium; pending LB delta
task291,E:\Jitter\kagglegolf\data\external\public_bundles\beicicc_6645\extracted\task291.onnx,SRC_KAGGLE_NOTEBOOK_BEICICC_6645,public_full_replace,false,,,GOLF_20260607_004_public_notebook_full_replace,candidate,risk=medium; pending LB delta
task292,E:\Jitter\kagglegolf\data\external\public_bundles\beicicc_6645\extracted\task292.onnx,SRC_KAGGLE_NOTEBOOK_BEICICC_6645,public_full_replace,false,,,GOLF_20260607_004_public_notebook_full_replace,candidate,risk=medium; pending LB delta
task293,E:\Jitter\kagglegolf\data\external\public_bundles\beicicc_6645\extracted\task293.onnx,SRC_KAGGLE_NOTEBOOK_BEICICC_6645,public_full_replace,false,,,GOLF_20260607_004_public_notebook_full_replace,candidate,risk=medium; pending LB delta
task294,E:\Jitter\kagglegolf\data\external\public_bundles\beicicc_6645\extracted\task294.onnx,SRC_KAGGLE_NOTEBOOK_BEICICC_6645,public_full_replace,false,,,GOLF_20260607_004_public_notebook_full_replace,candidate,risk=medium; pending LB delta
task295,E:\Jitter\kagglegolf\data\external\public_bundles\beicicc_6645\extracted\task295.onnx,SRC_KAGGLE_NOTEBOOK_BEICICC_6645,public_full_replace,false,,,GOLF_20260607_004_public_notebook_full_replace,candidate,risk=medium; pending LB delta
task296,E:\Jitter\kagglegolf\data\external\public_bundles\beicicc_6645\extracted\task296.onnx,SRC_KAGGLE_NOTEBOOK_BEICICC_6645,public_full_replace,false,,,GOLF_20260607_004_public_notebook_full_replace,candidate,risk=medium; pending LB delta
task297,E:\Jitter\kagglegolf\data\external\public_bundles\beicicc_6645\extracted\task297.onnx,SRC_KAGGLE_NOTEBOOK_BEICICC_6645,public_full_replace,false,,,GOLF_20260607_004_public_notebook_full_replace,candidate,risk=medium; pending LB delta
task298,E:\Jitter\kagglegolf\data\external\public_bundles\beicicc_6645\extracted\task298.onnx,SRC_KAGGLE_NOTEBOOK_BEICICC_6645,public_full_replace,false,,,GOLF_20260607_004_public_notebook_full_replace,candidate,risk=medium; pending LB delta
task299,E:\Jitter\kagglegolf\data\external\public_bundles\beicicc_6645\extracted\task299.onnx,SRC_KAGGLE_NOTEBOOK_BEICICC_6645,public_full_replace,false,,,GOLF_20260607_004_public_notebook_full_replace,candidate,risk=medium; pending LB delta
task300,E:\Jitter\kagglegolf\data\external\public_bundles\beicicc_6645\extracted\task300.onnx,SRC_KAGGLE_NOTEBOOK_BEICICC_6645,public_full_replace,false,,,GOLF_20260607_004_public_notebook_full_replace,candidate,risk=medium; pending LB delta
task301,E:\Jitter\kagglegolf\data\external\public_bundles\beicicc_6645\extracted\task301.onnx,SRC_KAGGLE_NOTEBOOK_BEICICC_6645,public_full_replace,false,,,GOLF_20260607_004_public_notebook_full_replace,candidate,risk=medium; pending LB delta
task302,E:\Jitter\kagglegolf\data\external\public_bundles\beicicc_6645\extracted\task302.onnx,SRC_KAGGLE_NOTEBOOK_BEICICC_6645,public_full_replace,false,,,GOLF_20260607_004_public_notebook_full_replace,candidate,risk=medium; pending LB delta
task303,E:\Jitter\kagglegolf\data\external\public_bundles\beicicc_6645\extracted\task303.onnx,SRC_KAGGLE_NOTEBOOK_BEICICC_6645,public_full_replace,false,,,GOLF_20260607_004_public_notebook_full_replace,candidate,risk=medium; pending LB delta
task304,E:\Jitter\kagglegolf\data\external\public_bundles\beicicc_6645\extracted\task304.onnx,SRC_KAGGLE_NOTEBOOK_BEICICC_6645,public_full_replace,false,,,GOLF_20260607_004_public_notebook_full_replace,candidate,risk=medium; pending LB delta
task305,E:\Jitter\kagglegolf\data\external\public_bundles\beicicc_6645\extracted\task305.onnx,SRC_KAGGLE_NOTEBOOK_BEICICC_6645,public_full_replace,false,,,GOLF_20260607_004_public_notebook_full_replace,candidate,risk=medium; pending LB delta
task306,E:\Jitter\kagglegolf\data\external\public_bundles\beicicc_6645\extracted\task306.onnx,SRC_KAGGLE_NOTEBOOK_BEICICC_6645,public_full_replace,false,,,GOLF_20260607_004_public_notebook_full_replace,candidate,risk=medium; pending LB delta
task307,E:\Jitter\kagglegolf\data\external\public_bundles\beicicc_6645\extracted\task307.onnx,SRC_KAGGLE_NOTEBOOK_BEICICC_6645,public_full_replace,false,,,GOLF_20260607_004_public_notebook_full_replace,candidate,risk=medium; pending LB delta
task308,E:\Jitter\kagglegolf\data\external\public_bundles\beicicc_6645\extracted\task308.onnx,SRC_KAGGLE_NOTEBOOK_BEICICC_6645,public_full_replace,false,,,GOLF_20260607_004_public_notebook_full_replace,candidate,risk=medium; pending LB delta
task309,E:\Jitter\kagglegolf\data\external\public_bundles\beicicc_6645\extracted\task309.onnx,SRC_KAGGLE_NOTEBOOK_BEICICC_6645,public_full_replace,false,,,GOLF_20260607_004_public_notebook_full_replace,candidate,risk=medium; pending LB delta
task310,E:\Jitter\kagglegolf\data\external\public_bundles\beicicc_6645\extracted\task310.onnx,SRC_KAGGLE_NOTEBOOK_BEICICC_6645,public_full_replace,false,,,GOLF_20260607_004_public_notebook_full_replace,candidate,risk=medium; pending LB delta
task311,E:\Jitter\kagglegolf\data\external\public_bundles\beicicc_6645\extracted\task311.onnx,SRC_KAGGLE_NOTEBOOK_BEICICC_6645,public_full_replace,false,,,GOLF_20260607_004_public_notebook_full_replace,candidate,risk=medium; pending LB delta
task312,E:\Jitter\kagglegolf\data\external\public_bundles\beicicc_6645\extracted\task312.onnx,SRC_KAGGLE_NOTEBOOK_BEICICC_6645,public_full_replace,false,,,GOLF_20260607_004_public_notebook_full_replace,candidate,risk=medium; pending LB delta
task313,E:\Jitter\kagglegolf\data\external\public_bundles\beicicc_6645\extracted\task313.onnx,SRC_KAGGLE_NOTEBOOK_BEICICC_6645,public_full_replace,false,,,GOLF_20260607_004_public_notebook_full_replace,candidate,risk=medium; pending LB delta
task314,E:\Jitter\kagglegolf\data\external\public_bundles\beicicc_6645\extracted\task314.onnx,SRC_KAGGLE_NOTEBOOK_BEICICC_6645,public_full_replace,false,,,GOLF_20260607_004_public_notebook_full_replace,candidate,risk=medium; pending LB delta
task315,E:\Jitter\kagglegolf\data\external\public_bundles\beicicc_6645\extracted\task315.onnx,SRC_KAGGLE_NOTEBOOK_BEICICC_6645,public_full_replace,false,,,GOLF_20260607_004_public_notebook_full_replace,candidate,risk=medium; pending LB delta
task316,E:\Jitter\kagglegolf\data\external\public_bundles\beicicc_6645\extracted\task316.onnx,SRC_KAGGLE_NOTEBOOK_BEICICC_6645,public_full_replace,false,,,GOLF_20260607_004_public_notebook_full_replace,candidate,risk=medium; pending LB delta
task317,E:\Jitter\kagglegolf\data\external\public_bundles\beicicc_6645\extracted\task317.onnx,SRC_KAGGLE_NOTEBOOK_BEICICC_6645,public_full_replace,false,,,GOLF_20260607_004_public_notebook_full_replace,candidate,risk=medium; pending LB delta
task318,E:\Jitter\kagglegolf\data\external\public_bundles\beicicc_6645\extracted\task318.onnx,SRC_KAGGLE_NOTEBOOK_BEICICC_6645,public_full_replace,false,,,GOLF_20260607_004_public_notebook_full_replace,candidate,risk=medium; pending LB delta
task319,E:\Jitter\kagglegolf\data\external\public_bundles\beicicc_6645\extracted\task319.onnx,SRC_KAGGLE_NOTEBOOK_BEICICC_6645,public_full_replace,false,,,GOLF_20260607_004_public_notebook_full_replace,candidate,risk=medium; pending LB delta
task320,E:\Jitter\kagglegolf\data\external\public_bundles\beicicc_6645\extracted\task320.onnx,SRC_KAGGLE_NOTEBOOK_BEICICC_6645,public_full_replace,false,,,GOLF_20260607_004_public_notebook_full_replace,candidate,risk=medium; pending LB delta
task321,E:\Jitter\kagglegolf\data\external\public_bundles\beicicc_6645\extracted\task321.onnx,SRC_KAGGLE_NOTEBOOK_BEICICC_6645,public_full_replace,false,,,GOLF_20260607_004_public_notebook_full_replace,candidate,risk=medium; pending LB delta
task322,E:\Jitter\kagglegolf\data\external\public_bundles\beicicc_6645\extracted\task322.onnx,SRC_KAGGLE_NOTEBOOK_BEICICC_6645,public_full_replace,false,,,GOLF_20260607_004_public_notebook_full_replace,candidate,risk=medium; pending LB delta
task323,E:\Jitter\kagglegolf\data\external\public_bundles\beicicc_6645\extracted\task323.onnx,SRC_KAGGLE_NOTEBOOK_BEICICC_6645,public_full_replace,false,,,GOLF_20260607_004_public_notebook_full_replace,candidate,risk=medium; pending LB delta
task324,E:\Jitter\kagglegolf\data\external\public_bundles\beicicc_6645\extracted\task324.onnx,SRC_KAGGLE_NOTEBOOK_BEICICC_6645,public_full_replace,false,,,GOLF_20260607_004_public_notebook_full_replace,candidate,risk=medium; pending LB delta
task325,E:\Jitter\kagglegolf\data\external\public_bundles\beicicc_6645\extracted\task325.onnx,SRC_KAGGLE_NOTEBOOK_BEICICC_6645,public_full_replace,false,,,GOLF_20260607_004_public_notebook_full_replace,candidate,risk=medium; pending LB delta
task326,E:\Jitter\kagglegolf\data\external\public_bundles\beicicc_6645\extracted\task326.onnx,SRC_KAGGLE_NOTEBOOK_BEICICC_6645,public_full_replace,false,,,GOLF_20260607_004_public_notebook_full_replace,candidate,risk=medium; pending LB delta
task327,E:\Jitter\kagglegolf\data\external\public_bundles\beicicc_6645\extracted\task327.onnx,SRC_KAGGLE_NOTEBOOK_BEICICC_6645,public_full_replace,false,,,GOLF_20260607_004_public_notebook_full_replace,candidate,risk=medium; pending LB delta
task328,E:\Jitter\kagglegolf\data\external\public_bundles\beicicc_6645\extracted\task328.onnx,SRC_KAGGLE_NOTEBOOK_BEICICC_6645,public_full_replace,false,,,GOLF_20260607_004_public_notebook_full_replace,candidate,risk=medium; pending LB delta
task329,E:\Jitter\kagglegolf\data\external\public_bundles\beicicc_6645\extracted\task329.onnx,SRC_KAGGLE_NOTEBOOK_BEICICC_6645,public_full_replace,false,,,GOLF_20260607_004_public_notebook_full_replace,candidate,risk=medium; pending LB delta
task330,E:\Jitter\kagglegolf\data\external\public_bundles\beicicc_6645\extracted\task330.onnx,SRC_KAGGLE_NOTEBOOK_BEICICC_6645,public_full_replace,false,,,GOLF_20260607_004_public_notebook_full_replace,candidate,risk=medium; pending LB delta
task331,E:\Jitter\kagglegolf\data\external\public_bundles\beicicc_6645\extracted\task331.onnx,SRC_KAGGLE_NOTEBOOK_BEICICC_6645,public_full_replace,false,,,GOLF_20260607_004_public_notebook_full_replace,candidate,risk=medium; pending LB delta
task332,E:\Jitter\kagglegolf\data\external\public_bundles\beicicc_6645\extracted\task332.onnx,SRC_KAGGLE_NOTEBOOK_BEICICC_6645,public_full_replace,false,,,GOLF_20260607_004_public_notebook_full_replace,candidate,risk=medium; pending LB delta
task333,E:\Jitter\kagglegolf\data\external\public_bundles\beicicc_6645\extracted\task333.onnx,SRC_KAGGLE_NOTEBOOK_BEICICC_6645,public_full_replace,false,,,GOLF_20260607_004_public_notebook_full_replace,candidate,risk=medium; pending LB delta
task334,E:\Jitter\kagglegolf\data\external\public_bundles\beicicc_6645\extracted\task334.onnx,SRC_KAGGLE_NOTEBOOK_BEICICC_6645,public_full_replace,false,,,GOLF_20260607_004_public_notebook_full_replace,candidate,risk=medium; pending LB delta
task335,E:\Jitter\kagglegolf\data\external\public_bundles\beicicc_6645\extracted\task335.onnx,SRC_KAGGLE_NOTEBOOK_BEICICC_6645,public_full_replace,false,,,GOLF_20260607_004_public_notebook_full_replace,candidate,risk=medium; pending LB delta
task336,E:\Jitter\kagglegolf\data\external\public_bundles\beicicc_6645\extracted\task336.onnx,SRC_KAGGLE_NOTEBOOK_BEICICC_6645,public_full_replace,false,,,GOLF_20260607_004_public_notebook_full_replace,candidate,risk=medium; pending LB delta
task337,E:\Jitter\kagglegolf\data\external\public_bundles\beicicc_6645\extracted\task337.onnx,SRC_KAGGLE_NOTEBOOK_BEICICC_6645,public_full_replace,false,,,GOLF_20260607_004_public_notebook_full_replace,candidate,risk=medium; pending LB delta
task338,E:\Jitter\kagglegolf\data\external\public_bundles\beicicc_6645\extracted\task338.onnx,SRC_KAGGLE_NOTEBOOK_BEICICC_6645,public_full_replace,false,,,GOLF_20260607_004_public_notebook_full_replace,candidate,risk=medium; pending LB delta
task339,E:\Jitter\kagglegolf\data\external\public_bundles\beicicc_6645\extracted\task339.onnx,SRC_KAGGLE_NOTEBOOK_BEICICC_6645,public_full_replace,false,,,GOLF_20260607_004_public_notebook_full_replace,candidate,risk=medium; pending LB delta
task340,E:\Jitter\kagglegolf\data\external\public_bundles\beicicc_6645\extracted\task340.onnx,SRC_KAGGLE_NOTEBOOK_BEICICC_6645,public_full_replace,false,,,GOLF_20260607_004_public_notebook_full_replace,candidate,risk=medium; pending LB delta
task341,E:\Jitter\kagglegolf\data\external\public_bundles\beicicc_6645\extracted\task341.onnx,SRC_KAGGLE_NOTEBOOK_BEICICC_6645,public_full_replace,false,,,GOLF_20260607_004_public_notebook_full_replace,candidate,risk=medium; pending LB delta
task342,E:\Jitter\kagglegolf\data\external\public_bundles\beicicc_6645\extracted\task342.onnx,SRC_KAGGLE_NOTEBOOK_BEICICC_6645,public_full_replace,false,,,GOLF_20260607_004_public_notebook_full_replace,candidate,risk=medium; pending LB delta
task343,E:\Jitter\kagglegolf\data\external\public_bundles\beicicc_6645\extracted\task343.onnx,SRC_KAGGLE_NOTEBOOK_BEICICC_6645,public_full_replace,false,,,GOLF_20260607_004_public_notebook_full_replace,candidate,risk=medium; pending LB delta
task344,E:\Jitter\kagglegolf\data\external\public_bundles\beicicc_6645\extracted\task344.onnx,SRC_KAGGLE_NOTEBOOK_BEICICC_6645,public_full_replace,false,,,GOLF_20260607_004_public_notebook_full_replace,candidate,risk=medium; pending LB delta
task345,E:\Jitter\kagglegolf\data\external\public_bundles\beicicc_6645\extracted\task345.onnx,SRC_KAGGLE_NOTEBOOK_BEICICC_6645,public_full_replace,false,,,GOLF_20260607_004_public_notebook_full_replace,candidate,risk=medium; pending LB delta
task346,E:\Jitter\kagglegolf\data\external\public_bundles\beicicc_6645\extracted\task346.onnx,SRC_KAGGLE_NOTEBOOK_BEICICC_6645,public_full_replace,false,,,GOLF_20260607_004_public_notebook_full_replace,candidate,risk=medium; pending LB delta
task347,E:\Jitter\kagglegolf\data\external\public_bundles\beicicc_6645\extracted\task347.onnx,SRC_KAGGLE_NOTEBOOK_BEICICC_6645,public_full_replace,false,,,GOLF_20260607_004_public_notebook_full_replace,candidate,risk=medium; pending LB delta
task348,E:\Jitter\kagglegolf\data\external\public_bundles\beicicc_6645\extracted\task348.onnx,SRC_KAGGLE_NOTEBOOK_BEICICC_6645,public_full_replace,false,,,GOLF_20260607_004_public_notebook_full_replace,candidate,risk=medium; pending LB delta
task349,E:\Jitter\kagglegolf\data\external\public_bundles\beicicc_6645\extracted\task349.onnx,SRC_KAGGLE_NOTEBOOK_BEICICC_6645,public_full_replace,false,,,GOLF_20260607_004_public_notebook_full_replace,candidate,risk=medium; pending LB delta
task350,E:\Jitter\kagglegolf\data\external\public_bundles\beicicc_6645\extracted\task350.onnx,SRC_KAGGLE_NOTEBOOK_BEICICC_6645,public_full_replace,false,,,GOLF_20260607_004_public_notebook_full_replace,candidate,risk=medium; pending LB delta
task351,E:\Jitter\kagglegolf\data\external\public_bundles\beicicc_6645\extracted\task351.onnx,SRC_KAGGLE_NOTEBOOK_BEICICC_6645,public_full_replace,false,,,GOLF_20260607_004_public_notebook_full_replace,candidate,risk=medium; pending LB delta
task352,E:\Jitter\kagglegolf\data\external\public_bundles\beicicc_6645\extracted\task352.onnx,SRC_KAGGLE_NOTEBOOK_BEICICC_6645,public_full_replace,false,,,GOLF_20260607_004_public_notebook_full_replace,candidate,risk=medium; pending LB delta
task353,E:\Jitter\kagglegolf\data\external\public_bundles\beicicc_6645\extracted\task353.onnx,SRC_KAGGLE_NOTEBOOK_BEICICC_6645,public_full_replace,false,,,GOLF_20260607_004_public_notebook_full_replace,candidate,risk=medium; pending LB delta
task354,E:\Jitter\kagglegolf\data\external\public_bundles\beicicc_6645\extracted\task354.onnx,SRC_KAGGLE_NOTEBOOK_BEICICC_6645,public_full_replace,false,,,GOLF_20260607_004_public_notebook_full_replace,candidate,risk=medium; pending LB delta
task355,E:\Jitter\kagglegolf\data\external\public_bundles\beicicc_6645\extracted\task355.onnx,SRC_KAGGLE_NOTEBOOK_BEICICC_6645,public_full_replace,false,,,GOLF_20260607_004_public_notebook_full_replace,candidate,risk=medium; pending LB delta
task356,E:\Jitter\kagglegolf\data\external\public_bundles\beicicc_6645\extracted\task356.onnx,SRC_KAGGLE_NOTEBOOK_BEICICC_6645,public_full_replace,false,,,GOLF_20260607_004_public_notebook_full_replace,candidate,risk=medium; pending LB delta
task357,E:\Jitter\kagglegolf\data\external\public_bundles\beicicc_6645\extracted\task357.onnx,SRC_KAGGLE_NOTEBOOK_BEICICC_6645,public_full_replace,false,,,GOLF_20260607_004_public_notebook_full_replace,candidate,risk=medium; pending LB delta
task358,E:\Jitter\kagglegolf\data\external\public_bundles\beicicc_6645\extracted\task358.onnx,SRC_KAGGLE_NOTEBOOK_BEICICC_6645,public_full_replace,false,,,GOLF_20260607_004_public_notebook_full_replace,candidate,risk=medium; pending LB delta
task359,E:\Jitter\kagglegolf\data\external\public_bundles\beicicc_6645\extracted\task359.onnx,SRC_KAGGLE_NOTEBOOK_BEICICC_6645,public_full_replace,false,,,GOLF_20260607_004_public_notebook_full_replace,candidate,risk=medium; pending LB delta
task360,E:\Jitter\kagglegolf\data\external\public_bundles\beicicc_6645\extracted\task360.onnx,SRC_KAGGLE_NOTEBOOK_BEICICC_6645,public_full_replace,false,,,GOLF_20260607_004_public_notebook_full_replace,candidate,risk=medium; pending LB delta
task361,E:\Jitter\kagglegolf\data\external\public_bundles\beicicc_6645\extracted\task361.onnx,SRC_KAGGLE_NOTEBOOK_BEICICC_6645,public_full_replace,false,,,GOLF_20260607_004_public_notebook_full_replace,candidate,risk=medium; pending LB delta
task362,E:\Jitter\kagglegolf\data\external\public_bundles\beicicc_6645\extracted\task362.onnx,SRC_KAGGLE_NOTEBOOK_BEICICC_6645,public_full_replace,false,,,GOLF_20260607_004_public_notebook_full_replace,candidate,risk=medium; pending LB delta
task363,E:\Jitter\kagglegolf\data\external\public_bundles\beicicc_6645\extracted\task363.onnx,SRC_KAGGLE_NOTEBOOK_BEICICC_6645,public_full_replace,false,,,GOLF_20260607_004_public_notebook_full_replace,candidate,risk=medium; pending LB delta
task364,E:\Jitter\kagglegolf\data\external\public_bundles\beicicc_6645\extracted\task364.onnx,SRC_KAGGLE_NOTEBOOK_BEICICC_6645,public_full_replace,false,,,GOLF_20260607_004_public_notebook_full_replace,candidate,risk=medium; pending LB delta
task365,E:\Jitter\kagglegolf\data\external\public_bundles\beicicc_6645\extracted\task365.onnx,SRC_KAGGLE_NOTEBOOK_BEICICC_6645,public_full_replace,false,,,GOLF_20260607_004_public_notebook_full_replace,candidate,risk=medium; pending LB delta
task366,E:\Jitter\kagglegolf\data\external\public_bundles\beicicc_6645\extracted\task366.onnx,SRC_KAGGLE_NOTEBOOK_BEICICC_6645,public_full_replace,false,,,GOLF_20260607_004_public_notebook_full_replace,candidate,risk=medium; pending LB delta
task367,E:\Jitter\kagglegolf\data\external\public_bundles\beicicc_6645\extracted\task367.onnx,SRC_KAGGLE_NOTEBOOK_BEICICC_6645,public_full_replace,false,,,GOLF_20260607_004_public_notebook_full_replace,candidate,risk=medium; pending LB delta
task368,E:\Jitter\kagglegolf\data\external\public_bundles\beicicc_6645\extracted\task368.onnx,SRC_KAGGLE_NOTEBOOK_BEICICC_6645,public_full_replace,false,,,GOLF_20260607_004_public_notebook_full_replace,candidate,risk=medium; pending LB delta
task369,E:\Jitter\kagglegolf\data\external\public_bundles\beicicc_6645\extracted\task369.onnx,SRC_KAGGLE_NOTEBOOK_BEICICC_6645,public_full_replace,false,,,GOLF_20260607_004_public_notebook_full_replace,candidate,risk=medium; pending LB delta
task370,E:\Jitter\kagglegolf\data\external\public_bundles\beicicc_6645\extracted\task370.onnx,SRC_KAGGLE_NOTEBOOK_BEICICC_6645,public_full_replace,false,,,GOLF_20260607_004_public_notebook_full_replace,candidate,risk=medium; pending LB delta
task371,E:\Jitter\kagglegolf\data\external\public_bundles\beicicc_6645\extracted\task371.onnx,SRC_KAGGLE_NOTEBOOK_BEICICC_6645,public_full_replace,false,,,GOLF_20260607_004_public_notebook_full_replace,candidate,risk=medium; pending LB delta
task372,E:\Jitter\kagglegolf\data\external\public_bundles\beicicc_6645\extracted\task372.onnx,SRC_KAGGLE_NOTEBOOK_BEICICC_6645,public_full_replace,false,,,GOLF_20260607_004_public_notebook_full_replace,candidate,risk=medium; pending LB delta
task373,E:\Jitter\kagglegolf\data\external\public_bundles\beicicc_6645\extracted\task373.onnx,SRC_KAGGLE_NOTEBOOK_BEICICC_6645,public_full_replace,false,,,GOLF_20260607_004_public_notebook_full_replace,candidate,risk=medium; pending LB delta
task374,E:\Jitter\kagglegolf\data\external\public_bundles\beicicc_6645\extracted\task374.onnx,SRC_KAGGLE_NOTEBOOK_BEICICC_6645,public_full_replace,false,,,GOLF_20260607_004_public_notebook_full_replace,candidate,risk=medium; pending LB delta
task375,E:\Jitter\kagglegolf\data\external\public_bundles\beicicc_6645\extracted\task375.onnx,SRC_KAGGLE_NOTEBOOK_BEICICC_6645,public_full_replace,false,,,GOLF_20260607_004_public_notebook_full_replace,candidate,risk=medium; pending LB delta
task376,E:\Jitter\kagglegolf\data\external\public_bundles\beicicc_6645\extracted\task376.onnx,SRC_KAGGLE_NOTEBOOK_BEICICC_6645,public_full_replace,false,,,GOLF_20260607_004_public_notebook_full_replace,candidate,risk=medium; pending LB delta
task377,E:\Jitter\kagglegolf\data\external\public_bundles\beicicc_6645\extracted\task377.onnx,SRC_KAGGLE_NOTEBOOK_BEICICC_6645,public_full_replace,false,,,GOLF_20260607_004_public_notebook_full_replace,candidate,risk=medium; pending LB delta
task378,E:\Jitter\kagglegolf\data\external\public_bundles\beicicc_6645\extracted\task378.onnx,SRC_KAGGLE_NOTEBOOK_BEICICC_6645,public_full_replace,false,,,GOLF_20260607_004_public_notebook_full_replace,candidate,risk=medium; pending LB delta
task379,E:\Jitter\kagglegolf\data\external\public_bundles\beicicc_6645\extracted\task379.onnx,SRC_KAGGLE_NOTEBOOK_BEICICC_6645,public_full_replace,false,,,GOLF_20260607_004_public_notebook_full_replace,candidate,risk=medium; pending LB delta
task380,E:\Jitter\kagglegolf\data\external\public_bundles\beicicc_6645\extracted\task380.onnx,SRC_KAGGLE_NOTEBOOK_BEICICC_6645,public_full_replace,false,,,GOLF_20260607_004_public_notebook_full_replace,candidate,risk=medium; pending LB delta
task381,E:\Jitter\kagglegolf\data\external\public_bundles\beicicc_6645\extracted\task381.onnx,SRC_KAGGLE_NOTEBOOK_BEICICC_6645,public_full_replace,false,,,GOLF_20260607_004_public_notebook_full_replace,candidate,risk=medium; pending LB delta
task382,E:\Jitter\kagglegolf\data\external\public_bundles\beicicc_6645\extracted\task382.onnx,SRC_KAGGLE_NOTEBOOK_BEICICC_6645,public_full_replace,false,,,GOLF_20260607_004_public_notebook_full_replace,candidate,risk=medium; pending LB delta
task383,E:\Jitter\kagglegolf\data\external\public_bundles\beicicc_6645\extracted\task383.onnx,SRC_KAGGLE_NOTEBOOK_BEICICC_6645,public_full_replace,false,,,GOLF_20260607_004_public_notebook_full_replace,candidate,risk=medium; pending LB delta
task384,E:\Jitter\kagglegolf\data\external\public_bundles\beicicc_6645\extracted\task384.onnx,SRC_KAGGLE_NOTEBOOK_BEICICC_6645,public_full_replace,false,,,GOLF_20260607_004_public_notebook_full_replace,candidate,risk=medium; pending LB delta
task385,E:\Jitter\kagglegolf\data\external\public_bundles\beicicc_6645\extracted\task385.onnx,SRC_KAGGLE_NOTEBOOK_BEICICC_6645,public_full_replace,false,,,GOLF_20260607_004_public_notebook_full_replace,candidate,risk=medium; pending LB delta
task386,E:\Jitter\kagglegolf\data\external\public_bundles\beicicc_6645\extracted\task386.onnx,SRC_KAGGLE_NOTEBOOK_BEICICC_6645,public_full_replace,false,,,GOLF_20260607_004_public_notebook_full_replace,candidate,risk=medium; pending LB delta
task387,E:\Jitter\kagglegolf\data\external\public_bundles\beicicc_6645\extracted\task387.onnx,SRC_KAGGLE_NOTEBOOK_BEICICC_6645,public_full_replace,false,,,GOLF_20260607_004_public_notebook_full_replace,candidate,risk=medium; pending LB delta
task388,E:\Jitter\kagglegolf\data\external\public_bundles\beicicc_6645\extracted\task388.onnx,SRC_KAGGLE_NOTEBOOK_BEICICC_6645,public_full_replace,false,,,GOLF_20260607_004_public_notebook_full_replace,candidate,risk=medium; pending LB delta
task389,E:\Jitter\kagglegolf\data\external\public_bundles\beicicc_6645\extracted\task389.onnx,SRC_KAGGLE_NOTEBOOK_BEICICC_6645,public_full_replace,false,,,GOLF_20260607_004_public_notebook_full_replace,candidate,risk=medium; pending LB delta
task390,E:\Jitter\kagglegolf\data\external\public_bundles\beicicc_6645\extracted\task390.onnx,SRC_KAGGLE_NOTEBOOK_BEICICC_6645,public_full_replace,false,,,GOLF_20260607_004_public_notebook_full_replace,candidate,risk=medium; pending LB delta
task391,E:\Jitter\kagglegolf\data\external\public_bundles\beicicc_6645\extracted\task391.onnx,SRC_KAGGLE_NOTEBOOK_BEICICC_6645,public_full_replace,false,,,GOLF_20260607_004_public_notebook_full_replace,candidate,risk=medium; pending LB delta
task392,E:\Jitter\kagglegolf\data\external\public_bundles\beicicc_6645\extracted\task392.onnx,SRC_KAGGLE_NOTEBOOK_BEICICC_6645,public_full_replace,false,,,GOLF_20260607_004_public_notebook_full_replace,candidate,risk=medium; pending LB delta
task393,E:\Jitter\kagglegolf\data\external\public_bundles\beicicc_6645\extracted\task393.onnx,SRC_KAGGLE_NOTEBOOK_BEICICC_6645,public_full_replace,false,,,GOLF_20260607_004_public_notebook_full_replace,candidate,risk=medium; pending LB delta
task394,E:\Jitter\kagglegolf\data\external\public_bundles\beicicc_6645\extracted\task394.onnx,SRC_KAGGLE_NOTEBOOK_BEICICC_6645,public_full_replace,false,,,GOLF_20260607_004_public_notebook_full_replace,candidate,risk=medium; pending LB delta
task395,E:\Jitter\kagglegolf\data\external\public_bundles\beicicc_6645\extracted\task395.onnx,SRC_KAGGLE_NOTEBOOK_BEICICC_6645,public_full_replace,false,,,GOLF_20260607_004_public_notebook_full_replace,candidate,risk=medium; pending LB delta
task396,E:\Jitter\kagglegolf\data\external\public_bundles\beicicc_6645\extracted\task396.onnx,SRC_KAGGLE_NOTEBOOK_BEICICC_6645,public_full_replace,false,,,GOLF_20260607_004_public_notebook_full_replace,candidate,risk=medium; pending LB delta
task397,E:\Jitter\kagglegolf\data\external\public_bundles\beicicc_6645\extracted\task397.onnx,SRC_KAGGLE_NOTEBOOK_BEICICC_6645,public_full_replace,false,,,GOLF_20260607_004_public_notebook_full_replace,candidate,risk=medium; pending LB delta
task398,E:\Jitter\kagglegolf\data\external\public_bundles\beicicc_6645\extracted\task398.onnx,SRC_KAGGLE_NOTEBOOK_BEICICC_6645,public_full_replace,false,,,GOLF_20260607_004_public_notebook_full_replace,candidate,risk=medium; pending LB delta
task399,E:\Jitter\kagglegolf\data\external\public_bundles\beicicc_6645\extracted\task399.onnx,SRC_KAGGLE_NOTEBOOK_BEICICC_6645,public_full_replace,false,,,GOLF_20260607_004_public_notebook_full_replace,candidate,risk=medium; pending LB delta
task400,E:\Jitter\kagglegolf\data\external\public_bundles\beicicc_6645\extracted\task400.onnx,SRC_KAGGLE_NOTEBOOK_BEICICC_6645,public_full_replace,false,,,GOLF_20260607_004_public_notebook_full_replace,candidate,risk=medium; pending LB delta
