task_id,present_in_public_zip,missing_reason,source_id,source_notebook,output_file_sha256,size_bytes,notes
task001,true,,SRC_KAGGLE_NOTEBOOK_SAJAYR_7015,sajayr/neurogolf-7015,e268db0cade4a645bba4275f307a3ae00cbf29448bb96431595043cbb27a28a4,1199,public 7015 notebook output task file
task002,true,,SRC_KAGGLE_NOTEBOOK_SAJAYR_7015,sajayr/neurogolf-7015,a326f6c3553610489e7fc86e397e9031b345df4a52d02c2568c2a637644d13b3,51346,public 7015 notebook output task file
task003,true,,SRC_KAGGLE_NOTEBOOK_SAJAYR_7015,sajayr/neurogolf-7015,46a38818f8b54158bfee7cd02d5031b728bbc1a9c6320961a7664e88958f22eb,1442,public 7015 notebook output task file
task004,true,,SRC_KAGGLE_NOTEBOOK_SAJAYR_7015,sajayr/neurogolf-7015,105f88774686d4459ce185808a6a34446761bca18b5743eb24b5616fb46e7b6d,2170,public 7015 notebook output task file
task005,true,,SRC_KAGGLE_NOTEBOOK_SAJAYR_7015,sajayr/neurogolf-7015,4eb431e0721a314c309477df3f56e77e176925bef953cda6022a5f76c3ddb3bc,46645,public 7015 notebook output task file
task006,true,,SRC_KAGGLE_NOTEBOOK_SAJAYR_7015,sajayr/neurogolf-7015,c59abe078271e1b9716a9cfcaa299391f7a73d012775c268342f00ac36e40794,877,public 7015 notebook output task file
task007,true,,SRC_KAGGLE_NOTEBOOK_SAJAYR_7015,sajayr/neurogolf-7015,ee94f67c01b2af670919d608cdab2bd9611aa816f0d618d81945b3de27e3fabc,840,public 7015 notebook output task file
task008,true,,SRC_KAGGLE_NOTEBOOK_SAJAYR_7015,sajayr/neurogolf-7015,020d59b82154d23b9d45e7abb6c20bbff42517308aea6208febfdd85e99ba658,3954,public 7015 notebook output task file
task009,true,,SRC_KAGGLE_NOTEBOOK_SAJAYR_7015,sajayr/neurogolf-7015,c3f8e45ade47608d076cae0c79adc1ab934d9c559ab2e3f289c39f1329478415,7456,public 7015 notebook output task file
task010,true,,SRC_KAGGLE_NOTEBOOK_SAJAYR_7015,sajayr/neurogolf-7015,7221cdf57ead41beef3e200ead70890f187fe0f856ec2e8c23b5ebc215e0bbb7,3558,public 7015 notebook output task file
task011,true,,SRC_KAGGLE_NOTEBOOK_SAJAYR_7015,sajayr/neurogolf-7015,ea2829ba3167c59c28c8b60f318e96dd9bc0405ef84b3c4e2ab6e644cac248ae,2982,public 7015 notebook output task file
task012,true,,SRC_KAGGLE_NOTEBOOK_SAJAYR_7015,sajayr/neurogolf-7015,9e04ad29487dbe2a13c7f85b1ca9a3fc957b10a92e67d91b85415a2a9548778e,2795,public 7015 notebook output task file
task013,true,,SRC_KAGGLE_NOTEBOOK_SAJAYR_7015,sajayr/neurogolf-7015,350d7e0a0f62f04c11a3fdd5874bfa4fe44d493277d0008b3a2608dd38171e24,4593,public 7015 notebook output task file
task014,true,,SRC_KAGGLE_NOTEBOOK_SAJAYR_7015,sajayr/neurogolf-7015,df78f43a9365ce78139ced933168b6afc75595dcc346196cfa332c229d0be3e5,4534,public 7015 notebook output task file
task015,true,,SRC_KAGGLE_NOTEBOOK_SAJAYR_7015,sajayr/neurogolf-7015,5c349df404e7b8382b1cc60a3f1b0bbfee453f6c1a2a5dd854393466ab0f39ec,1705,public 7015 notebook output task file
task016,true,,SRC_KAGGLE_NOTEBOOK_SAJAYR_7015,sajayr/neurogolf-7015,2d9e1ec809a09a2bd9193e71d31c74d7ff84c9a3f5c897e3c4d459655eed9296,193,public 7015 notebook output task file
task017,true,,SRC_KAGGLE_NOTEBOOK_SAJAYR_7015,sajayr/neurogolf-7015,3729c983e9d24f540195cf2228556d477678d810f4d6a9d5cc491773fed963e9,10421,public 7015 notebook output task file
task018,true,,SRC_KAGGLE_NOTEBOOK_SAJAYR_7015,sajayr/neurogolf-7015,3027c3dea5e22df7ea707ea268664f786bf84bd7c1c21a8ac03923bd09fdc20e,85762,public 7015 notebook output task file
task019,true,,SRC_KAGGLE_NOTEBOOK_SAJAYR_7015,sajayr/neurogolf-7015,6664dad147d2dd5aa96f1d9a2a2675ab98c017970ee21f3663c806e777c34346,4408,public 7015 notebook output task file
task020,true,,SRC_KAGGLE_NOTEBOOK_SAJAYR_7015,sajayr/neurogolf-7015,1dc4b758d8dd872adeeccf346d29b462d77d9256f0576369840af27a514cf7b7,4521,public 7015 notebook output task file
task021,false,not included in public 395-file output,SRC_KAGGLE_NOTEBOOK_SAJAYR_7015,sajayr/neurogolf-7015,,,Kaggle accepted original public output despite missing task file
task022,true,,SRC_KAGGLE_NOTEBOOK_SAJAYR_7015,sajayr/neurogolf-7015,3d4f65133a72e7a6b94f1b2f325f8626658a63c1b4bd18a2639ecb7be538d840,3677,public 7015 notebook output task file
task023,true,,SRC_KAGGLE_NOTEBOOK_SAJAYR_7015,sajayr/neurogolf-7015,ebbdb542168ecaddccbd12c52f64399b08dea1eff69384a9ecd0fb7b69c885b0,8875,public 7015 notebook output task file
task024,true,,SRC_KAGGLE_NOTEBOOK_SAJAYR_7015,sajayr/neurogolf-7015,58e44e897772468fa8bc5e2c135814ce49d0fd98ad30d6639e107bdb16f4a6af,720,public 7015 notebook output task file
task025,true,,SRC_KAGGLE_NOTEBOOK_SAJAYR_7015,sajayr/neurogolf-7015,a1a84587278ba1a2bf7b1d61f9c0603e46394aa2134b4c57afb838666e9e003d,5099,public 7015 notebook output task file
task026,true,,SRC_KAGGLE_NOTEBOOK_SAJAYR_7015,sajayr/neurogolf-7015,cad3493d1882e587c1667ce1b4797c2692ad843221d4e0f20b935d6cdd8aab2f,1016,public 7015 notebook output task file
task027,true,,SRC_KAGGLE_NOTEBOOK_SAJAYR_7015,sajayr/neurogolf-7015,dba1d53af49771f191466f505b2f9dfb6ca75061d676886cb7ceb226c15cc39e,1929,public 7015 notebook output task file
task028,true,,SRC_KAGGLE_NOTEBOOK_SAJAYR_7015,sajayr/neurogolf-7015,70d055d527158aa58d649de095e8f8c932b6852fae95be66a3dd6f1a1c5baedb,963,public 7015 notebook output task file
task029,true,,SRC_KAGGLE_NOTEBOOK_SAJAYR_7015,sajayr/neurogolf-7015,e864622f6c5ca63bca4977c2fd795f93fe73b9609892b80ed296b636b988000a,3313,public 7015 notebook output task file
task030,true,,SRC_KAGGLE_NOTEBOOK_SAJAYR_7015,sajayr/neurogolf-7015,d3a9629c98620e7f3a2b8576beb285af50d80e115cd4a769ba03624fa332dc77,3088,public 7015 notebook output task file
task031,true,,SRC_KAGGLE_NOTEBOOK_SAJAYR_7015,sajayr/neurogolf-7015,98c2f1ef1375125702fe7e62a4c84df22910337a30087ef540767c45ef3cd9a0,3783,public 7015 notebook output task file
task032,true,,SRC_KAGGLE_NOTEBOOK_SAJAYR_7015,sajayr/neurogolf-7015,ceb4063280bf7df98b687efafb01b5fdedc714737f65b70a50c4a70a941c330a,3828,public 7015 notebook output task file
task033,true,,SRC_KAGGLE_NOTEBOOK_SAJAYR_7015,sajayr/neurogolf-7015,aa9357a8f5fca19d81a770db89eccf1e5fbed345d52ef426096832c34f6c15a8,2686,public 7015 notebook output task file
task034,true,,SRC_KAGGLE_NOTEBOOK_SAJAYR_7015,sajayr/neurogolf-7015,efc1a04231a27deb7526ea1ea8f9563f0f1ae66f58a1f81427e79ab065b9aa18,3021,public 7015 notebook output task file
task035,true,,SRC_KAGGLE_NOTEBOOK_SAJAYR_7015,sajayr/neurogolf-7015,78f6ddc377836ce17d34fb019dae546e16f508f5d7f2dcf1859efac0c7f0e754,6755,public 7015 notebook output task file
task036,true,,SRC_KAGGLE_NOTEBOOK_SAJAYR_7015,sajayr/neurogolf-7015,44fba614f66382d1078ceb883979570a3d9780ce758d8bf87b5b29fe802fff4d,2672,public 7015 notebook output task file
task037,true,,SRC_KAGGLE_NOTEBOOK_SAJAYR_7015,sajayr/neurogolf-7015,d7fae58854a549ee6b3bd51ac32106ce86dd885faae471571f2da1c6d834999f,3399,public 7015 notebook output task file
task038,true,,SRC_KAGGLE_NOTEBOOK_SAJAYR_7015,sajayr/neurogolf-7015,c4776de59a95731af1b97ef08b61bd62db867c2ddd6b9d2039ce294a0817b7de,892,public 7015 notebook output task file
task039,true,,SRC_KAGGLE_NOTEBOOK_SAJAYR_7015,sajayr/neurogolf-7015,a6f276c32e372cf8e51ca3034453f924cb480610a8607a5ce52d19bbd4dca813,1055,public 7015 notebook output task file
task040,true,,SRC_KAGGLE_NOTEBOOK_SAJAYR_7015,sajayr/neurogolf-7015,f335f4b5e01fb9e2c9610e63b72f9db3b4d4f4fba79cb92436db36ca4f9c6d0b,1572,public 7015 notebook output task file
task041,true,,SRC_KAGGLE_NOTEBOOK_SAJAYR_7015,sajayr/neurogolf-7015,ae98229fd77802bde674cadcfcbc8d633c744c1bf7e6f29d6b73bda68b948d0c,1381,public 7015 notebook output task file
task042,true,,SRC_KAGGLE_NOTEBOOK_SAJAYR_7015,sajayr/neurogolf-7015,750708a9a5332fbd8c065a17348a4b924a31c866117c6b9319e896e0ab2b652c,1830,public 7015 notebook output task file
task043,true,,SRC_KAGGLE_NOTEBOOK_SAJAYR_7015,sajayr/neurogolf-7015,bc5e37986512a8df40d696ccb1cf91cd14b40ce53c943315c698e6c651da0e77,1519,public 7015 notebook output task file
task044,true,,SRC_KAGGLE_NOTEBOOK_SAJAYR_7015,sajayr/neurogolf-7015,b905fab1b2e858781a6474e06340226ee66fce7dc7e5f16285deac739d43733a,17102,public 7015 notebook output task file
task045,true,,SRC_KAGGLE_NOTEBOOK_SAJAYR_7015,sajayr/neurogolf-7015,705abb769fa43025f5378bca53c2cd10771ac88312406183cbbf4d7c9a840689,2970,public 7015 notebook output task file
task046,true,,SRC_KAGGLE_NOTEBOOK_SAJAYR_7015,sajayr/neurogolf-7015,bf5f003c44b67d284c59880db72d75b26c926a317f63cf9cf453c23a33c1fed1,7726,public 7015 notebook output task file
task047,true,,SRC_KAGGLE_NOTEBOOK_SAJAYR_7015,sajayr/neurogolf-7015,7a9b76d46fa67b896ead9c80c3c13e8a408bb0d969aa6c4054fb74c6bb0caf58,2305,public 7015 notebook output task file
task048,true,,SRC_KAGGLE_NOTEBOOK_SAJAYR_7015,sajayr/neurogolf-7015,8caab46851ef47955d7c7219f177d16f8f7a5acfe14c2e4cf4b52ca8a983ef3b,7132,public 7015 notebook output task file
task049,true,,SRC_KAGGLE_NOTEBOOK_SAJAYR_7015,sajayr/neurogolf-7015,1926df13146ad078c6a128ef79267fa72129b2e6918c8e59305c6850a64ab4ee,2239,public 7015 notebook output task file
task050,true,,SRC_KAGGLE_NOTEBOOK_SAJAYR_7015,sajayr/neurogolf-7015,647c6c07e51d261894eae431fbb8abc5e20a9ac6840dc366eb5dcf034bd1fbbc,1721,public 7015 notebook output task file
task051,true,,SRC_KAGGLE_NOTEBOOK_SAJAYR_7015,sajayr/neurogolf-7015,5567f64beed7e5668004a6d09d1fadee58cfa818dfb2cd285d361da266427ab4,3212,public 7015 notebook output task file
task052,true,,SRC_KAGGLE_NOTEBOOK_SAJAYR_7015,sajayr/neurogolf-7015,d7b303424b2bd257b3044e6cfd3b4c4599329029f9d3e80625f823d4d5530bb4,944,public 7015 notebook output task file
task053,true,,SRC_KAGGLE_NOTEBOOK_SAJAYR_7015,sajayr/neurogolf-7015,60b0cc9cc4c1370f8dda39b3c886378f02691a0012d61bb0492fea0ad3e8a540,397,public 7015 notebook output task file
task054,true,,SRC_KAGGLE_NOTEBOOK_SAJAYR_7015,sajayr/neurogolf-7015,07477b1783d69ed890880873492814b6cbf7a67644ef123077f5ed526c09ce42,31346,public 7015 notebook output task file
task055,false,not included in public 395-file output,SRC_KAGGLE_NOTEBOOK_SAJAYR_7015,sajayr/neurogolf-7015,,,Kaggle accepted original public output despite missing task file
task056,true,,SRC_KAGGLE_NOTEBOOK_SAJAYR_7015,sajayr/neurogolf-7015,a5d7b219941d1f76d28f1a9315c0e6e964a5b9902a851c8055464c5060a15fc5,859,public 7015 notebook output task file
task057,true,,SRC_KAGGLE_NOTEBOOK_SAJAYR_7015,sajayr/neurogolf-7015,cb0320957f8280498ce363280dac5110fa977cd41c94e7e44668d34bb6412224,1367,public 7015 notebook output task file
task058,true,,SRC_KAGGLE_NOTEBOOK_SAJAYR_7015,sajayr/neurogolf-7015,98fb28e554a23b659107872cd9cc30f259eea1b05e8f8fd438dfae64d27a1fc0,6763,public 7015 notebook output task file
task059,true,,SRC_KAGGLE_NOTEBOOK_SAJAYR_7015,sajayr/neurogolf-7015,976596a9df0fd3a2bc6840ef0a5b63ccce8a544a3b68f4a7c8dd9ee3e76fcaa0,2038,public 7015 notebook output task file
task060,true,,SRC_KAGGLE_NOTEBOOK_SAJAYR_7015,sajayr/neurogolf-7015,27e18f887f20e0133d5f239bdc270687b6464349f0fd8dfd9db6cf438f89272f,4221,public 7015 notebook output task file
task061,true,,SRC_KAGGLE_NOTEBOOK_SAJAYR_7015,sajayr/neurogolf-7015,ca895cf016d83d9fdbcadf4e03a66caa491ec02314138a789a56ccd0a62addcd,875,public 7015 notebook output task file
task062,true,,SRC_KAGGLE_NOTEBOOK_SAJAYR_7015,sajayr/neurogolf-7015,d9a92f2e416e510033ae29279ced0d5b15a21991aadf73373b7452fdc11f5b19,4117,public 7015 notebook output task file
task063,true,,SRC_KAGGLE_NOTEBOOK_SAJAYR_7015,sajayr/neurogolf-7015,71c1570952a250cb74c5961297b3db37e69cba4ee6d1f9d64fe8eaec393c6910,2410,public 7015 notebook output task file
task064,true,,SRC_KAGGLE_NOTEBOOK_SAJAYR_7015,sajayr/neurogolf-7015,1c0001f17f5e4338f315d50438f0c78a9d9b33d3113cbb890c60106b186bfaee,5560,public 7015 notebook output task file
task065,true,,SRC_KAGGLE_NOTEBOOK_SAJAYR_7015,sajayr/neurogolf-7015,9db27fca5c1383b63ec15710657512aeff75a87392c3773c2b00a98c2805e155,2192,public 7015 notebook output task file
task066,true,,SRC_KAGGLE_NOTEBOOK_SAJAYR_7015,sajayr/neurogolf-7015,52a7ce7854d1c89fc3fadce78cc4fcd3f0f4cc28fe18da2dea6e84d5c5a064a3,36786,public 7015 notebook output task file
task067,true,,SRC_KAGGLE_NOTEBOOK_SAJAYR_7015,sajayr/neurogolf-7015,4e3a67d23c2347daefc176985ee779797cdb2fd159f7a652d0c866f84ac26c71,296,public 7015 notebook output task file
task068,true,,SRC_KAGGLE_NOTEBOOK_SAJAYR_7015,sajayr/neurogolf-7015,4dff0626d4da16c33bac4c0edd9a6b73856b403fcb124505fedd4dadbedc15ca,1693,public 7015 notebook output task file
task069,true,,SRC_KAGGLE_NOTEBOOK_SAJAYR_7015,sajayr/neurogolf-7015,637d51c1cb131e0d30d05476637ec45ab588604b9463ed72c113ba13ca609ec2,6846,public 7015 notebook output task file
task070,true,,SRC_KAGGLE_NOTEBOOK_SAJAYR_7015,sajayr/neurogolf-7015,f06e034ce99c680498f5834c66ebe091adf339a30b3f6b4866e9e5fe07b6d86c,1062,public 7015 notebook output task file
task071,true,,SRC_KAGGLE_NOTEBOOK_SAJAYR_7015,sajayr/neurogolf-7015,0541e664309a4fd48599f37108d6358e3edeedf742ee93a769339dfad26ac343,3829,public 7015 notebook output task file
task072,true,,SRC_KAGGLE_NOTEBOOK_SAJAYR_7015,sajayr/neurogolf-7015,c4fcd4c3f9fc186b44d4f723ae3d94067131b39cdcd4c25329546a7cee4b0102,446,public 7015 notebook output task file
task073,true,,SRC_KAGGLE_NOTEBOOK_SAJAYR_7015,sajayr/neurogolf-7015,e4316bf775feba0bc9dc82c0472b0b990aefde5fb40341dc51ca6d6f221e9fac,371,public 7015 notebook output task file
task074,true,,SRC_KAGGLE_NOTEBOOK_SAJAYR_7015,sajayr/neurogolf-7015,21eb5587fef3bd64b55f845386fb89c12789cef2c04b73b4ad4bdccdcc22f86b,15506,public 7015 notebook output task file
task075,true,,SRC_KAGGLE_NOTEBOOK_SAJAYR_7015,sajayr/neurogolf-7015,597d643e5bf0921ab6030007e6242e77feb12b000c0e392b7fe40296a9bae887,1697,public 7015 notebook output task file
task076,true,,SRC_KAGGLE_NOTEBOOK_SAJAYR_7015,sajayr/neurogolf-7015,92a3a1023be8edbf8ebff2a72624d3b5ab34d0689214525fc11f894a2ad3cdc4,26159,public 7015 notebook output task file
task077,true,,SRC_KAGGLE_NOTEBOOK_SAJAYR_7015,sajayr/neurogolf-7015,aed2e5bc17890c065612d59a71aa6748b8bd0b4326c851957f4a67d0448c34d7,3449,public 7015 notebook output task file
task078,true,,SRC_KAGGLE_NOTEBOOK_SAJAYR_7015,sajayr/neurogolf-7015,77e11fc3917cd26fbf1afb7e950e01085b8062e512eb928ab602925f9e47e367,1132,public 7015 notebook output task file
task079,true,,SRC_KAGGLE_NOTEBOOK_SAJAYR_7015,sajayr/neurogolf-7015,134d794ee78ec0ef1fc4a1424e353d929a3ef6228f78d96784def4f7042c103c,4191,public 7015 notebook output task file
task080,false,not included in public 395-file output,SRC_KAGGLE_NOTEBOOK_SAJAYR_7015,sajayr/neurogolf-7015,,,Kaggle accepted original public output despite missing task file
task081,true,,SRC_KAGGLE_NOTEBOOK_SAJAYR_7015,sajayr/neurogolf-7015,38ec9f3fe8fb654ba69cc258a2f163709366d5da6aad62a98a3cec6cb57433f1,821,public 7015 notebook output task file
task082,true,,SRC_KAGGLE_NOTEBOOK_SAJAYR_7015,sajayr/neurogolf-7015,e050837db177e7d6b2e5ad5c4cd76bcf19e85a0aedf3fc265056d75870d80446,989,public 7015 notebook output task file
task083,true,,SRC_KAGGLE_NOTEBOOK_SAJAYR_7015,sajayr/neurogolf-7015,36ab0991355c46b97f51e490069283f55d4d5b2c51eeca6c9d73c2e254357cda,1325,public 7015 notebook output task file
task084,true,,SRC_KAGGLE_NOTEBOOK_SAJAYR_7015,sajayr/neurogolf-7015,d7217e0bb5b86f0ff7eadc683a638b071dfccaf37f8099c59053531ef3d91aa0,1679,public 7015 notebook output task file
task085,true,,SRC_KAGGLE_NOTEBOOK_SAJAYR_7015,sajayr/neurogolf-7015,c3c08cc90d94cf5787f5bccf0188489a5e896c42fcf8e677e754b2fc64ca4bd9,3853,public 7015 notebook output task file
task086,true,,SRC_KAGGLE_NOTEBOOK_SAJAYR_7015,sajayr/neurogolf-7015,bfc478d61af62f345e4324a771a774d2619bae148a5d8c279b1f7ff5af88c073,4355,public 7015 notebook output task file
task087,true,,SRC_KAGGLE_NOTEBOOK_SAJAYR_7015,sajayr/neurogolf-7015,f7ba1e69db7e44ed9c83df319058fd68957d6ab94147ecd9a34d734cb1bbb711,640,public 7015 notebook output task file
task088,true,,SRC_KAGGLE_NOTEBOOK_SAJAYR_7015,sajayr/neurogolf-7015,4b3fb33cb0edb9f1a94dd71226b12073656e8298f0b43d727cfa8576c0fcad74,3349,public 7015 notebook output task file
task089,true,,SRC_KAGGLE_NOTEBOOK_SAJAYR_7015,sajayr/neurogolf-7015,94b4fe703ddacbcb7e1a3ccdc7d87c341d14e8610b2ab420ae92b4c4cb00a0d6,6860,public 7015 notebook output task file
task090,true,,SRC_KAGGLE_NOTEBOOK_SAJAYR_7015,sajayr/neurogolf-7015,ef9a09cb6399156e0a67c7aac67c0921f648c98a1b35ff94affb36c556b99a62,35111,public 7015 notebook output task file
task091,true,,SRC_KAGGLE_NOTEBOOK_SAJAYR_7015,sajayr/neurogolf-7015,4ff543db4a41012d774324fb6fe39dfbe2a12613c9dcb1228b1405d0f14e733c,4910,public 7015 notebook output task file
task092,true,,SRC_KAGGLE_NOTEBOOK_SAJAYR_7015,sajayr/neurogolf-7015,ce69854ff3c23fcbb51404c1b9b1857689985f4adf5c52fc25e888b225e73b69,6521,public 7015 notebook output task file
task093,true,,SRC_KAGGLE_NOTEBOOK_SAJAYR_7015,sajayr/neurogolf-7015,4b1f4a6426ebe7eedd4d1a547cf71450e8793a35dea52f23546bba24340c5ccb,4845,public 7015 notebook output task file
task094,true,,SRC_KAGGLE_NOTEBOOK_SAJAYR_7015,sajayr/neurogolf-7015,343928083981764d04f9066104f462f035c78dc7d08efcfacb6689f5675a6cbf,1623,public 7015 notebook output task file
task095,true,,SRC_KAGGLE_NOTEBOOK_SAJAYR_7015,sajayr/neurogolf-7015,e3212af213f8b2799ceaa19a24ec62248dfb084bf6216535e58cb6020a2e8f7d,587,public 7015 notebook output task file
task096,true,,SRC_KAGGLE_NOTEBOOK_SAJAYR_7015,sajayr/neurogolf-7015,64aa7c97361135efd1916508b448f523e5731acea606f3c14f3062b4203cf0f5,12556,public 7015 notebook output task file
task097,true,,SRC_KAGGLE_NOTEBOOK_SAJAYR_7015,sajayr/neurogolf-7015,e11f658842029acf14bc7f02675371d143c017e0709af40a14889bf685d7340e,3829,public 7015 notebook output task file
task098,true,,SRC_KAGGLE_NOTEBOOK_SAJAYR_7015,sajayr/neurogolf-7015,5aad8d8ffb260eb0c90abfb93e28e88c772f7afee8bdf4d318e99c3266a1209c,3794,public 7015 notebook output task file
task099,true,,SRC_KAGGLE_NOTEBOOK_SAJAYR_7015,sajayr/neurogolf-7015,f9529f403c212bd89a424ead6487b6c6a7e23f3bb0ebe14b817d9baf89307c64,7975,public 7015 notebook output task file
task100,true,,SRC_KAGGLE_NOTEBOOK_SAJAYR_7015,sajayr/neurogolf-7015,f571aa391aeb0642b0d18ecfc9208a5aa3d243130aff1ee356a73c15966b02ad,2501,public 7015 notebook output task file
task101,true,,SRC_KAGGLE_NOTEBOOK_SAJAYR_7015,sajayr/neurogolf-7015,bcee9551d99cf960063a033de6296abfe42c05cb1f407a9c1387b9a4e4b44372,33390,public 7015 notebook output task file
task102,true,,SRC_KAGGLE_NOTEBOOK_SAJAYR_7015,sajayr/neurogolf-7015,22ad045903cba5b5ed2617127a1ed8cf94e637ae0689f7b6253770f78bd8b7b7,1861,public 7015 notebook output task file
task103,true,,SRC_KAGGLE_NOTEBOOK_SAJAYR_7015,sajayr/neurogolf-7015,efcd43b5ad14b6c5b1d8d0763306a9b00ea9032fb168a4813004a36e2c6b99fd,411,public 7015 notebook output task file
task104,true,,SRC_KAGGLE_NOTEBOOK_SAJAYR_7015,sajayr/neurogolf-7015,937eaaa6f714b27c62c752203b35a09120d9c2f576caff25063e8c2db005afcd,1443,public 7015 notebook output task file
task105,true,,SRC_KAGGLE_NOTEBOOK_SAJAYR_7015,sajayr/neurogolf-7015,3ad55c242f3511f93cca1efc275b987cc81e5e253e4ea6294f76dd699f9a3fd9,10339,public 7015 notebook output task file
task106,true,,SRC_KAGGLE_NOTEBOOK_SAJAYR_7015,sajayr/neurogolf-7015,fdacaab0df9f70641978f7db48f0bd1ad60051e6f54ec8df771c7d4896d7174c,1359,public 7015 notebook output task file
task107,true,,SRC_KAGGLE_NOTEBOOK_SAJAYR_7015,sajayr/neurogolf-7015,5b32b87f6d6aef0e94a81f48e986c6ffe22cac9fa7d2411913db1cfbe2816191,11832,public 7015 notebook output task file
task108,true,,SRC_KAGGLE_NOTEBOOK_SAJAYR_7015,sajayr/neurogolf-7015,f568a4d536eaa040f27501308f6d2856c53b69b88b37aee9ab42afa9703da6e7,974,public 7015 notebook output task file
task109,true,,SRC_KAGGLE_NOTEBOOK_SAJAYR_7015,sajayr/neurogolf-7015,417a809c1d2a9c86f10626e0ff578fcc473ce7467dce11928146b03910a828e4,2572,public 7015 notebook output task file
task110,true,,SRC_KAGGLE_NOTEBOOK_SAJAYR_7015,sajayr/neurogolf-7015,85f596f93dad8ec19952ac684de973999bcc4a3837c3a2def97fed9a519c5d4f,6230,public 7015 notebook output task file
task111,true,,SRC_KAGGLE_NOTEBOOK_SAJAYR_7015,sajayr/neurogolf-7015,a5ff3fdfeb73e6f117fd31c3a9b5541451d29b5b7eb575a353ebd85deedbefa8,1010,public 7015 notebook output task file
task112,true,,SRC_KAGGLE_NOTEBOOK_SAJAYR_7015,sajayr/neurogolf-7015,06277530549328ef7c3fa022e0a055777dbac94aacdd82d156568892bc0070bb,4034,public 7015 notebook output task file
task113,true,,SRC_KAGGLE_NOTEBOOK_SAJAYR_7015,sajayr/neurogolf-7015,35a39bc040970b81a69fe3c95959f327893c290979f6996c8e0f71db2502258d,321,public 7015 notebook output task file
task114,true,,SRC_KAGGLE_NOTEBOOK_SAJAYR_7015,sajayr/neurogolf-7015,73a3da0a6b40bf1ac49e7095185ec632fd838bc9a57322d5876e09d66f28afbd,3835,public 7015 notebook output task file
task115,true,,SRC_KAGGLE_NOTEBOOK_SAJAYR_7015,sajayr/neurogolf-7015,934563abdff36878d81ce578a85e2022d1231335e8f57c0ccd7ca83f67d3fdf8,3419,public 7015 notebook output task file
task116,true,,SRC_KAGGLE_NOTEBOOK_SAJAYR_7015,sajayr/neurogolf-7015,f57bc7cb8e24efba5c6f692737ffaca9f1be5466cd79d235b042a6f84fc9d1d8,266,public 7015 notebook output task file
task117,true,,SRC_KAGGLE_NOTEBOOK_SAJAYR_7015,sajayr/neurogolf-7015,ae9954fbfdade3d234a17817b881e6745b021f7760d8863632211fb105a7c675,5063,public 7015 notebook output task file
task118,true,,SRC_KAGGLE_NOTEBOOK_SAJAYR_7015,sajayr/neurogolf-7015,4549d244c74f30fd2d4941104abffc2256212728b3222d7d4d7ae0b1bdd2d2e6,40440,public 7015 notebook output task file
task119,true,,SRC_KAGGLE_NOTEBOOK_SAJAYR_7015,sajayr/neurogolf-7015,0c83e6d25793dd851e59bb18146fd097555c1cb25834b40cae80e0fe295337ec,4683,public 7015 notebook output task file
task120,true,,SRC_KAGGLE_NOTEBOOK_SAJAYR_7015,sajayr/neurogolf-7015,eb3ffdb92f73a07885e28c9c854599a7a64da2ae4d978c39abe2506e11201ec2,3840,public 7015 notebook output task file
task121,true,,SRC_KAGGLE_NOTEBOOK_SAJAYR_7015,sajayr/neurogolf-7015,65b95f2297ffe024717a9ab6928fafcc244a2cf54cfb0489223c125edb2740f2,2806,public 7015 notebook output task file
task122,true,,SRC_KAGGLE_NOTEBOOK_SAJAYR_7015,sajayr/neurogolf-7015,9d256b458e31da4423eee2f1c90ac42204a8e573ea622c1b679c25865828eabf,3470,public 7015 notebook output task file
task123,true,,SRC_KAGGLE_NOTEBOOK_SAJAYR_7015,sajayr/neurogolf-7015,ca514894ab5c40bdacf0ede13d506b936f227201d686d32974c965361c7d2ffa,4960,public 7015 notebook output task file
task124,true,,SRC_KAGGLE_NOTEBOOK_SAJAYR_7015,sajayr/neurogolf-7015,26b8e6ed0bf7af2854fdb0a212b36b36330a4412f71ab683aa5681c557ac0ab7,2689,public 7015 notebook output task file
task125,true,,SRC_KAGGLE_NOTEBOOK_SAJAYR_7015,sajayr/neurogolf-7015,31e9c6926235af578469115777db7fb3aa2812ed0d683f2edc93558bb6d1a52d,1405,public 7015 notebook output task file
task126,true,,SRC_KAGGLE_NOTEBOOK_SAJAYR_7015,sajayr/neurogolf-7015,9237cc39bcc3eebc6e19bed132bb01c0083932c9323f8dd68f8082fe28f2d5d8,1334,public 7015 notebook output task file
task127,true,,SRC_KAGGLE_NOTEBOOK_SAJAYR_7015,sajayr/neurogolf-7015,2421f9f0f87224c60a248e8d2e6577324615aef1a990193582137234da46f320,1009,public 7015 notebook output task file
task128,true,,SRC_KAGGLE_NOTEBOOK_SAJAYR_7015,sajayr/neurogolf-7015,9aa8aeba983f03c0037fc4a62a8f7a46a43e3056fd22b6998b7f4671fdcf4bf7,2157,public 7015 notebook output task file
task129,true,,SRC_KAGGLE_NOTEBOOK_SAJAYR_7015,sajayr/neurogolf-7015,0a5f6e5eabed3dbd3b710c59c3dc4379fb147540f4700b58d5165bc519e4e958,298,public 7015 notebook output task file
task130,true,,SRC_KAGGLE_NOTEBOOK_SAJAYR_7015,sajayr/neurogolf-7015,aaf291bab4664270ac1030a0f0a0efa703f037c864bb9dea18014975c16b0dc3,382,public 7015 notebook output task file
task131,true,,SRC_KAGGLE_NOTEBOOK_SAJAYR_7015,sajayr/neurogolf-7015,893a53134df1d35526ac46d140c58f4b8191d90488572b53e0ccf3f6e4882817,11222,public 7015 notebook output task file
task132,true,,SRC_KAGGLE_NOTEBOOK_SAJAYR_7015,sajayr/neurogolf-7015,a3055df790ac65592a4e5179237b014ae17685b4cb612742418094507387c529,5710,public 7015 notebook output task file
task133,true,,SRC_KAGGLE_NOTEBOOK_SAJAYR_7015,sajayr/neurogolf-7015,b036e138fd6fa75447a193ccd851c04c89af593c8c4f28f125b53f7a50aea83c,18602,public 7015 notebook output task file
task134,true,,SRC_KAGGLE_NOTEBOOK_SAJAYR_7015,sajayr/neurogolf-7015,bdd63027ea0b53d11814fa9689c43d43abff1458264cfd985e6047bcaeaafcf4,4574,public 7015 notebook output task file
task135,true,,SRC_KAGGLE_NOTEBOOK_SAJAYR_7015,sajayr/neurogolf-7015,673896245f774358872d05cd367d1d1eb3d3c1a8ce689ce37b29c8b3bd2555f3,997,public 7015 notebook output task file
task136,true,,SRC_KAGGLE_NOTEBOOK_SAJAYR_7015,sajayr/neurogolf-7015,3be184ab9a7ed5bd29c193a098634283a70f1ca8e8fec21f032c5628c2ca51cf,3202,public 7015 notebook output task file
task137,true,,SRC_KAGGLE_NOTEBOOK_SAJAYR_7015,sajayr/neurogolf-7015,59ab733a63abe777f5b9de8f382455e704065188e97327852f84735686a797b7,2041,public 7015 notebook output task file
task138,true,,SRC_KAGGLE_NOTEBOOK_SAJAYR_7015,sajayr/neurogolf-7015,85b54213166d75e5372487663c707c3a6f65ae53e02d518a077895b2e750e515,4314,public 7015 notebook output task file
task139,true,,SRC_KAGGLE_NOTEBOOK_SAJAYR_7015,sajayr/neurogolf-7015,b73deb3fe67d3d7c4fea3589637ee4ca48b45493af3aca6e3588d0aee9628899,934,public 7015 notebook output task file
task140,true,,SRC_KAGGLE_NOTEBOOK_SAJAYR_7015,sajayr/neurogolf-7015,d4830ee432562703ce0e624377faf58bf72b5433e6b4616e8268be0d20a86dc8,382,public 7015 notebook output task file
task141,true,,SRC_KAGGLE_NOTEBOOK_SAJAYR_7015,sajayr/neurogolf-7015,b0bf73a6c5651fb0f96d143e55452c1abd7e8fe0f2e807eafc10e9a548f11e0a,1632,public 7015 notebook output task file
task142,true,,SRC_KAGGLE_NOTEBOOK_SAJAYR_7015,sajayr/neurogolf-7015,b2bcb44c3431bc8904247245aaf55d9b67228a92e0dd74f506a333740aaada47,782,public 7015 notebook output task file
task143,true,,SRC_KAGGLE_NOTEBOOK_SAJAYR_7015,sajayr/neurogolf-7015,8d23876d44bb5bd8d5925028d2d98553b05d23d93627e02c29e9ba7fb4a99b66,3342,public 7015 notebook output task file
task144,true,,SRC_KAGGLE_NOTEBOOK_SAJAYR_7015,sajayr/neurogolf-7015,24b5c705a650f19dd38c7477a70dc19699523501662ffde1afb3973cb504ff4a,623,public 7015 notebook output task file
task145,true,,SRC_KAGGLE_NOTEBOOK_SAJAYR_7015,sajayr/neurogolf-7015,b53851b89df9193ce19fd41bc983af86fa8348de6d3c93ae487611082e3d458a,2671,public 7015 notebook output task file
task146,true,,SRC_KAGGLE_NOTEBOOK_SAJAYR_7015,sajayr/neurogolf-7015,62af91ca7366013ad330c14e5e0135f957d848346903a4f3cb99c00f90e3a079,1728,public 7015 notebook output task file
task147,true,,SRC_KAGGLE_NOTEBOOK_SAJAYR_7015,sajayr/neurogolf-7015,f8c50aeec09138e2867f0b468a7f41db144b8a4a6df6a3889a0a8801a6aa4d2b,1309,public 7015 notebook output task file
task148,true,,SRC_KAGGLE_NOTEBOOK_SAJAYR_7015,sajayr/neurogolf-7015,0dc1ff8f583b8632c57a69ce08aa8cda9cf73a66b3ebb2b27addc8679f3df90a,6128,public 7015 notebook output task file
task149,true,,SRC_KAGGLE_NOTEBOOK_SAJAYR_7015,sajayr/neurogolf-7015,73c3ffd2b9ab348e04db2e38b40b98e054d1867dd8ee0826f0ebdbe19da73e3e,921,public 7015 notebook output task file
task150,true,,SRC_KAGGLE_NOTEBOOK_SAJAYR_7015,sajayr/neurogolf-7015,f7b9a9bc8ebf4522236b117321fa49c34a483e02e6aa789f7c437a46039ecdf3,498,public 7015 notebook output task file
task151,true,,SRC_KAGGLE_NOTEBOOK_SAJAYR_7015,sajayr/neurogolf-7015,923f0ee2c55298f44b9f8669305997a4277a7143c4a847c20d536b039d0e163f,3790,public 7015 notebook output task file
task152,true,,SRC_KAGGLE_NOTEBOOK_SAJAYR_7015,sajayr/neurogolf-7015,602e3167cb8842803d2ac990c1c5423379b4651e5cb1207114c30810de13f66f,1404,public 7015 notebook output task file
task153,true,,SRC_KAGGLE_NOTEBOOK_SAJAYR_7015,sajayr/neurogolf-7015,384c3fdd27e9e80e87e9e04df462d8ffd4e66d8172b43c645b15645e28257fd2,5631,public 7015 notebook output task file
task154,true,,SRC_KAGGLE_NOTEBOOK_SAJAYR_7015,sajayr/neurogolf-7015,33ae6b30b0234bf08bd8e37909be6d83369e335440008f50a61a9ec86cc0760c,3341,public 7015 notebook output task file
task155,true,,SRC_KAGGLE_NOTEBOOK_SAJAYR_7015,sajayr/neurogolf-7015,81969433909ac8f8a591262db6256652ed49bebbc3380a0cfed52ec22751c1d1,452,public 7015 notebook output task file
task156,true,,SRC_KAGGLE_NOTEBOOK_SAJAYR_7015,sajayr/neurogolf-7015,e8df5d0ab7c8b94f45d8c8a6d643a9002dacf075c90729fbb10da3ddb39eefaf,2078,public 7015 notebook output task file
task157,true,,SRC_KAGGLE_NOTEBOOK_SAJAYR_7015,sajayr/neurogolf-7015,6af183317f5473e6090b8872587a8a5ca7b896907faca2bf4aaff60ff3559ee4,175629,public 7015 notebook output task file
task158,true,,SRC_KAGGLE_NOTEBOOK_SAJAYR_7015,sajayr/neurogolf-7015,ed0bc1f2f17208c4741820d620cb37c6acc96aabfe4dc63b4d39373fba10446c,13229,public 7015 notebook output task file
task159,true,,SRC_KAGGLE_NOTEBOOK_SAJAYR_7015,sajayr/neurogolf-7015,9d38af3859f9df7b0fcac238d0bc67c549ea995f3cc6eaea41824310b9f84e70,3358,public 7015 notebook output task file
task160,true,,SRC_KAGGLE_NOTEBOOK_SAJAYR_7015,sajayr/neurogolf-7015,5d47907a9855c174a7676f14ca34537db126bc5e292856bb1161bf9a93782f70,1176,public 7015 notebook output task file
task161,true,,SRC_KAGGLE_NOTEBOOK_SAJAYR_7015,sajayr/neurogolf-7015,292153ed0182cbd2e57e5c19cc66493bfbe3ce678fc99a67da12541eb0d552fe,4939,public 7015 notebook output task file
task162,true,,SRC_KAGGLE_NOTEBOOK_SAJAYR_7015,sajayr/neurogolf-7015,c15fe38872bde7af561a7e7a9a302aa453ff0199c0d0e0316398ab5f2aa07869,1245,public 7015 notebook output task file
task163,true,,SRC_KAGGLE_NOTEBOOK_SAJAYR_7015,sajayr/neurogolf-7015,7efdfdf3608de2dede1cc239a4930fb38affd277c5653d59671dd35d84cb8261,2680,public 7015 notebook output task file
task164,true,,SRC_KAGGLE_NOTEBOOK_SAJAYR_7015,sajayr/neurogolf-7015,7d21ff42590dbb578104ad3a52de35a77ecf207e5b1a25b138d84324fbd817f8,321,public 7015 notebook output task file
task165,true,,SRC_KAGGLE_NOTEBOOK_SAJAYR_7015,sajayr/neurogolf-7015,82941762a3768ee5359bf76ba10faf31158be199b2fc5c37452cae80a8060f61,3602,public 7015 notebook output task file
task166,true,,SRC_KAGGLE_NOTEBOOK_SAJAYR_7015,sajayr/neurogolf-7015,5b27fd62c7975ee02404cfb956fcf535d40fba52b6f0b09987d88c744fe4ede8,352,public 7015 notebook output task file
task167,true,,SRC_KAGGLE_NOTEBOOK_SAJAYR_7015,sajayr/neurogolf-7015,0528290615251a157fcb3d36d853eb8bfce0c5ba5144e3541aa6ed06f2c9d64a,953,public 7015 notebook output task file
task168,true,,SRC_KAGGLE_NOTEBOOK_SAJAYR_7015,sajayr/neurogolf-7015,bc5deb57f3f314363b0c684dbd7402eb6f4c12b1fe6802ea0ccb7116f2431d32,2859,public 7015 notebook output task file
task169,true,,SRC_KAGGLE_NOTEBOOK_SAJAYR_7015,sajayr/neurogolf-7015,19de1a4e6be8661d13c9f9103e149355023743e77b5e636ebddd4cd40b84f990,1404,public 7015 notebook output task file
task170,true,,SRC_KAGGLE_NOTEBOOK_SAJAYR_7015,sajayr/neurogolf-7015,1609c0bd8a6e0585a74689e9492bf9fca20ef574d3f1c52aedd787a763f18360,6277,public 7015 notebook output task file
task171,true,,SRC_KAGGLE_NOTEBOOK_SAJAYR_7015,sajayr/neurogolf-7015,3fd3a39b195be6d4cb8bcf27c295ac3159134736f11e28d945d99db4fe860326,3833,public 7015 notebook output task file
task172,true,,SRC_KAGGLE_NOTEBOOK_SAJAYR_7015,sajayr/neurogolf-7015,f27567dd7653cecb2edcca66da619154f79595b5dff72ed685eaa78cf4f86a26,299,public 7015 notebook output task file
task173,true,,SRC_KAGGLE_NOTEBOOK_SAJAYR_7015,sajayr/neurogolf-7015,a3f54fe0b0b44493dfc42f79e9e594ab24f057c905f3914da48e5dbbc859a203,9789,public 7015 notebook output task file
task174,true,,SRC_KAGGLE_NOTEBOOK_SAJAYR_7015,sajayr/neurogolf-7015,30fe7d34e4fc9d764dc207052f2a3ad548534dcd92c13907beb1deef47ea0ed7,6481,public 7015 notebook output task file
task175,true,,SRC_KAGGLE_NOTEBOOK_SAJAYR_7015,sajayr/neurogolf-7015,c4b1e4579ef23752c311f33139d8a194163e7bfd8e6a42437df5749ec414663e,5574,public 7015 notebook output task file
task176,true,,SRC_KAGGLE_NOTEBOOK_SAJAYR_7015,sajayr/neurogolf-7015,973e94ddb6a1db46e7d945294f50e0d67faf993399dae2a5dfb97ba14b111b76,1229,public 7015 notebook output task file
task177,true,,SRC_KAGGLE_NOTEBOOK_SAJAYR_7015,sajayr/neurogolf-7015,77bd72fe17e11613f30cfca83a142e6018b9eec2f6aaa2af4feb50e1957edae9,1982,public 7015 notebook output task file
task178,true,,SRC_KAGGLE_NOTEBOOK_SAJAYR_7015,sajayr/neurogolf-7015,74699350324304e28a04d2cb9f495cb42ec918d2de512fdc18ab75b6924620a7,4673,public 7015 notebook output task file
task179,true,,SRC_KAGGLE_NOTEBOOK_SAJAYR_7015,sajayr/neurogolf-7015,fff8098ddf52f6685c85096918109c0fbb4593a5fab259b3e11331e4c90d2606,177,public 7015 notebook output task file
task180,true,,SRC_KAGGLE_NOTEBOOK_SAJAYR_7015,sajayr/neurogolf-7015,40910c472a459cc9c5bb649650df59db214116c5b2f43029040bd721b00c8ac3,1110,public 7015 notebook output task file
task181,true,,SRC_KAGGLE_NOTEBOOK_SAJAYR_7015,sajayr/neurogolf-7015,7640f97223bf45e434e35e8e46c03153683eb51854109388c4d9625cb2e28464,2280,public 7015 notebook output task file
task182,true,,SRC_KAGGLE_NOTEBOOK_SAJAYR_7015,sajayr/neurogolf-7015,dec3a222db4b521df27427dd9fc5095e67cbab591333e33f347b17f3607a2929,4089,public 7015 notebook output task file
task183,true,,SRC_KAGGLE_NOTEBOOK_SAJAYR_7015,sajayr/neurogolf-7015,5c3e9e24eced7c3bd398ec72ce8dbb35302bd17740e2e8526833a4033aa6ccd9,6374,public 7015 notebook output task file
task184,true,,SRC_KAGGLE_NOTEBOOK_SAJAYR_7015,sajayr/neurogolf-7015,a701706297b1746218518f4b54fbdb1b2804fbf3bba852dcf5fa2a5562a26a3b,2052,public 7015 notebook output task file
task185,true,,SRC_KAGGLE_NOTEBOOK_SAJAYR_7015,sajayr/neurogolf-7015,baeb46940fa45fe0a871d4fac4f628431852a1eeeec355bdedf23ba7bbf9bfce,5449,public 7015 notebook output task file
task186,true,,SRC_KAGGLE_NOTEBOOK_SAJAYR_7015,sajayr/neurogolf-7015,3d138ea3d8b3c6443573278009cc3169d10ea4160442e664e3d538ea908cc034,602,public 7015 notebook output task file
task187,true,,SRC_KAGGLE_NOTEBOOK_SAJAYR_7015,sajayr/neurogolf-7015,3465bca8bc8c02ee21f4061113dc3facab492541d63116bacccf55220a1e8b20,24992,public 7015 notebook output task file
task188,true,,SRC_KAGGLE_NOTEBOOK_SAJAYR_7015,sajayr/neurogolf-7015,c14b89e7a004ca0b6660a4535f66150c9500675cb3eeeb94eee75374a031e202,4703,public 7015 notebook output task file
task189,true,,SRC_KAGGLE_NOTEBOOK_SAJAYR_7015,sajayr/neurogolf-7015,475f03eafdee661e8de1d8d61b404659dca5b48b841cdfb98e145b7a14834d19,2382,public 7015 notebook output task file
task190,true,,SRC_KAGGLE_NOTEBOOK_SAJAYR_7015,sajayr/neurogolf-7015,b773c39a5730b61b20abe444d5cc5e5d22251dc1f94d52c05e04fa9f8578bb9e,2013,public 7015 notebook output task file
task191,true,,SRC_KAGGLE_NOTEBOOK_SAJAYR_7015,sajayr/neurogolf-7015,cf113be55f911bf1403c1db2301340e07ae281c9cb5819860019572c536358a0,14541,public 7015 notebook output task file
task192,true,,SRC_KAGGLE_NOTEBOOK_SAJAYR_7015,sajayr/neurogolf-7015,5d74945a0d18713936e15dd2ee51ff2646c34907fe5e60576caea4155345bacf,1738,public 7015 notebook output task file
task193,true,,SRC_KAGGLE_NOTEBOOK_SAJAYR_7015,sajayr/neurogolf-7015,30436dac356ddc817b014b5b7da878db843e11a9fbf22ddeeb240d01303893e9,1255,public 7015 notebook output task file
task194,true,,SRC_KAGGLE_NOTEBOOK_SAJAYR_7015,sajayr/neurogolf-7015,a92b0a7856fd6bb7a78a37bae87ca34056df87dc129ed8007a23bd6f7def1829,745,public 7015 notebook output task file
task195,true,,SRC_KAGGLE_NOTEBOOK_SAJAYR_7015,sajayr/neurogolf-7015,48e90bb143d40d4f9087a6671445bf1ce8b9f746c9f643336c0329c29ea54cf4,1248,public 7015 notebook output task file
task196,true,,SRC_KAGGLE_NOTEBOOK_SAJAYR_7015,sajayr/neurogolf-7015,7c3c73ad8cd6b04d2271ded656dc46295b901175930ade11aa56c4c71f437764,2326,public 7015 notebook output task file
task197,true,,SRC_KAGGLE_NOTEBOOK_SAJAYR_7015,sajayr/neurogolf-7015,d533558b0dd9bee34df6d6380e4964ee8e79ccb4dd18aaeade4151a30a0c2fce,2346,public 7015 notebook output task file
task198,true,,SRC_KAGGLE_NOTEBOOK_SAJAYR_7015,sajayr/neurogolf-7015,a35b37862af28a71062ec6b825e896f58c252f4242a6c09973eeeb99fa0cbd07,7106,public 7015 notebook output task file
task199,true,,SRC_KAGGLE_NOTEBOOK_SAJAYR_7015,sajayr/neurogolf-7015,7b40a1404b2e9d5c4c132173602afc50f0411ad9373b15046ffbdecf12b7a91c,2019,public 7015 notebook output task file
task200,true,,SRC_KAGGLE_NOTEBOOK_SAJAYR_7015,sajayr/neurogolf-7015,51e42b7f30d07103dcc52a9dcaf4c7737f0e2014b8f9d6320e1a5767dc93a89a,1562,public 7015 notebook output task file
task201,true,,SRC_KAGGLE_NOTEBOOK_SAJAYR_7015,sajayr/neurogolf-7015,e04b470cd17d9bc1e5a1f251357c4af97924bf5687d03b8e505fd07bcad88e1a,8478,public 7015 notebook output task file
task202,false,not included in public 395-file output,SRC_KAGGLE_NOTEBOOK_SAJAYR_7015,sajayr/neurogolf-7015,,,Kaggle accepted original public output despite missing task file
task203,true,,SRC_KAGGLE_NOTEBOOK_SAJAYR_7015,sajayr/neurogolf-7015,7ccbeb5e0335847e8977ae6b1f53f43113eaea706e1acd02553a6108d371a985,1720,public 7015 notebook output task file
task204,true,,SRC_KAGGLE_NOTEBOOK_SAJAYR_7015,sajayr/neurogolf-7015,d566a74abc42186ab5b608067b602342badd82376ef99e5c6d1521cba43b77bd,4044,public 7015 notebook output task file
task205,true,,SRC_KAGGLE_NOTEBOOK_SAJAYR_7015,sajayr/neurogolf-7015,d6950b5dd4f30db2f5ac15a84047b932995c3f11360e5190ee4019a4a8262899,27506,public 7015 notebook output task file
task206,true,,SRC_KAGGLE_NOTEBOOK_SAJAYR_7015,sajayr/neurogolf-7015,4c8e6142bd936471078f546dae632bb35fc37bec218320036e2da5310f1601b4,5113,public 7015 notebook output task file
task207,true,,SRC_KAGGLE_NOTEBOOK_SAJAYR_7015,sajayr/neurogolf-7015,2920def49433195fdd7bb263c4962c07ad72e80ab43303d8c1cb19b6d3b462d3,1400,public 7015 notebook output task file
task208,true,,SRC_KAGGLE_NOTEBOOK_SAJAYR_7015,sajayr/neurogolf-7015,f86d3c20dd0be6426ce29ecee757d34d9455b7b5cce55379eb7f5aaacd7161dc,8763,public 7015 notebook output task file
task209,true,,SRC_KAGGLE_NOTEBOOK_SAJAYR_7015,sajayr/neurogolf-7015,82cb796fca95cc77ac0431c2781ee58dca8cde79843ff12ffc1a962543e74933,183332,public 7015 notebook output task file
task210,true,,SRC_KAGGLE_NOTEBOOK_SAJAYR_7015,sajayr/neurogolf-7015,716a5f806e92321600f8199cd7bd9d96db92077ac977a9afdd93c91198806bd3,395,public 7015 notebook output task file
task211,true,,SRC_KAGGLE_NOTEBOOK_SAJAYR_7015,sajayr/neurogolf-7015,922180a39c755e1431c50bad6a9019bcf80fb8bcacfd536760439bcd6559de19,976,public 7015 notebook output task file
task212,true,,SRC_KAGGLE_NOTEBOOK_SAJAYR_7015,sajayr/neurogolf-7015,0379532b747ef6e6e75bdfd0cacc19b3798ecb315c93dcacc8e2a9b376f64669,2611,public 7015 notebook output task file
task213,true,,SRC_KAGGLE_NOTEBOOK_SAJAYR_7015,sajayr/neurogolf-7015,a4c9ab99dc879bc12af4dee32ed7bab5458a3b669d21cce07e364bdf40562a3c,7987,public 7015 notebook output task file
task214,true,,SRC_KAGGLE_NOTEBOOK_SAJAYR_7015,sajayr/neurogolf-7015,518b80bea044d8452c795dbe4951f87ce38db954a89acc79f258f1c6da173bbf,650,public 7015 notebook output task file
task215,true,,SRC_KAGGLE_NOTEBOOK_SAJAYR_7015,sajayr/neurogolf-7015,5cfdc9580dc9b233f86d06e9a043ca4d5d0d69065743bd7a87d8f84517647d6d,2976,public 7015 notebook output task file
task216,true,,SRC_KAGGLE_NOTEBOOK_SAJAYR_7015,sajayr/neurogolf-7015,138df548973df128da5c8caf3700ebeca2b6fd952bce2601136eb568cad69c9e,7636,public 7015 notebook output task file
task217,true,,SRC_KAGGLE_NOTEBOOK_SAJAYR_7015,sajayr/neurogolf-7015,6f702690e2769bff117871d891c2ac5e79d2b017f0cb48ba289a20b3f6c472a7,1049,public 7015 notebook output task file
task218,true,,SRC_KAGGLE_NOTEBOOK_SAJAYR_7015,sajayr/neurogolf-7015,cfdde6e35543b384fffb83e00f84ef4634a1f72713553ea4ca34221eb408179e,3328,public 7015 notebook output task file
task219,true,,SRC_KAGGLE_NOTEBOOK_SAJAYR_7015,sajayr/neurogolf-7015,3b1fb3ec6c0b971ea2141708bcc1f07a996cdc1ef2d22c35e3d2892deda1da2f,109214,public 7015 notebook output task file
task220,true,,SRC_KAGGLE_NOTEBOOK_SAJAYR_7015,sajayr/neurogolf-7015,01f8f08a90dbff22c12e5fdde12b9d957f925294b282b70c3b0841c030dc23a2,3791,public 7015 notebook output task file
task221,true,,SRC_KAGGLE_NOTEBOOK_SAJAYR_7015,sajayr/neurogolf-7015,527a22df4e93f511f99ed3a1e79693dd41c2de4bab082b6f2b8a40c4c351ac12,3577,public 7015 notebook output task file
task222,true,,SRC_KAGGLE_NOTEBOOK_SAJAYR_7015,sajayr/neurogolf-7015,b4fcb70abaa86f73d41b55da7e22c6b28732c4c154109cf2ff71a9c8fbf3a71b,2473,public 7015 notebook output task file
task223,true,,SRC_KAGGLE_NOTEBOOK_SAJAYR_7015,sajayr/neurogolf-7015,60fda0ff702e8a5c46707c1c7dfe15dc3098bb09bca8b068aaa7975c7571eaa8,214,public 7015 notebook output task file
task224,true,,SRC_KAGGLE_NOTEBOOK_SAJAYR_7015,sajayr/neurogolf-7015,de1d0aa7e1c0567d352b0fd852c482e64ddf448907d6f2ab6f241586a138f913,3530,public 7015 notebook output task file
task225,true,,SRC_KAGGLE_NOTEBOOK_SAJAYR_7015,sajayr/neurogolf-7015,ca05d356f02f20afeceac04b2ab75edf4db31de656c0167b4c9b53b0a79686a6,3680,public 7015 notebook output task file
task226,true,,SRC_KAGGLE_NOTEBOOK_SAJAYR_7015,sajayr/neurogolf-7015,3e2064f8ec9b68d2d48f380febc82ca2cc7937f642319d8300d52d62e5391972,1989,public 7015 notebook output task file
task227,true,,SRC_KAGGLE_NOTEBOOK_SAJAYR_7015,sajayr/neurogolf-7015,f6de979bb18b35a70e77c84b31f02aa3e85fde7e806aeaabd74e7383ef5bc92c,628,public 7015 notebook output task file
task228,true,,SRC_KAGGLE_NOTEBOOK_SAJAYR_7015,sajayr/neurogolf-7015,67f44b066a41ed23bdcc1731ffa64dfef0f83e7d96d168efa7ff6c885cc1cca4,4005,public 7015 notebook output task file
task229,true,,SRC_KAGGLE_NOTEBOOK_SAJAYR_7015,sajayr/neurogolf-7015,b0519b9bc02f1989b345dd783e03059a1533cdbfaca085822122e615c2238acb,1348,public 7015 notebook output task file
task230,true,,SRC_KAGGLE_NOTEBOOK_SAJAYR_7015,sajayr/neurogolf-7015,934facf5c2af56ca29377327ab424d2416cad7843199af92b061597183bf7527,3787,public 7015 notebook output task file
task231,true,,SRC_KAGGLE_NOTEBOOK_SAJAYR_7015,sajayr/neurogolf-7015,72f3e66fb7aa0f15a80deaae017c5c779feb83462ab94eb1acae20afcfdc1f36,760,public 7015 notebook output task file
task232,true,,SRC_KAGGLE_NOTEBOOK_SAJAYR_7015,sajayr/neurogolf-7015,c9080306bbd1480dd44632366298265f141732323a7ec95175626cd70d7baa74,5840,public 7015 notebook output task file
task233,true,,SRC_KAGGLE_NOTEBOOK_SAJAYR_7015,sajayr/neurogolf-7015,1a90e06bc76075d099e143461e2f231ebb6cadaad96a782dd0517b568ee39fe8,25456,public 7015 notebook output task file
task234,true,,SRC_KAGGLE_NOTEBOOK_SAJAYR_7015,sajayr/neurogolf-7015,78470e4d07db796efae6c3833252ff5905d7a32b481e4784c2d8a8a50a968e1d,9675,public 7015 notebook output task file
task235,true,,SRC_KAGGLE_NOTEBOOK_SAJAYR_7015,sajayr/neurogolf-7015,b3d322cc097ed65c290da4ca23c0de017f64a71234e1c4748dc96ee9fa99899b,740,public 7015 notebook output task file
task236,true,,SRC_KAGGLE_NOTEBOOK_SAJAYR_7015,sajayr/neurogolf-7015,efa746c302020a34ddc9f2ffd14b29b08fc504d5ad0348666b31eced263d0310,743,public 7015 notebook output task file
task237,true,,SRC_KAGGLE_NOTEBOOK_SAJAYR_7015,sajayr/neurogolf-7015,375fb7e5378e9532561e21e2cd753542dc7eec5dcf94071f118feeef7d3e5741,3834,public 7015 notebook output task file
task238,true,,SRC_KAGGLE_NOTEBOOK_SAJAYR_7015,sajayr/neurogolf-7015,7d69fcb0f554aeb6e2a0e1f3e0909bb538d6eb6db0dac59f1d92f8e0e158b1ba,5423,public 7015 notebook output task file
task239,true,,SRC_KAGGLE_NOTEBOOK_SAJAYR_7015,sajayr/neurogolf-7015,5aef7de15bffce5dcaab902e6e3673ad0e189c4aaed1884a82d715c311d144d8,1462,public 7015 notebook output task file
task240,true,,SRC_KAGGLE_NOTEBOOK_SAJAYR_7015,sajayr/neurogolf-7015,ef8e73d03716eac1127ec07edb6bf61dbbb767ad18627219580e6a8bb5e44ad7,4617,public 7015 notebook output task file
task241,true,,SRC_KAGGLE_NOTEBOOK_SAJAYR_7015,sajayr/neurogolf-7015,6ec96fe8f7aa3e65a9ffa38cc0482c12d4517ab27d20a46a63b23dfa17d25890,127,public 7015 notebook output task file
task242,true,,SRC_KAGGLE_NOTEBOOK_SAJAYR_7015,sajayr/neurogolf-7015,e715bfa987de553f75935cb0d98c282735c6af60a8065332f9d74cf2954cdb06,1414,public 7015 notebook output task file
task243,true,,SRC_KAGGLE_NOTEBOOK_SAJAYR_7015,sajayr/neurogolf-7015,8c968e8399efeedbd30572319e1bf47d22c34b2c727337695c1d55dfdc5b4f91,12922,public 7015 notebook output task file
task244,true,,SRC_KAGGLE_NOTEBOOK_SAJAYR_7015,sajayr/neurogolf-7015,33e301d26bdba1b3c7c25e02e652479ac46acb8ef72b0bef20383a0147a4d723,4147,public 7015 notebook output task file
task245,true,,SRC_KAGGLE_NOTEBOOK_SAJAYR_7015,sajayr/neurogolf-7015,fd1b49fdf22a22b6581514fe0be8e452762f5c105c3cd8258525a6f87df06663,2179,public 7015 notebook output task file
task246,true,,SRC_KAGGLE_NOTEBOOK_SAJAYR_7015,sajayr/neurogolf-7015,c57113f74e85d08cdca6f9e1878f437d2dc1fb7b7bc2b970db74341f83c1cf0a,3406,public 7015 notebook output task file
task247,true,,SRC_KAGGLE_NOTEBOOK_SAJAYR_7015,sajayr/neurogolf-7015,256bc235bf5438c11197707caee337571647adbc0373c8b62b050b3738a11b94,1928,public 7015 notebook output task file
task248,true,,SRC_KAGGLE_NOTEBOOK_SAJAYR_7015,sajayr/neurogolf-7015,6a001ce01217f4e505777fb369eb36ec242ffdc413030285fdb28dc76479d892,723,public 7015 notebook output task file
task249,true,,SRC_KAGGLE_NOTEBOOK_SAJAYR_7015,sajayr/neurogolf-7015,54a49df5271a5359ca3aac40d0bd0b0cceee556bbd3f044581e4d78ba014e019,856,public 7015 notebook output task file
task250,true,,SRC_KAGGLE_NOTEBOOK_SAJAYR_7015,sajayr/neurogolf-7015,b74dc8b59cd9fc425fd0f446c4ae46aab4e0698ac417803874ed842c103c4a78,4499,public 7015 notebook output task file
task251,true,,SRC_KAGGLE_NOTEBOOK_SAJAYR_7015,sajayr/neurogolf-7015,f723fd61f3038aa83ac20c88d612ba08329beaec2299011f06430651538f7346,3236,public 7015 notebook output task file
task252,true,,SRC_KAGGLE_NOTEBOOK_SAJAYR_7015,sajayr/neurogolf-7015,41e291f6cff0484db7bd048cfa0d2e259b3f53e67f2115787da999750c6e5fcc,1242,public 7015 notebook output task file
task253,true,,SRC_KAGGLE_NOTEBOOK_SAJAYR_7015,sajayr/neurogolf-7015,3d080dca679f790f7c17a0898c628f124200f3d3d63413b0428599c6c9701e6a,1807,public 7015 notebook output task file
task254,true,,SRC_KAGGLE_NOTEBOOK_SAJAYR_7015,sajayr/neurogolf-7015,aaf1b01752127f7051138b0601c0544e20582cef4f8e60bef5b5de8ecf4457bd,1305,public 7015 notebook output task file
task255,true,,SRC_KAGGLE_NOTEBOOK_SAJAYR_7015,sajayr/neurogolf-7015,b96093af4fbef577ad1f9702a318f645cb59d3f6a54bf39c8a48bfdfd64d380a,31502,public 7015 notebook output task file
task256,true,,SRC_KAGGLE_NOTEBOOK_SAJAYR_7015,sajayr/neurogolf-7015,7a6c5b45a52456c4736e1b97826d037ba59c7c5f12f929250395712fb07cda62,2496,public 7015 notebook output task file
task257,true,,SRC_KAGGLE_NOTEBOOK_SAJAYR_7015,sajayr/neurogolf-7015,f6dccbdbf93f072daad951709fea4d9a295e0cf92f8dffcf74669d1af643495a,1880,public 7015 notebook output task file
task258,true,,SRC_KAGGLE_NOTEBOOK_SAJAYR_7015,sajayr/neurogolf-7015,3ec7a39bb4e870caf027c4669582ea64f42ab1b5fde9c0de5ce644763ba6657c,864,public 7015 notebook output task file
task259,true,,SRC_KAGGLE_NOTEBOOK_SAJAYR_7015,sajayr/neurogolf-7015,377300d1547ca747a92843c91f64b25a0b34e686110983f183e33e4f3a48c767,3359,public 7015 notebook output task file
task260,true,,SRC_KAGGLE_NOTEBOOK_SAJAYR_7015,sajayr/neurogolf-7015,3b06fb25bfae496a6fc7a5050ba23856a6499927a8dab692cdec6a037767e79f,4854,public 7015 notebook output task file
task261,true,,SRC_KAGGLE_NOTEBOOK_SAJAYR_7015,sajayr/neurogolf-7015,08ed2eceeb98593221e2c359b6daa537446a097fbe9a9e9690947fe60ea11863,1010,public 7015 notebook output task file
task262,true,,SRC_KAGGLE_NOTEBOOK_SAJAYR_7015,sajayr/neurogolf-7015,a2fb38cf2e69d020943db64bd66c99bea479f67488e4c7aff68362b8ccb8e61c,614,public 7015 notebook output task file
task263,true,,SRC_KAGGLE_NOTEBOOK_SAJAYR_7015,sajayr/neurogolf-7015,86d648a0e8162f4695c1b7fb2b2dc6ceed14a3d510003c805cf9b5975cc231f8,4924,public 7015 notebook output task file
task264,true,,SRC_KAGGLE_NOTEBOOK_SAJAYR_7015,sajayr/neurogolf-7015,840f8b4ccc730d0d2db43792da38fc8656dd060a6d8e0d1467e4099965b7f1f8,5370,public 7015 notebook output task file
task265,true,,SRC_KAGGLE_NOTEBOOK_SAJAYR_7015,sajayr/neurogolf-7015,584c8f0313382dbf97a88cf8ec92ea8c97cf3c52342917d8ad774cb2be9f0e69,1491,public 7015 notebook output task file
task266,true,,SRC_KAGGLE_NOTEBOOK_SAJAYR_7015,sajayr/neurogolf-7015,8e31fa4e88e3fa70c862d5544c17c32e9d87c567bdde46ddd6452458baf494b6,1110,public 7015 notebook output task file
task267,true,,SRC_KAGGLE_NOTEBOOK_SAJAYR_7015,sajayr/neurogolf-7015,88ed92174e9190ced85f8771bdee3e835309326e4a8737cf4c850b1656752b55,1133,public 7015 notebook output task file
task268,true,,SRC_KAGGLE_NOTEBOOK_SAJAYR_7015,sajayr/neurogolf-7015,fbd1a6a96574a00120fa9eaf52a0af7ba87390a5c63ead2fc78b8c491645e130,6842,public 7015 notebook output task file
task269,true,,SRC_KAGGLE_NOTEBOOK_SAJAYR_7015,sajayr/neurogolf-7015,28fdbace3a956357ee02b2c15f8ff43880214c2fc18c5dd0ea48d996de133ca3,1358,public 7015 notebook output task file
task270,true,,SRC_KAGGLE_NOTEBOOK_SAJAYR_7015,sajayr/neurogolf-7015,e8868aa969c6051d92e6d29a0c8f7d627c034c4314aaeb2290c9dcfb2065e5d1,6451,public 7015 notebook output task file
task271,true,,SRC_KAGGLE_NOTEBOOK_SAJAYR_7015,sajayr/neurogolf-7015,97d0749be232fc02c0f9b4d66e49605c6f01b0e19e27707cadda85a588f052ff,1642,public 7015 notebook output task file
task272,true,,SRC_KAGGLE_NOTEBOOK_SAJAYR_7015,sajayr/neurogolf-7015,7522945b9d6b38bea0a5d0b3d2be2ead79cbf22c957a4fd45197cabc887e2678,1173,public 7015 notebook output task file
task273,true,,SRC_KAGGLE_NOTEBOOK_SAJAYR_7015,sajayr/neurogolf-7015,4965449182b9c84613a4da1d9340a01ffb9532273fbb75eaec58d9dafc2b65d2,3031,public 7015 notebook output task file
task274,true,,SRC_KAGGLE_NOTEBOOK_SAJAYR_7015,sajayr/neurogolf-7015,7995de89857f777640054238a5585ee9590194757f63222178e49339b87e1939,1940,public 7015 notebook output task file
task275,true,,SRC_KAGGLE_NOTEBOOK_SAJAYR_7015,sajayr/neurogolf-7015,ada67a32258eb28f2caa8cd63d4c37df99794ed26af3e24c994dd0b4d65fc983,4287,public 7015 notebook output task file
task276,true,,SRC_KAGGLE_NOTEBOOK_SAJAYR_7015,sajayr/neurogolf-7015,c63ecefe42dd6618ee513db05b738b261f87d490dab4d848dd2a08d86037de07,143,public 7015 notebook output task file
task277,true,,SRC_KAGGLE_NOTEBOOK_SAJAYR_7015,sajayr/neurogolf-7015,f465db5f718487c38d0dc78d9a1387d2e0ca1fdb358e38eefee7fc5b357c9190,8722,public 7015 notebook output task file
task278,true,,SRC_KAGGLE_NOTEBOOK_SAJAYR_7015,sajayr/neurogolf-7015,55b2095eb4f201d03a8636078b3c676fec9dd5842bb01be95b23d4b5e6d7bec9,6786,public 7015 notebook output task file
task279,true,,SRC_KAGGLE_NOTEBOOK_SAJAYR_7015,sajayr/neurogolf-7015,82b790ee80f37c5629c61d0e5b42fff4f326a9c1daac849f997cc6e552470eb6,2573,public 7015 notebook output task file
task280,true,,SRC_KAGGLE_NOTEBOOK_SAJAYR_7015,sajayr/neurogolf-7015,c38a777cb890adaf216be42a1041f13a88f8a83224b457a194ab7cda385a5f7d,14166,public 7015 notebook output task file
task281,true,,SRC_KAGGLE_NOTEBOOK_SAJAYR_7015,sajayr/neurogolf-7015,9dd62f1cbd417f309ac5b5e77dc47fd8eea3e07a431e143bfb3c18f70b261a5a,3646,public 7015 notebook output task file
task282,true,,SRC_KAGGLE_NOTEBOOK_SAJAYR_7015,sajayr/neurogolf-7015,71f0dde46f0325c9b51eb1e9f10077f0a9f6ea3bc91e18f4c02fe74ffbfb7942,698,public 7015 notebook output task file
task283,true,,SRC_KAGGLE_NOTEBOOK_SAJAYR_7015,sajayr/neurogolf-7015,8f59a62b9de48b3c75feac2f7767c48888ea77bc153b7cedba72638264e30703,3854,public 7015 notebook output task file
task284,true,,SRC_KAGGLE_NOTEBOOK_SAJAYR_7015,sajayr/neurogolf-7015,2d3071ae418297249734d3db501df6b039498df0d010efe14fc9c8ab5d48236e,9745,public 7015 notebook output task file
task285,true,,SRC_KAGGLE_NOTEBOOK_SAJAYR_7015,sajayr/neurogolf-7015,f793dc70326cb07f1c55d04ed7730bb100cf5412f5459418ef2f91a3865bd0ec,11576,public 7015 notebook output task file
task286,true,,SRC_KAGGLE_NOTEBOOK_SAJAYR_7015,sajayr/neurogolf-7015,72465cb0674edb192a076ec4af3a53550f38bebd8a782a1dce9cbc2323fbcc62,56640,public 7015 notebook output task file
task287,true,,SRC_KAGGLE_NOTEBOOK_SAJAYR_7015,sajayr/neurogolf-7015,cc13d8f7c4147b0f7a363d5b6b43f6b2a446cbe5b0cc16b13a910da6e24831a3,1811,public 7015 notebook output task file
task288,true,,SRC_KAGGLE_NOTEBOOK_SAJAYR_7015,sajayr/neurogolf-7015,8c39d5354d91425c4782f4db731a400e8694155933d87be5e678caf0b93d7cfd,2804,public 7015 notebook output task file
task289,true,,SRC_KAGGLE_NOTEBOOK_SAJAYR_7015,sajayr/neurogolf-7015,051f671b58ac19149c4c5c43f6e710517f2530e09aeadea7ab3b33d7dbb5d41a,1238,public 7015 notebook output task file
task290,true,,SRC_KAGGLE_NOTEBOOK_SAJAYR_7015,sajayr/neurogolf-7015,98d9f06dbc0479a94be0df405fc4356259097ea03def8320be95dc795cb2caee,1427,public 7015 notebook output task file
task291,true,,SRC_KAGGLE_NOTEBOOK_SAJAYR_7015,sajayr/neurogolf-7015,b2212d14a2771cebf2412302becf28e9858259ae9b190b0d39951ffdbeaf7644,449,public 7015 notebook output task file
task292,true,,SRC_KAGGLE_NOTEBOOK_SAJAYR_7015,sajayr/neurogolf-7015,a968a9515915ba0bb3019042eccc50c2e68adf9f35c984283f15813c04c81083,1904,public 7015 notebook output task file
task293,true,,SRC_KAGGLE_NOTEBOOK_SAJAYR_7015,sajayr/neurogolf-7015,8b83a94d7f62f21620ad523a9c37eb8f7bdf48c159def6323ec46f898d43055c,3136,public 7015 notebook output task file
task294,true,,SRC_KAGGLE_NOTEBOOK_SAJAYR_7015,sajayr/neurogolf-7015,2fe8dc13cad1deb1a8c198888aee42d5815814b2a2df5a1ced53452f033b7add,3853,public 7015 notebook output task file
task295,true,,SRC_KAGGLE_NOTEBOOK_SAJAYR_7015,sajayr/neurogolf-7015,72e9f5dee7a057e245199bb5f3aec7ef1f30ace1130fc3602745ba317068ba5b,1371,public 7015 notebook output task file
task296,true,,SRC_KAGGLE_NOTEBOOK_SAJAYR_7015,sajayr/neurogolf-7015,fd254d5c85051a29dfeb4284f9ed2b36b5ea3824708959932fe94d6a74f7e02c,4494,public 7015 notebook output task file
task297,true,,SRC_KAGGLE_NOTEBOOK_SAJAYR_7015,sajayr/neurogolf-7015,b8b0f29df0055e36fd76a4ec5b66ab511297a84fa86c42db555676ebe312e04a,2424,public 7015 notebook output task file
task298,true,,SRC_KAGGLE_NOTEBOOK_SAJAYR_7015,sajayr/neurogolf-7015,cb1fe3c729a0c45639b73d21310c33c9f8bb7ed6beebd48151601acf11ee1d65,396,public 7015 notebook output task file
task299,true,,SRC_KAGGLE_NOTEBOOK_SAJAYR_7015,sajayr/neurogolf-7015,63937e8cccb8a0981bf1e4606b6807083bfab548f949e29a4243abf836467c24,473,public 7015 notebook output task file
task300,true,,SRC_KAGGLE_NOTEBOOK_SAJAYR_7015,sajayr/neurogolf-7015,4cb4a0dc39209324591c31912b1e0239d6d631b46126eba9c083a5128871f642,2991,public 7015 notebook output task file
task301,true,,SRC_KAGGLE_NOTEBOOK_SAJAYR_7015,sajayr/neurogolf-7015,5cbf98f6d33c2a080e6c00f6ff806e2907757abfe5282aa106ad0d34e95bff18,2061,public 7015 notebook output task file
task302,true,,SRC_KAGGLE_NOTEBOOK_SAJAYR_7015,sajayr/neurogolf-7015,658ece7fa00a67d9339dc9fec84b7a9fb9152c41100f810d0c85e2fd84e9d3cd,1530,public 7015 notebook output task file
task303,true,,SRC_KAGGLE_NOTEBOOK_SAJAYR_7015,sajayr/neurogolf-7015,7b54f4d5d4add182f0452b30c0466eceecc68b0a9faf58721cb19d3d51c071d9,1177,public 7015 notebook output task file
task304,true,,SRC_KAGGLE_NOTEBOOK_SAJAYR_7015,sajayr/neurogolf-7015,c43deb52a8925956783edb530e1203e211a3e593b716e906eda0ff4daecd548b,1077,public 7015 notebook output task file
task305,true,,SRC_KAGGLE_NOTEBOOK_SAJAYR_7015,sajayr/neurogolf-7015,52407df10596663f64b88d9a4a4aea2a4bfbf0078de38816663ed344165e3bbf,3251,public 7015 notebook output task file
task306,true,,SRC_KAGGLE_NOTEBOOK_SAJAYR_7015,sajayr/neurogolf-7015,874cc107c1dd7d3ac12c2007c036a6138427308708a87ba639a8697740e8ef8b,1498,public 7015 notebook output task file
task307,true,,SRC_KAGGLE_NOTEBOOK_SAJAYR_7015,sajayr/neurogolf-7015,56955386dbd6988f9e27af533d96825185683e229ceaf0280793dea8c5d5b155,206,public 7015 notebook output task file
task308,true,,SRC_KAGGLE_NOTEBOOK_SAJAYR_7015,sajayr/neurogolf-7015,64e801ea1a1ebeed7198d34a98f05adf6e20b53af5e52fc5e90e63c279bc95de,5369,public 7015 notebook output task file
task309,true,,SRC_KAGGLE_NOTEBOOK_SAJAYR_7015,sajayr/neurogolf-7015,a29ce85d91d073cd1e01832b27594b196b120a63013575d1527043b427cd5f1e,195,public 7015 notebook output task file
task310,true,,SRC_KAGGLE_NOTEBOOK_SAJAYR_7015,sajayr/neurogolf-7015,ef423c31c7a199a105d1d541c9d5fa90e2914d8987f6cac16433d36f87f47018,2957,public 7015 notebook output task file
task311,true,,SRC_KAGGLE_NOTEBOOK_SAJAYR_7015,sajayr/neurogolf-7015,8a8bb252fcc29837d78942dc1a2763c253baae7d2232ada79ed87c67d8073039,420,public 7015 notebook output task file
task312,true,,SRC_KAGGLE_NOTEBOOK_SAJAYR_7015,sajayr/neurogolf-7015,e34e78a1f9514b4d1cbcbc936a665ca33aa4d02902b47fb0208e24a9f9d4d035,271,public 7015 notebook output task file
task313,true,,SRC_KAGGLE_NOTEBOOK_SAJAYR_7015,sajayr/neurogolf-7015,881ced02cecbd7c22aa64b89a06168f186df3d4be047f83acf0936c6f9813695,1064,public 7015 notebook output task file
task314,true,,SRC_KAGGLE_NOTEBOOK_SAJAYR_7015,sajayr/neurogolf-7015,91294db3a76db1cf55efd0eeb6e6c475503684a7d282ec1b5611be5a48729242,625,public 7015 notebook output task file
task315,true,,SRC_KAGGLE_NOTEBOOK_SAJAYR_7015,sajayr/neurogolf-7015,c949139725d6492da4802002e4608ce88f9bf8290d32c211dbf8e024a911102e,1293,public 7015 notebook output task file
task316,true,,SRC_KAGGLE_NOTEBOOK_SAJAYR_7015,sajayr/neurogolf-7015,87169a9c1976a26df16f68a281f53df41e14cbd27a145dd57b94f56f84aba43c,1160,public 7015 notebook output task file
task317,true,,SRC_KAGGLE_NOTEBOOK_SAJAYR_7015,sajayr/neurogolf-7015,6991c5597b423cf499a1146d43afa75e88d396b2c8d1d6efd3539e81e149235b,697,public 7015 notebook output task file
task318,true,,SRC_KAGGLE_NOTEBOOK_SAJAYR_7015,sajayr/neurogolf-7015,0bfa37796a89ad38a7655d8e98dbb256aba81674632133fbae9b8b9a137c49fe,605,public 7015 notebook output task file
task319,true,,SRC_KAGGLE_NOTEBOOK_SAJAYR_7015,sajayr/neurogolf-7015,b6368bdb9ae57d87e374b5c65cca3658881316d458c5a0b9dac4d8f6790279d9,38835,public 7015 notebook output task file
task320,true,,SRC_KAGGLE_NOTEBOOK_SAJAYR_7015,sajayr/neurogolf-7015,793240b0b28b488a072581924ed92941f63c177edf092ed931a5f525b0eb0a74,2977,public 7015 notebook output task file
task321,true,,SRC_KAGGLE_NOTEBOOK_SAJAYR_7015,sajayr/neurogolf-7015,1ec138f2d3eb7c3bff39f95ed07c6c92c2c570be38055787e8feacfe2febf703,1418,public 7015 notebook output task file
task322,true,,SRC_KAGGLE_NOTEBOOK_SAJAYR_7015,sajayr/neurogolf-7015,f9625be22bba6717281a52ec13ef7747cbe8064618690490d8259159db56760e,920,public 7015 notebook output task file
task323,true,,SRC_KAGGLE_NOTEBOOK_SAJAYR_7015,sajayr/neurogolf-7015,ea2c880d03fbfcdd8327fa621a61a761523703c29728f16060798bcba484531c,1557,public 7015 notebook output task file
task324,true,,SRC_KAGGLE_NOTEBOOK_SAJAYR_7015,sajayr/neurogolf-7015,2252e79cae2f3b08e565f9dd7548eab9b7495636ad17aaac2647bde9ad854943,7518,public 7015 notebook output task file
task325,true,,SRC_KAGGLE_NOTEBOOK_SAJAYR_7015,sajayr/neurogolf-7015,4c2e25983c1ca759266c05c7021903444f16523da3626cb5f9c662ccd29308fc,2119,public 7015 notebook output task file
task326,true,,SRC_KAGGLE_NOTEBOOK_SAJAYR_7015,sajayr/neurogolf-7015,5e386d31e01e3f7cbf3fd025115ebf3d82c20522e73941921053e5cb8bb1778c,314,public 7015 notebook output task file
task327,true,,SRC_KAGGLE_NOTEBOOK_SAJAYR_7015,sajayr/neurogolf-7015,b7b15795bbfb580140f78a1cf666faac748311a7d8befafed2d82096a382db6a,854,public 7015 notebook output task file
task328,true,,SRC_KAGGLE_NOTEBOOK_SAJAYR_7015,sajayr/neurogolf-7015,0c8e768552609cbd21ce5fc6dec6f0a85b6a41ba68129324f3e1f3980255401f,20358,public 7015 notebook output task file
task329,true,,SRC_KAGGLE_NOTEBOOK_SAJAYR_7015,sajayr/neurogolf-7015,2d3a7bbf6b2f2f47ed5835b7e0f9a1b2be6aa6e40c228ce825c65871e91645dd,1155,public 7015 notebook output task file
task330,true,,SRC_KAGGLE_NOTEBOOK_SAJAYR_7015,sajayr/neurogolf-7015,7c7392dd504110103c015c8412f1493a49dee80df5a370c66b26c91558188a1c,2257,public 7015 notebook output task file
task331,true,,SRC_KAGGLE_NOTEBOOK_SAJAYR_7015,sajayr/neurogolf-7015,b5df4c3a8eba5bbda8da79eb463fde4bdfade0968390fe7d019284ea2bc31055,3859,public 7015 notebook output task file
task332,true,,SRC_KAGGLE_NOTEBOOK_SAJAYR_7015,sajayr/neurogolf-7015,0c7a2636e16fd7ba37f7c8e55987ef4050b143f931102bd442fb6bb7a513460a,1599,public 7015 notebook output task file
task333,true,,SRC_KAGGLE_NOTEBOOK_SAJAYR_7015,sajayr/neurogolf-7015,aa38acb6a6cace1471da861d62793e98a112ecd36130afae89c33fbc19d10383,11387,public 7015 notebook output task file
task334,true,,SRC_KAGGLE_NOTEBOOK_SAJAYR_7015,sajayr/neurogolf-7015,975c7e2516afe0f42367a4e10b1052ee9376a7d4782a2f7c5191b36eb77c9d02,1567,public 7015 notebook output task file
task335,true,,SRC_KAGGLE_NOTEBOOK_SAJAYR_7015,sajayr/neurogolf-7015,a3e4f79b101addf07f56136403b1f55850efdf094a6e42c5e25608ce2f1a1ee2,4355,public 7015 notebook output task file
task336,true,,SRC_KAGGLE_NOTEBOOK_SAJAYR_7015,sajayr/neurogolf-7015,d126f67c2babdfc65508295dee22297b99bc098232752589d2a77c008ce3b6db,7169,public 7015 notebook output task file
task337,true,,SRC_KAGGLE_NOTEBOOK_SAJAYR_7015,sajayr/neurogolf-7015,e3cdb7f413a8af7ae8c63da315012cd4692c6084835fb527490a6e524d8f0635,143,public 7015 notebook output task file
task338,true,,SRC_KAGGLE_NOTEBOOK_SAJAYR_7015,sajayr/neurogolf-7015,779c8115f2ba918057c80327f295d7e392eedcdcc1813e20daa82c970daef1e3,13095,public 7015 notebook output task file
task339,true,,SRC_KAGGLE_NOTEBOOK_SAJAYR_7015,sajayr/neurogolf-7015,829550bb68159f8fe1ce13645b1bdd74c87d8d8f54fd3b3b9755ba1f7bf7ae92,699,public 7015 notebook output task file
task340,true,,SRC_KAGGLE_NOTEBOOK_SAJAYR_7015,sajayr/neurogolf-7015,d8d896d2b803960828d367b4cbbd5114082f1033a3050eb63fab59f2af2ad834,12365,public 7015 notebook output task file
task341,true,,SRC_KAGGLE_NOTEBOOK_SAJAYR_7015,sajayr/neurogolf-7015,fcee7182ad6a113f770a4504659526920043887e91e7004f259ea2b01134b9a7,2265,public 7015 notebook output task file
task342,true,,SRC_KAGGLE_NOTEBOOK_SAJAYR_7015,sajayr/neurogolf-7015,4e4ea16a601d249473836dbf0a9f26ab6583020c44ba89b4ec7902b828a7b81c,3530,public 7015 notebook output task file
task343,true,,SRC_KAGGLE_NOTEBOOK_SAJAYR_7015,sajayr/neurogolf-7015,3b1435e73a86e7c582b76d6a68fea801f0137c63d1ac3832e6eed83ca107e109,3497,public 7015 notebook output task file
task344,true,,SRC_KAGGLE_NOTEBOOK_SAJAYR_7015,sajayr/neurogolf-7015,60b721e8d62197c58d9fd25424832cde07e54d789c0e3f10b093f677c7961847,3834,public 7015 notebook output task file
task345,true,,SRC_KAGGLE_NOTEBOOK_SAJAYR_7015,sajayr/neurogolf-7015,e890ad707fae08730ed1411af9e3da53e716328922ce416631d253632731dd96,2472,public 7015 notebook output task file
task346,true,,SRC_KAGGLE_NOTEBOOK_SAJAYR_7015,sajayr/neurogolf-7015,2ebe6886be6c07f72bea7a3b614b2b979768cbbd99edef242d71c86d88af478a,2850,public 7015 notebook output task file
task347,true,,SRC_KAGGLE_NOTEBOOK_SAJAYR_7015,sajayr/neurogolf-7015,12d173701db38bc50e1a06fcbc76648c0009ea658f756c3fbba8fd1003a992c7,792,public 7015 notebook output task file
task348,true,,SRC_KAGGLE_NOTEBOOK_SAJAYR_7015,sajayr/neurogolf-7015,1108b16ac0accd91fbe50ab60f811d34fab8d36209ff6119c2bced588fe78796,1995,public 7015 notebook output task file
task349,true,,SRC_KAGGLE_NOTEBOOK_SAJAYR_7015,sajayr/neurogolf-7015,64da751a429f3f6926f0d0e6daafb6eef3b593af52bc692da8301cca91dd04cf,4244,public 7015 notebook output task file
task350,true,,SRC_KAGGLE_NOTEBOOK_SAJAYR_7015,sajayr/neurogolf-7015,5ce2813549139d3bde0c083b04f8e02458dfa6c250b57670e11e91875e39ad93,1921,public 7015 notebook output task file
task351,true,,SRC_KAGGLE_NOTEBOOK_SAJAYR_7015,sajayr/neurogolf-7015,817a0249e6d7c229a9878bc65250d990cbbb42a38b76f4b9134c14d9fd35c112,1223,public 7015 notebook output task file
task352,true,,SRC_KAGGLE_NOTEBOOK_SAJAYR_7015,sajayr/neurogolf-7015,7e1e11e49412d1b5c391f3bb4df9c5a93f1e826c787aac857f91ceac745a4d17,2092,public 7015 notebook output task file
task353,true,,SRC_KAGGLE_NOTEBOOK_SAJAYR_7015,sajayr/neurogolf-7015,5c5623ce738a1e7ee37fd5ba4ce2b5f27ce2f5d5f12824e08dfc83d79f23a071,1305,public 7015 notebook output task file
task354,true,,SRC_KAGGLE_NOTEBOOK_SAJAYR_7015,sajayr/neurogolf-7015,2805ff512d1de1ca69e7d40d2c660583946d241cec56aa7d77016c8955e34a2f,4403,public 7015 notebook output task file
task355,true,,SRC_KAGGLE_NOTEBOOK_SAJAYR_7015,sajayr/neurogolf-7015,3643fe56a7560eb0d7323a77c8288b4b994ed309a4e238ca39617dec06d3c7ca,4785,public 7015 notebook output task file
task356,true,,SRC_KAGGLE_NOTEBOOK_SAJAYR_7015,sajayr/neurogolf-7015,24e9acdd6b1002612e9f26807572e0509780a13c22a7502c9e67d7a87d69306c,1178,public 7015 notebook output task file
task357,true,,SRC_KAGGLE_NOTEBOOK_SAJAYR_7015,sajayr/neurogolf-7015,aa2e6a783ee448c5920f430044b4d60e7f1b24865562c676d93c8c3237168058,926,public 7015 notebook output task file
task358,true,,SRC_KAGGLE_NOTEBOOK_SAJAYR_7015,sajayr/neurogolf-7015,720a65d3345d4f21658142b58088679b46d7f609a061f5388a8ab6fcf7d0cd6b,4494,public 7015 notebook output task file
task359,true,,SRC_KAGGLE_NOTEBOOK_SAJAYR_7015,sajayr/neurogolf-7015,7e87e6ce6da289dfa2ac957112994d943ba415eb6b2b9dbb734d2a3bf7bf1f6b,2130,public 7015 notebook output task file
task360,true,,SRC_KAGGLE_NOTEBOOK_SAJAYR_7015,sajayr/neurogolf-7015,8ef438c032e15f0701ca184a2995915bbd4d03bad58d1568bc136043ee4dd6e8,1634,public 7015 notebook output task file
task361,true,,SRC_KAGGLE_NOTEBOOK_SAJAYR_7015,sajayr/neurogolf-7015,ccd118c56f957e7db75380f2dfc2ee46dda7e6217706a20e7e29c5624480df61,5680,public 7015 notebook output task file
task362,true,,SRC_KAGGLE_NOTEBOOK_SAJAYR_7015,sajayr/neurogolf-7015,b8dee60f7de2d1db2e86ca11973e26c3d298c74384cc798cba5bff359d29c3a8,1825,public 7015 notebook output task file
task363,true,,SRC_KAGGLE_NOTEBOOK_SAJAYR_7015,sajayr/neurogolf-7015,cb1d9eeabb02280cc415308be38e694e65e2e2fb4f38c65b4242ee826db0aad7,6493,public 7015 notebook output task file
task364,true,,SRC_KAGGLE_NOTEBOOK_SAJAYR_7015,sajayr/neurogolf-7015,bf36b17204a1add1196820dcd0d1bd2567a2a90e91eb022b3a77242254e0b056,5397,public 7015 notebook output task file
task365,true,,SRC_KAGGLE_NOTEBOOK_SAJAYR_7015,sajayr/neurogolf-7015,3975f648e8b509f9801879da03e84c9eb7589f1393df10ee4a8f6030994f0bf9,7087,public 7015 notebook output task file
task366,false,not included in public 395-file output,SRC_KAGGLE_NOTEBOOK_SAJAYR_7015,sajayr/neurogolf-7015,,,Kaggle accepted original public output despite missing task file
task367,true,,SRC_KAGGLE_NOTEBOOK_SAJAYR_7015,sajayr/neurogolf-7015,44e0cb04a1d3f39dc4072278cac782732da3565999f02d0a7d3a8298f66dd62d,7572,public 7015 notebook output task file
task368,true,,SRC_KAGGLE_NOTEBOOK_SAJAYR_7015,sajayr/neurogolf-7015,75e99f23a0acbb786530f6a8e150d85e7d47e79e9a8f99003d73c3132d386e08,9863,public 7015 notebook output task file
task369,true,,SRC_KAGGLE_NOTEBOOK_SAJAYR_7015,sajayr/neurogolf-7015,6a2054011e701c074f75b77ec6311b395b059d862c3b18836e9af081322a96ab,1027,public 7015 notebook output task file
task370,true,,SRC_KAGGLE_NOTEBOOK_SAJAYR_7015,sajayr/neurogolf-7015,8012092bd8dce790c20a7cf9aebb61f3b2c5d595b5209c3e0f4b7aff05251dda,9987,public 7015 notebook output task file
task371,true,,SRC_KAGGLE_NOTEBOOK_SAJAYR_7015,sajayr/neurogolf-7015,62e99f09826f2b72f91711dcce6d933dd39081ce76ecee738a6ddb61758b71b0,1395,public 7015 notebook output task file
task372,true,,SRC_KAGGLE_NOTEBOOK_SAJAYR_7015,sajayr/neurogolf-7015,e80771f0f7b8440f457c8ac7423250344ab4f757b18ce148c1bd5644377fc21a,3057,public 7015 notebook output task file
task373,true,,SRC_KAGGLE_NOTEBOOK_SAJAYR_7015,sajayr/neurogolf-7015,8edd396f7ebbf71a21da16f7b09e414f2a8b583c9966d48216d566c4ed9c7c76,453,public 7015 notebook output task file
task374,true,,SRC_KAGGLE_NOTEBOOK_SAJAYR_7015,sajayr/neurogolf-7015,12bcae1ef705533654fdc96cc90b2baa7f96f8a195a4b90428c1385140343434,3069,public 7015 notebook output task file
task375,true,,SRC_KAGGLE_NOTEBOOK_SAJAYR_7015,sajayr/neurogolf-7015,66c90b8c46e6a85359b68071fff410815f6954292e46246e2a2ac8cb6eaa08a1,1747,public 7015 notebook output task file
task376,true,,SRC_KAGGLE_NOTEBOOK_SAJAYR_7015,sajayr/neurogolf-7015,14506879a045351038068a19c160ca2ebfc57213fa8ad2412935be9b47244eca,777,public 7015 notebook output task file
task377,true,,SRC_KAGGLE_NOTEBOOK_SAJAYR_7015,sajayr/neurogolf-7015,221eb2fea3ec3d56e736e6ff26a142a8df43a3cb60068407cf3556331567ec84,3979,public 7015 notebook output task file
task378,true,,SRC_KAGGLE_NOTEBOOK_SAJAYR_7015,sajayr/neurogolf-7015,aa51e44be80829b9bf115fc51c89ca04210b11fba6b295d6148767f30108a101,13011,public 7015 notebook output task file
task379,true,,SRC_KAGGLE_NOTEBOOK_SAJAYR_7015,sajayr/neurogolf-7015,3d3cee14672187b624a56b1cf8acb29802a2a218c7cf2280c209189bfd60d59c,12553,public 7015 notebook output task file
task380,true,,SRC_KAGGLE_NOTEBOOK_SAJAYR_7015,sajayr/neurogolf-7015,d7e7210306b713a5974c74d3f8ab4da6d918fb601bf1314d3d8847f23aa6b364,616,public 7015 notebook output task file
task381,true,,SRC_KAGGLE_NOTEBOOK_SAJAYR_7015,sajayr/neurogolf-7015,283fc302bd210990c334837a8420f25a1772041b641fe662d8f7b18fc11b4ca9,1888,public 7015 notebook output task file
task382,true,,SRC_KAGGLE_NOTEBOOK_SAJAYR_7015,sajayr/neurogolf-7015,9b4e74daae39ee22e37642242ae42318458fcecea92ff8edd7e4750f23d32daa,7130,public 7015 notebook output task file
task383,true,,SRC_KAGGLE_NOTEBOOK_SAJAYR_7015,sajayr/neurogolf-7015,3dc80dfd26304a3628cdf3b214da59561614f6ed917e86d137c19635b796c628,5472,public 7015 notebook output task file
task384,true,,SRC_KAGGLE_NOTEBOOK_SAJAYR_7015,sajayr/neurogolf-7015,630de97953c72630ffe1733e5cac5b93ce8fc8271a09f66916b7f9ac1f3046ed,2087,public 7015 notebook output task file
task385,true,,SRC_KAGGLE_NOTEBOOK_SAJAYR_7015,sajayr/neurogolf-7015,333305b696f1de6b59fac450064658072d3c4834b231a2ae175ef1955f9ffac1,412,public 7015 notebook output task file
task386,true,,SRC_KAGGLE_NOTEBOOK_SAJAYR_7015,sajayr/neurogolf-7015,454df939c0621578a2dcd658c41a6909950c13edd425233bc68711b54b1d7422,814,public 7015 notebook output task file
task387,true,,SRC_KAGGLE_NOTEBOOK_SAJAYR_7015,sajayr/neurogolf-7015,e6eee04c828868f8d33616414ada5e8a70d709a6122b77c42aebb2523bc41592,5210,public 7015 notebook output task file
task388,true,,SRC_KAGGLE_NOTEBOOK_SAJAYR_7015,sajayr/neurogolf-7015,1fa3e801798de1596b822db7868a3ebecd0431bc2b99b5eb41825ac3b463dd55,5332,public 7015 notebook output task file
task389,true,,SRC_KAGGLE_NOTEBOOK_SAJAYR_7015,sajayr/neurogolf-7015,e755502d481beebaac7412405810ae7e5de7353bd2f29029e0cccb43cda8e6be,973,public 7015 notebook output task file
task390,true,,SRC_KAGGLE_NOTEBOOK_SAJAYR_7015,sajayr/neurogolf-7015,2729e2b5997d7aafeae2cb3a87a36b088bb673c2318521a5dda3c2bd1947d979,9583,public 7015 notebook output task file
task391,true,,SRC_KAGGLE_NOTEBOOK_SAJAYR_7015,sajayr/neurogolf-7015,144417a5fb4f406933f3a8329f67d13d468a16fa63f2f11a12a6d8ce702ff418,679,public 7015 notebook output task file
task392,true,,SRC_KAGGLE_NOTEBOOK_SAJAYR_7015,sajayr/neurogolf-7015,e357ef7f778f4759899958368d1f39f5b09a3b4a00e4eb0d2e9afe0d65220837,5389,public 7015 notebook output task file
task393,true,,SRC_KAGGLE_NOTEBOOK_SAJAYR_7015,sajayr/neurogolf-7015,0d7cf65ca49df24ae80432bfa604bea6eb1b6153d6bb8452fc12636c486c4bf6,494,public 7015 notebook output task file
task394,true,,SRC_KAGGLE_NOTEBOOK_SAJAYR_7015,sajayr/neurogolf-7015,e654c7504cc4e960c66796643233242c6254ff84acbdae20a20ac2a2224f7c84,9982,public 7015 notebook output task file
task395,true,,SRC_KAGGLE_NOTEBOOK_SAJAYR_7015,sajayr/neurogolf-7015,591fe66edc5027b4b5451d5af6d72e82fbd3ac2b9fc3a9143f04b2d9cea38b88,819,public 7015 notebook output task file
task396,true,,SRC_KAGGLE_NOTEBOOK_SAJAYR_7015,sajayr/neurogolf-7015,653d14e1bee510cf646373ca164355b83ccb65c84f52f1d79b12c7fb4615ac2b,53046,public 7015 notebook output task file
task397,true,,SRC_KAGGLE_NOTEBOOK_SAJAYR_7015,sajayr/neurogolf-7015,77be7f6eae10827cf03288b7e9400fa26fb86f79ff27dc075e650373104b5fb8,3501,public 7015 notebook output task file
task398,true,,SRC_KAGGLE_NOTEBOOK_SAJAYR_7015,sajayr/neurogolf-7015,664cd55b789534b0a265d18b94ecf40c5aae7b7768fd0fb9c449c477c23ff5da,1868,public 7015 notebook output task file
task399,true,,SRC_KAGGLE_NOTEBOOK_SAJAYR_7015,sajayr/neurogolf-7015,8e63f44c4e770dd0dc475414de26c1daf2d268585b9b8286eec977997901f147,524,public 7015 notebook output task file
task400,true,,SRC_KAGGLE_NOTEBOOK_SAJAYR_7015,sajayr/neurogolf-7015,23630cdc74a47d7521ce72f337747adba9721c558983fdcb38085a7e75975eca,1666,public 7015 notebook output task file
