task_id,source_id,source_type,model_path,notes
task001,SRC_KAGGLE_NOTEBOOK_OCTAVIO_6154,candidate,E:\Jitter\kagglegolf\submissions\candidates\GOLF_20260607_001_public_6154_repro\onnx\task001.onnx,GOLF_20260607_001_public_6154_repro
task002,SRC_KAGGLE_NOTEBOOK_OCTAVIO_6154,candidate,E:\Jitter\kagglegolf\submissions\candidates\GOLF_20260607_001_public_6154_repro\onnx\task002.onnx,GOLF_20260607_001_public_6154_repro
task003,SRC_KAGGLE_NOTEBOOK_OCTAVIO_6154,candidate,E:\Jitter\kagglegolf\submissions\candidates\GOLF_20260607_001_public_6154_repro\onnx\task003.onnx,GOLF_20260607_001_public_6154_repro
task004,SRC_KAGGLE_NOTEBOOK_OCTAVIO_6154,candidate,E:\Jitter\kagglegolf\submissions\candidates\GOLF_20260607_001_public_6154_repro\onnx\task004.onnx,GOLF_20260607_001_public_6154_repro
task005,SRC_KAGGLE_NOTEBOOK_OCTAVIO_6154,candidate,E:\Jitter\kagglegolf\submissions\candidates\GOLF_20260607_001_public_6154_repro\onnx\task005.onnx,GOLF_20260607_001_public_6154_repro
task006,SRC_KAGGLE_NOTEBOOK_OCTAVIO_6154,candidate,E:\Jitter\kagglegolf\submissions\candidates\GOLF_20260607_001_public_6154_repro\onnx\task006.onnx,GOLF_20260607_001_public_6154_repro
task007,SRC_KAGGLE_NOTEBOOK_OCTAVIO_6154,candidate,E:\Jitter\kagglegolf\submissions\candidates\GOLF_20260607_001_public_6154_repro\onnx\task007.onnx,GOLF_20260607_001_public_6154_repro
task008,SRC_KAGGLE_NOTEBOOK_OCTAVIO_6154,candidate,E:\Jitter\kagglegolf\submissions\candidates\GOLF_20260607_001_public_6154_repro\onnx\task008.onnx,GOLF_20260607_001_public_6154_repro
task009,SRC_KAGGLE_NOTEBOOK_OCTAVIO_6154,candidate,E:\Jitter\kagglegolf\submissions\candidates\GOLF_20260607_001_public_6154_repro\onnx\task009.onnx,GOLF_20260607_001_public_6154_repro
task010,SRC_KAGGLE_NOTEBOOK_OCTAVIO_6154,candidate,E:\Jitter\kagglegolf\submissions\candidates\GOLF_20260607_001_public_6154_repro\onnx\task010.onnx,GOLF_20260607_001_public_6154_repro
task011,SRC_KAGGLE_NOTEBOOK_OCTAVIO_6154,candidate,E:\Jitter\kagglegolf\submissions\candidates\GOLF_20260607_001_public_6154_repro\onnx\task011.onnx,GOLF_20260607_001_public_6154_repro
task012,SRC_KAGGLE_NOTEBOOK_OCTAVIO_6154,candidate,E:\Jitter\kagglegolf\submissions\candidates\GOLF_20260607_001_public_6154_repro\onnx\task012.onnx,GOLF_20260607_001_public_6154_repro
task013,SRC_KAGGLE_NOTEBOOK_OCTAVIO_6154,candidate,E:\Jitter\kagglegolf\submissions\candidates\GOLF_20260607_001_public_6154_repro\onnx\task013.onnx,GOLF_20260607_001_public_6154_repro
task014,SRC_KAGGLE_NOTEBOOK_OCTAVIO_6154,candidate,E:\Jitter\kagglegolf\submissions\candidates\GOLF_20260607_001_public_6154_repro\onnx\task014.onnx,GOLF_20260607_001_public_6154_repro
task015,SRC_KAGGLE_NOTEBOOK_OCTAVIO_6154,candidate,E:\Jitter\kagglegolf\submissions\candidates\GOLF_20260607_001_public_6154_repro\onnx\task015.onnx,GOLF_20260607_001_public_6154_repro
task016,SRC_KAGGLE_NOTEBOOK_OCTAVIO_6154,candidate,E:\Jitter\kagglegolf\submissions\candidates\GOLF_20260607_001_public_6154_repro\onnx\task016.onnx,GOLF_20260607_001_public_6154_repro
task017,SRC_KAGGLE_NOTEBOOK_OCTAVIO_6154,candidate,E:\Jitter\kagglegolf\submissions\candidates\GOLF_20260607_001_public_6154_repro\onnx\task017.onnx,GOLF_20260607_001_public_6154_repro
task018,SRC_KAGGLE_NOTEBOOK_OCTAVIO_6154,candidate,E:\Jitter\kagglegolf\submissions\candidates\GOLF_20260607_001_public_6154_repro\onnx\task018.onnx,GOLF_20260607_001_public_6154_repro
task019,SRC_KAGGLE_NOTEBOOK_OCTAVIO_6154,candidate,E:\Jitter\kagglegolf\submissions\candidates\GOLF_20260607_001_public_6154_repro\onnx\task019.onnx,GOLF_20260607_001_public_6154_repro
task020,SRC_KAGGLE_NOTEBOOK_OCTAVIO_6154,candidate,E:\Jitter\kagglegolf\submissions\candidates\GOLF_20260607_001_public_6154_repro\onnx\task020.onnx,GOLF_20260607_001_public_6154_repro
task021,SRC_KAGGLE_NOTEBOOK_OCTAVIO_6154,candidate,E:\Jitter\kagglegolf\submissions\candidates\GOLF_20260607_001_public_6154_repro\onnx\task021.onnx,GOLF_20260607_001_public_6154_repro
task022,SRC_KAGGLE_NOTEBOOK_OCTAVIO_6154,candidate,E:\Jitter\kagglegolf\submissions\candidates\GOLF_20260607_001_public_6154_repro\onnx\task022.onnx,GOLF_20260607_001_public_6154_repro
task023,SRC_KAGGLE_NOTEBOOK_OCTAVIO_6154,candidate,E:\Jitter\kagglegolf\submissions\candidates\GOLF_20260607_001_public_6154_repro\onnx\task023.onnx,GOLF_20260607_001_public_6154_repro
task024,SRC_KAGGLE_NOTEBOOK_OCTAVIO_6154,candidate,E:\Jitter\kagglegolf\submissions\candidates\GOLF_20260607_001_public_6154_repro\onnx\task024.onnx,GOLF_20260607_001_public_6154_repro
task025,SRC_KAGGLE_NOTEBOOK_OCTAVIO_6154,candidate,E:\Jitter\kagglegolf\submissions\candidates\GOLF_20260607_001_public_6154_repro\onnx\task025.onnx,GOLF_20260607_001_public_6154_repro
task026,SRC_KAGGLE_NOTEBOOK_OCTAVIO_6154,candidate,E:\Jitter\kagglegolf\submissions\candidates\GOLF_20260607_001_public_6154_repro\onnx\task026.onnx,GOLF_20260607_001_public_6154_repro
task027,SRC_KAGGLE_NOTEBOOK_OCTAVIO_6154,candidate,E:\Jitter\kagglegolf\submissions\candidates\GOLF_20260607_001_public_6154_repro\onnx\task027.onnx,GOLF_20260607_001_public_6154_repro
task028,SRC_KAGGLE_NOTEBOOK_OCTAVIO_6154,candidate,E:\Jitter\kagglegolf\submissions\candidates\GOLF_20260607_001_public_6154_repro\onnx\task028.onnx,GOLF_20260607_001_public_6154_repro
task029,SRC_KAGGLE_NOTEBOOK_OCTAVIO_6154,candidate,E:\Jitter\kagglegolf\submissions\candidates\GOLF_20260607_001_public_6154_repro\onnx\task029.onnx,GOLF_20260607_001_public_6154_repro
task030,SRC_KAGGLE_NOTEBOOK_OCTAVIO_6154,candidate,E:\Jitter\kagglegolf\submissions\candidates\GOLF_20260607_001_public_6154_repro\onnx\task030.onnx,GOLF_20260607_001_public_6154_repro
task031,SRC_KAGGLE_NOTEBOOK_OCTAVIO_6154,candidate,E:\Jitter\kagglegolf\submissions\candidates\GOLF_20260607_001_public_6154_repro\onnx\task031.onnx,GOLF_20260607_001_public_6154_repro
task032,SRC_KAGGLE_NOTEBOOK_OCTAVIO_6154,candidate,E:\Jitter\kagglegolf\submissions\candidates\GOLF_20260607_001_public_6154_repro\onnx\task032.onnx,GOLF_20260607_001_public_6154_repro
task033,SRC_KAGGLE_NOTEBOOK_OCTAVIO_6154,candidate,E:\Jitter\kagglegolf\submissions\candidates\GOLF_20260607_001_public_6154_repro\onnx\task033.onnx,GOLF_20260607_001_public_6154_repro
task034,SRC_KAGGLE_NOTEBOOK_OCTAVIO_6154,candidate,E:\Jitter\kagglegolf\submissions\candidates\GOLF_20260607_001_public_6154_repro\onnx\task034.onnx,GOLF_20260607_001_public_6154_repro
task035,SRC_KAGGLE_NOTEBOOK_OCTAVIO_6154,candidate,E:\Jitter\kagglegolf\submissions\candidates\GOLF_20260607_001_public_6154_repro\onnx\task035.onnx,GOLF_20260607_001_public_6154_repro
task036,SRC_KAGGLE_NOTEBOOK_OCTAVIO_6154,candidate,E:\Jitter\kagglegolf\submissions\candidates\GOLF_20260607_001_public_6154_repro\onnx\task036.onnx,GOLF_20260607_001_public_6154_repro
task037,SRC_KAGGLE_NOTEBOOK_OCTAVIO_6154,candidate,E:\Jitter\kagglegolf\submissions\candidates\GOLF_20260607_001_public_6154_repro\onnx\task037.onnx,GOLF_20260607_001_public_6154_repro
task038,SRC_KAGGLE_NOTEBOOK_OCTAVIO_6154,candidate,E:\Jitter\kagglegolf\submissions\candidates\GOLF_20260607_001_public_6154_repro\onnx\task038.onnx,GOLF_20260607_001_public_6154_repro
task039,SRC_KAGGLE_NOTEBOOK_OCTAVIO_6154,candidate,E:\Jitter\kagglegolf\submissions\candidates\GOLF_20260607_001_public_6154_repro\onnx\task039.onnx,GOLF_20260607_001_public_6154_repro
task040,SRC_KAGGLE_NOTEBOOK_OCTAVIO_6154,candidate,E:\Jitter\kagglegolf\submissions\candidates\GOLF_20260607_001_public_6154_repro\onnx\task040.onnx,GOLF_20260607_001_public_6154_repro
task041,SRC_KAGGLE_NOTEBOOK_OCTAVIO_6154,candidate,E:\Jitter\kagglegolf\submissions\candidates\GOLF_20260607_001_public_6154_repro\onnx\task041.onnx,GOLF_20260607_001_public_6154_repro
task042,SRC_KAGGLE_NOTEBOOK_OCTAVIO_6154,candidate,E:\Jitter\kagglegolf\submissions\candidates\GOLF_20260607_001_public_6154_repro\onnx\task042.onnx,GOLF_20260607_001_public_6154_repro
task043,SRC_KAGGLE_NOTEBOOK_OCTAVIO_6154,candidate,E:\Jitter\kagglegolf\submissions\candidates\GOLF_20260607_001_public_6154_repro\onnx\task043.onnx,GOLF_20260607_001_public_6154_repro
task044,SRC_KAGGLE_NOTEBOOK_OCTAVIO_6154,candidate,E:\Jitter\kagglegolf\submissions\candidates\GOLF_20260607_001_public_6154_repro\onnx\task044.onnx,GOLF_20260607_001_public_6154_repro
task045,SRC_KAGGLE_NOTEBOOK_OCTAVIO_6154,candidate,E:\Jitter\kagglegolf\submissions\candidates\GOLF_20260607_001_public_6154_repro\onnx\task045.onnx,GOLF_20260607_001_public_6154_repro
task046,SRC_KAGGLE_NOTEBOOK_OCTAVIO_6154,candidate,E:\Jitter\kagglegolf\submissions\candidates\GOLF_20260607_001_public_6154_repro\onnx\task046.onnx,GOLF_20260607_001_public_6154_repro
task047,SRC_KAGGLE_NOTEBOOK_OCTAVIO_6154,candidate,E:\Jitter\kagglegolf\submissions\candidates\GOLF_20260607_001_public_6154_repro\onnx\task047.onnx,GOLF_20260607_001_public_6154_repro
task048,SRC_KAGGLE_NOTEBOOK_OCTAVIO_6154,candidate,E:\Jitter\kagglegolf\submissions\candidates\GOLF_20260607_001_public_6154_repro\onnx\task048.onnx,GOLF_20260607_001_public_6154_repro
task049,SRC_KAGGLE_NOTEBOOK_OCTAVIO_6154,candidate,E:\Jitter\kagglegolf\submissions\candidates\GOLF_20260607_001_public_6154_repro\onnx\task049.onnx,GOLF_20260607_001_public_6154_repro
task050,SRC_KAGGLE_NOTEBOOK_OCTAVIO_6154,candidate,E:\Jitter\kagglegolf\submissions\candidates\GOLF_20260607_001_public_6154_repro\onnx\task050.onnx,GOLF_20260607_001_public_6154_repro
task051,SRC_KAGGLE_NOTEBOOK_OCTAVIO_6154,candidate,E:\Jitter\kagglegolf\submissions\candidates\GOLF_20260607_001_public_6154_repro\onnx\task051.onnx,GOLF_20260607_001_public_6154_repro
task052,SRC_KAGGLE_NOTEBOOK_OCTAVIO_6154,candidate,E:\Jitter\kagglegolf\submissions\candidates\GOLF_20260607_001_public_6154_repro\onnx\task052.onnx,GOLF_20260607_001_public_6154_repro
task053,SRC_KAGGLE_NOTEBOOK_OCTAVIO_6154,candidate,E:\Jitter\kagglegolf\submissions\candidates\GOLF_20260607_001_public_6154_repro\onnx\task053.onnx,GOLF_20260607_001_public_6154_repro
task054,SRC_KAGGLE_NOTEBOOK_OCTAVIO_6154,candidate,E:\Jitter\kagglegolf\submissions\candidates\GOLF_20260607_001_public_6154_repro\onnx\task054.onnx,GOLF_20260607_001_public_6154_repro
task055,SRC_KAGGLE_NOTEBOOK_OCTAVIO_6154,candidate,E:\Jitter\kagglegolf\submissions\candidates\GOLF_20260607_001_public_6154_repro\onnx\task055.onnx,GOLF_20260607_001_public_6154_repro
task056,SRC_KAGGLE_NOTEBOOK_OCTAVIO_6154,candidate,E:\Jitter\kagglegolf\submissions\candidates\GOLF_20260607_001_public_6154_repro\onnx\task056.onnx,GOLF_20260607_001_public_6154_repro
task057,SRC_KAGGLE_NOTEBOOK_OCTAVIO_6154,candidate,E:\Jitter\kagglegolf\submissions\candidates\GOLF_20260607_001_public_6154_repro\onnx\task057.onnx,GOLF_20260607_001_public_6154_repro
task058,SRC_KAGGLE_NOTEBOOK_OCTAVIO_6154,candidate,E:\Jitter\kagglegolf\submissions\candidates\GOLF_20260607_001_public_6154_repro\onnx\task058.onnx,GOLF_20260607_001_public_6154_repro
task059,SRC_KAGGLE_NOTEBOOK_OCTAVIO_6154,candidate,E:\Jitter\kagglegolf\submissions\candidates\GOLF_20260607_001_public_6154_repro\onnx\task059.onnx,GOLF_20260607_001_public_6154_repro
task060,SRC_KAGGLE_NOTEBOOK_OCTAVIO_6154,candidate,E:\Jitter\kagglegolf\submissions\candidates\GOLF_20260607_001_public_6154_repro\onnx\task060.onnx,GOLF_20260607_001_public_6154_repro
task061,SRC_KAGGLE_NOTEBOOK_OCTAVIO_6154,candidate,E:\Jitter\kagglegolf\submissions\candidates\GOLF_20260607_001_public_6154_repro\onnx\task061.onnx,GOLF_20260607_001_public_6154_repro
task062,SRC_KAGGLE_NOTEBOOK_OCTAVIO_6154,candidate,E:\Jitter\kagglegolf\submissions\candidates\GOLF_20260607_001_public_6154_repro\onnx\task062.onnx,GOLF_20260607_001_public_6154_repro
task063,SRC_KAGGLE_NOTEBOOK_OCTAVIO_6154,candidate,E:\Jitter\kagglegolf\submissions\candidates\GOLF_20260607_001_public_6154_repro\onnx\task063.onnx,GOLF_20260607_001_public_6154_repro
task064,SRC_KAGGLE_NOTEBOOK_OCTAVIO_6154,candidate,E:\Jitter\kagglegolf\submissions\candidates\GOLF_20260607_001_public_6154_repro\onnx\task064.onnx,GOLF_20260607_001_public_6154_repro
task065,SRC_KAGGLE_NOTEBOOK_OCTAVIO_6154,candidate,E:\Jitter\kagglegolf\submissions\candidates\GOLF_20260607_001_public_6154_repro\onnx\task065.onnx,GOLF_20260607_001_public_6154_repro
task066,SRC_KAGGLE_NOTEBOOK_OCTAVIO_6154,candidate,E:\Jitter\kagglegolf\submissions\candidates\GOLF_20260607_001_public_6154_repro\onnx\task066.onnx,GOLF_20260607_001_public_6154_repro
task067,SRC_KAGGLE_NOTEBOOK_OCTAVIO_6154,candidate,E:\Jitter\kagglegolf\submissions\candidates\GOLF_20260607_001_public_6154_repro\onnx\task067.onnx,GOLF_20260607_001_public_6154_repro
task068,SRC_KAGGLE_NOTEBOOK_OCTAVIO_6154,candidate,E:\Jitter\kagglegolf\submissions\candidates\GOLF_20260607_001_public_6154_repro\onnx\task068.onnx,GOLF_20260607_001_public_6154_repro
task069,SRC_KAGGLE_NOTEBOOK_OCTAVIO_6154,candidate,E:\Jitter\kagglegolf\submissions\candidates\GOLF_20260607_001_public_6154_repro\onnx\task069.onnx,GOLF_20260607_001_public_6154_repro
task070,SRC_KAGGLE_NOTEBOOK_OCTAVIO_6154,candidate,E:\Jitter\kagglegolf\submissions\candidates\GOLF_20260607_001_public_6154_repro\onnx\task070.onnx,GOLF_20260607_001_public_6154_repro
task071,SRC_KAGGLE_NOTEBOOK_OCTAVIO_6154,candidate,E:\Jitter\kagglegolf\submissions\candidates\GOLF_20260607_001_public_6154_repro\onnx\task071.onnx,GOLF_20260607_001_public_6154_repro
task072,SRC_KAGGLE_NOTEBOOK_OCTAVIO_6154,candidate,E:\Jitter\kagglegolf\submissions\candidates\GOLF_20260607_001_public_6154_repro\onnx\task072.onnx,GOLF_20260607_001_public_6154_repro
task073,SRC_KAGGLE_NOTEBOOK_OCTAVIO_6154,candidate,E:\Jitter\kagglegolf\submissions\candidates\GOLF_20260607_001_public_6154_repro\onnx\task073.onnx,GOLF_20260607_001_public_6154_repro
task074,SRC_KAGGLE_NOTEBOOK_OCTAVIO_6154,candidate,E:\Jitter\kagglegolf\submissions\candidates\GOLF_20260607_001_public_6154_repro\onnx\task074.onnx,GOLF_20260607_001_public_6154_repro
task075,SRC_KAGGLE_NOTEBOOK_OCTAVIO_6154,candidate,E:\Jitter\kagglegolf\submissions\candidates\GOLF_20260607_001_public_6154_repro\onnx\task075.onnx,GOLF_20260607_001_public_6154_repro
task076,SRC_KAGGLE_NOTEBOOK_OCTAVIO_6154,candidate,E:\Jitter\kagglegolf\submissions\candidates\GOLF_20260607_001_public_6154_repro\onnx\task076.onnx,GOLF_20260607_001_public_6154_repro
task077,SRC_KAGGLE_NOTEBOOK_OCTAVIO_6154,candidate,E:\Jitter\kagglegolf\submissions\candidates\GOLF_20260607_001_public_6154_repro\onnx\task077.onnx,GOLF_20260607_001_public_6154_repro
task078,SRC_KAGGLE_NOTEBOOK_OCTAVIO_6154,candidate,E:\Jitter\kagglegolf\submissions\candidates\GOLF_20260607_001_public_6154_repro\onnx\task078.onnx,GOLF_20260607_001_public_6154_repro
task079,SRC_KAGGLE_NOTEBOOK_OCTAVIO_6154,candidate,E:\Jitter\kagglegolf\submissions\candidates\GOLF_20260607_001_public_6154_repro\onnx\task079.onnx,GOLF_20260607_001_public_6154_repro
task080,SRC_KAGGLE_NOTEBOOK_OCTAVIO_6154,candidate,E:\Jitter\kagglegolf\submissions\candidates\GOLF_20260607_001_public_6154_repro\onnx\task080.onnx,GOLF_20260607_001_public_6154_repro
task081,SRC_KAGGLE_NOTEBOOK_OCTAVIO_6154,candidate,E:\Jitter\kagglegolf\submissions\candidates\GOLF_20260607_001_public_6154_repro\onnx\task081.onnx,GOLF_20260607_001_public_6154_repro
task082,SRC_KAGGLE_NOTEBOOK_OCTAVIO_6154,candidate,E:\Jitter\kagglegolf\submissions\candidates\GOLF_20260607_001_public_6154_repro\onnx\task082.onnx,GOLF_20260607_001_public_6154_repro
task083,SRC_KAGGLE_NOTEBOOK_OCTAVIO_6154,candidate,E:\Jitter\kagglegolf\submissions\candidates\GOLF_20260607_001_public_6154_repro\onnx\task083.onnx,GOLF_20260607_001_public_6154_repro
task084,SRC_KAGGLE_NOTEBOOK_OCTAVIO_6154,candidate,E:\Jitter\kagglegolf\submissions\candidates\GOLF_20260607_001_public_6154_repro\onnx\task084.onnx,GOLF_20260607_001_public_6154_repro
task085,SRC_KAGGLE_NOTEBOOK_OCTAVIO_6154,candidate,E:\Jitter\kagglegolf\submissions\candidates\GOLF_20260607_001_public_6154_repro\onnx\task085.onnx,GOLF_20260607_001_public_6154_repro
task086,SRC_KAGGLE_NOTEBOOK_OCTAVIO_6154,candidate,E:\Jitter\kagglegolf\submissions\candidates\GOLF_20260607_001_public_6154_repro\onnx\task086.onnx,GOLF_20260607_001_public_6154_repro
task087,SRC_KAGGLE_NOTEBOOK_OCTAVIO_6154,candidate,E:\Jitter\kagglegolf\submissions\candidates\GOLF_20260607_001_public_6154_repro\onnx\task087.onnx,GOLF_20260607_001_public_6154_repro
task088,SRC_KAGGLE_NOTEBOOK_OCTAVIO_6154,candidate,E:\Jitter\kagglegolf\submissions\candidates\GOLF_20260607_001_public_6154_repro\onnx\task088.onnx,GOLF_20260607_001_public_6154_repro
task089,SRC_KAGGLE_NOTEBOOK_OCTAVIO_6154,candidate,E:\Jitter\kagglegolf\submissions\candidates\GOLF_20260607_001_public_6154_repro\onnx\task089.onnx,GOLF_20260607_001_public_6154_repro
task090,SRC_KAGGLE_NOTEBOOK_OCTAVIO_6154,candidate,E:\Jitter\kagglegolf\submissions\candidates\GOLF_20260607_001_public_6154_repro\onnx\task090.onnx,GOLF_20260607_001_public_6154_repro
task091,SRC_KAGGLE_NOTEBOOK_OCTAVIO_6154,candidate,E:\Jitter\kagglegolf\submissions\candidates\GOLF_20260607_001_public_6154_repro\onnx\task091.onnx,GOLF_20260607_001_public_6154_repro
task092,SRC_KAGGLE_NOTEBOOK_OCTAVIO_6154,candidate,E:\Jitter\kagglegolf\submissions\candidates\GOLF_20260607_001_public_6154_repro\onnx\task092.onnx,GOLF_20260607_001_public_6154_repro
task093,SRC_KAGGLE_NOTEBOOK_OCTAVIO_6154,candidate,E:\Jitter\kagglegolf\submissions\candidates\GOLF_20260607_001_public_6154_repro\onnx\task093.onnx,GOLF_20260607_001_public_6154_repro
task094,SRC_KAGGLE_NOTEBOOK_OCTAVIO_6154,candidate,E:\Jitter\kagglegolf\submissions\candidates\GOLF_20260607_001_public_6154_repro\onnx\task094.onnx,GOLF_20260607_001_public_6154_repro
task095,SRC_KAGGLE_NOTEBOOK_OCTAVIO_6154,candidate,E:\Jitter\kagglegolf\submissions\candidates\GOLF_20260607_001_public_6154_repro\onnx\task095.onnx,GOLF_20260607_001_public_6154_repro
task096,SRC_KAGGLE_NOTEBOOK_OCTAVIO_6154,candidate,E:\Jitter\kagglegolf\submissions\candidates\GOLF_20260607_001_public_6154_repro\onnx\task096.onnx,GOLF_20260607_001_public_6154_repro
task097,SRC_KAGGLE_NOTEBOOK_OCTAVIO_6154,candidate,E:\Jitter\kagglegolf\submissions\candidates\GOLF_20260607_001_public_6154_repro\onnx\task097.onnx,GOLF_20260607_001_public_6154_repro
task098,SRC_KAGGLE_NOTEBOOK_OCTAVIO_6154,candidate,E:\Jitter\kagglegolf\submissions\candidates\GOLF_20260607_001_public_6154_repro\onnx\task098.onnx,GOLF_20260607_001_public_6154_repro
task099,SRC_KAGGLE_NOTEBOOK_OCTAVIO_6154,candidate,E:\Jitter\kagglegolf\submissions\candidates\GOLF_20260607_001_public_6154_repro\onnx\task099.onnx,GOLF_20260607_001_public_6154_repro
task100,SRC_KAGGLE_NOTEBOOK_OCTAVIO_6154,candidate,E:\Jitter\kagglegolf\submissions\candidates\GOLF_20260607_001_public_6154_repro\onnx\task100.onnx,GOLF_20260607_001_public_6154_repro
task101,SRC_KAGGLE_NOTEBOOK_OCTAVIO_6154,candidate,E:\Jitter\kagglegolf\submissions\candidates\GOLF_20260607_001_public_6154_repro\onnx\task101.onnx,GOLF_20260607_001_public_6154_repro
task102,SRC_KAGGLE_NOTEBOOK_OCTAVIO_6154,candidate,E:\Jitter\kagglegolf\submissions\candidates\GOLF_20260607_001_public_6154_repro\onnx\task102.onnx,GOLF_20260607_001_public_6154_repro
task103,SRC_KAGGLE_NOTEBOOK_OCTAVIO_6154,candidate,E:\Jitter\kagglegolf\submissions\candidates\GOLF_20260607_001_public_6154_repro\onnx\task103.onnx,GOLF_20260607_001_public_6154_repro
task104,SRC_KAGGLE_NOTEBOOK_OCTAVIO_6154,candidate,E:\Jitter\kagglegolf\submissions\candidates\GOLF_20260607_001_public_6154_repro\onnx\task104.onnx,GOLF_20260607_001_public_6154_repro
task105,SRC_KAGGLE_NOTEBOOK_OCTAVIO_6154,candidate,E:\Jitter\kagglegolf\submissions\candidates\GOLF_20260607_001_public_6154_repro\onnx\task105.onnx,GOLF_20260607_001_public_6154_repro
task106,SRC_KAGGLE_NOTEBOOK_OCTAVIO_6154,candidate,E:\Jitter\kagglegolf\submissions\candidates\GOLF_20260607_001_public_6154_repro\onnx\task106.onnx,GOLF_20260607_001_public_6154_repro
task107,SRC_KAGGLE_NOTEBOOK_OCTAVIO_6154,candidate,E:\Jitter\kagglegolf\submissions\candidates\GOLF_20260607_001_public_6154_repro\onnx\task107.onnx,GOLF_20260607_001_public_6154_repro
task108,SRC_KAGGLE_NOTEBOOK_OCTAVIO_6154,candidate,E:\Jitter\kagglegolf\submissions\candidates\GOLF_20260607_001_public_6154_repro\onnx\task108.onnx,GOLF_20260607_001_public_6154_repro
task109,SRC_KAGGLE_NOTEBOOK_OCTAVIO_6154,candidate,E:\Jitter\kagglegolf\submissions\candidates\GOLF_20260607_001_public_6154_repro\onnx\task109.onnx,GOLF_20260607_001_public_6154_repro
task110,SRC_KAGGLE_NOTEBOOK_OCTAVIO_6154,candidate,E:\Jitter\kagglegolf\submissions\candidates\GOLF_20260607_001_public_6154_repro\onnx\task110.onnx,GOLF_20260607_001_public_6154_repro
task111,SRC_KAGGLE_NOTEBOOK_OCTAVIO_6154,candidate,E:\Jitter\kagglegolf\submissions\candidates\GOLF_20260607_001_public_6154_repro\onnx\task111.onnx,GOLF_20260607_001_public_6154_repro
task112,SRC_KAGGLE_NOTEBOOK_OCTAVIO_6154,candidate,E:\Jitter\kagglegolf\submissions\candidates\GOLF_20260607_001_public_6154_repro\onnx\task112.onnx,GOLF_20260607_001_public_6154_repro
task113,SRC_KAGGLE_NOTEBOOK_OCTAVIO_6154,candidate,E:\Jitter\kagglegolf\submissions\candidates\GOLF_20260607_001_public_6154_repro\onnx\task113.onnx,GOLF_20260607_001_public_6154_repro
task114,SRC_KAGGLE_NOTEBOOK_OCTAVIO_6154,candidate,E:\Jitter\kagglegolf\submissions\candidates\GOLF_20260607_001_public_6154_repro\onnx\task114.onnx,GOLF_20260607_001_public_6154_repro
task115,SRC_KAGGLE_NOTEBOOK_OCTAVIO_6154,candidate,E:\Jitter\kagglegolf\submissions\candidates\GOLF_20260607_001_public_6154_repro\onnx\task115.onnx,GOLF_20260607_001_public_6154_repro
task116,SRC_KAGGLE_NOTEBOOK_OCTAVIO_6154,candidate,E:\Jitter\kagglegolf\submissions\candidates\GOLF_20260607_001_public_6154_repro\onnx\task116.onnx,GOLF_20260607_001_public_6154_repro
task117,SRC_KAGGLE_NOTEBOOK_OCTAVIO_6154,candidate,E:\Jitter\kagglegolf\submissions\candidates\GOLF_20260607_001_public_6154_repro\onnx\task117.onnx,GOLF_20260607_001_public_6154_repro
task118,SRC_KAGGLE_NOTEBOOK_OCTAVIO_6154,candidate,E:\Jitter\kagglegolf\submissions\candidates\GOLF_20260607_001_public_6154_repro\onnx\task118.onnx,GOLF_20260607_001_public_6154_repro
task119,SRC_KAGGLE_NOTEBOOK_OCTAVIO_6154,candidate,E:\Jitter\kagglegolf\submissions\candidates\GOLF_20260607_001_public_6154_repro\onnx\task119.onnx,GOLF_20260607_001_public_6154_repro
task120,SRC_KAGGLE_NOTEBOOK_OCTAVIO_6154,candidate,E:\Jitter\kagglegolf\submissions\candidates\GOLF_20260607_001_public_6154_repro\onnx\task120.onnx,GOLF_20260607_001_public_6154_repro
task121,SRC_KAGGLE_NOTEBOOK_OCTAVIO_6154,candidate,E:\Jitter\kagglegolf\submissions\candidates\GOLF_20260607_001_public_6154_repro\onnx\task121.onnx,GOLF_20260607_001_public_6154_repro
task122,SRC_KAGGLE_NOTEBOOK_OCTAVIO_6154,candidate,E:\Jitter\kagglegolf\submissions\candidates\GOLF_20260607_001_public_6154_repro\onnx\task122.onnx,GOLF_20260607_001_public_6154_repro
task123,SRC_KAGGLE_NOTEBOOK_OCTAVIO_6154,candidate,E:\Jitter\kagglegolf\submissions\candidates\GOLF_20260607_001_public_6154_repro\onnx\task123.onnx,GOLF_20260607_001_public_6154_repro
task124,SRC_KAGGLE_NOTEBOOK_OCTAVIO_6154,candidate,E:\Jitter\kagglegolf\submissions\candidates\GOLF_20260607_001_public_6154_repro\onnx\task124.onnx,GOLF_20260607_001_public_6154_repro
task125,SRC_KAGGLE_NOTEBOOK_OCTAVIO_6154,candidate,E:\Jitter\kagglegolf\submissions\candidates\GOLF_20260607_001_public_6154_repro\onnx\task125.onnx,GOLF_20260607_001_public_6154_repro
task126,SRC_KAGGLE_NOTEBOOK_OCTAVIO_6154,candidate,E:\Jitter\kagglegolf\submissions\candidates\GOLF_20260607_001_public_6154_repro\onnx\task126.onnx,GOLF_20260607_001_public_6154_repro
task127,SRC_KAGGLE_NOTEBOOK_OCTAVIO_6154,candidate,E:\Jitter\kagglegolf\submissions\candidates\GOLF_20260607_001_public_6154_repro\onnx\task127.onnx,GOLF_20260607_001_public_6154_repro
task128,SRC_KAGGLE_NOTEBOOK_OCTAVIO_6154,candidate,E:\Jitter\kagglegolf\submissions\candidates\GOLF_20260607_001_public_6154_repro\onnx\task128.onnx,GOLF_20260607_001_public_6154_repro
task129,SRC_KAGGLE_NOTEBOOK_OCTAVIO_6154,candidate,E:\Jitter\kagglegolf\submissions\candidates\GOLF_20260607_001_public_6154_repro\onnx\task129.onnx,GOLF_20260607_001_public_6154_repro
task130,SRC_KAGGLE_NOTEBOOK_OCTAVIO_6154,candidate,E:\Jitter\kagglegolf\submissions\candidates\GOLF_20260607_001_public_6154_repro\onnx\task130.onnx,GOLF_20260607_001_public_6154_repro
task131,SRC_KAGGLE_NOTEBOOK_OCTAVIO_6154,candidate,E:\Jitter\kagglegolf\submissions\candidates\GOLF_20260607_001_public_6154_repro\onnx\task131.onnx,GOLF_20260607_001_public_6154_repro
task132,SRC_KAGGLE_NOTEBOOK_OCTAVIO_6154,candidate,E:\Jitter\kagglegolf\submissions\candidates\GOLF_20260607_001_public_6154_repro\onnx\task132.onnx,GOLF_20260607_001_public_6154_repro
task133,SRC_KAGGLE_NOTEBOOK_OCTAVIO_6154,candidate,E:\Jitter\kagglegolf\submissions\candidates\GOLF_20260607_001_public_6154_repro\onnx\task133.onnx,GOLF_20260607_001_public_6154_repro
task134,SRC_KAGGLE_NOTEBOOK_OCTAVIO_6154,candidate,E:\Jitter\kagglegolf\submissions\candidates\GOLF_20260607_001_public_6154_repro\onnx\task134.onnx,GOLF_20260607_001_public_6154_repro
task135,SRC_KAGGLE_NOTEBOOK_OCTAVIO_6154,candidate,E:\Jitter\kagglegolf\submissions\candidates\GOLF_20260607_001_public_6154_repro\onnx\task135.onnx,GOLF_20260607_001_public_6154_repro
task136,SRC_KAGGLE_NOTEBOOK_OCTAVIO_6154,candidate,E:\Jitter\kagglegolf\submissions\candidates\GOLF_20260607_001_public_6154_repro\onnx\task136.onnx,GOLF_20260607_001_public_6154_repro
task137,SRC_KAGGLE_NOTEBOOK_OCTAVIO_6154,candidate,E:\Jitter\kagglegolf\submissions\candidates\GOLF_20260607_001_public_6154_repro\onnx\task137.onnx,GOLF_20260607_001_public_6154_repro
task138,SRC_KAGGLE_NOTEBOOK_OCTAVIO_6154,candidate,E:\Jitter\kagglegolf\submissions\candidates\GOLF_20260607_001_public_6154_repro\onnx\task138.onnx,GOLF_20260607_001_public_6154_repro
task139,SRC_KAGGLE_NOTEBOOK_OCTAVIO_6154,candidate,E:\Jitter\kagglegolf\submissions\candidates\GOLF_20260607_001_public_6154_repro\onnx\task139.onnx,GOLF_20260607_001_public_6154_repro
task140,SRC_KAGGLE_NOTEBOOK_OCTAVIO_6154,candidate,E:\Jitter\kagglegolf\submissions\candidates\GOLF_20260607_001_public_6154_repro\onnx\task140.onnx,GOLF_20260607_001_public_6154_repro
task141,SRC_KAGGLE_NOTEBOOK_OCTAVIO_6154,candidate,E:\Jitter\kagglegolf\submissions\candidates\GOLF_20260607_001_public_6154_repro\onnx\task141.onnx,GOLF_20260607_001_public_6154_repro
task142,SRC_KAGGLE_NOTEBOOK_OCTAVIO_6154,candidate,E:\Jitter\kagglegolf\submissions\candidates\GOLF_20260607_001_public_6154_repro\onnx\task142.onnx,GOLF_20260607_001_public_6154_repro
task143,SRC_KAGGLE_NOTEBOOK_OCTAVIO_6154,candidate,E:\Jitter\kagglegolf\submissions\candidates\GOLF_20260607_001_public_6154_repro\onnx\task143.onnx,GOLF_20260607_001_public_6154_repro
task144,SRC_KAGGLE_NOTEBOOK_OCTAVIO_6154,candidate,E:\Jitter\kagglegolf\submissions\candidates\GOLF_20260607_001_public_6154_repro\onnx\task144.onnx,GOLF_20260607_001_public_6154_repro
task145,SRC_KAGGLE_NOTEBOOK_OCTAVIO_6154,candidate,E:\Jitter\kagglegolf\submissions\candidates\GOLF_20260607_001_public_6154_repro\onnx\task145.onnx,GOLF_20260607_001_public_6154_repro
task146,SRC_KAGGLE_NOTEBOOK_OCTAVIO_6154,candidate,E:\Jitter\kagglegolf\submissions\candidates\GOLF_20260607_001_public_6154_repro\onnx\task146.onnx,GOLF_20260607_001_public_6154_repro
task147,SRC_KAGGLE_NOTEBOOK_OCTAVIO_6154,candidate,E:\Jitter\kagglegolf\submissions\candidates\GOLF_20260607_001_public_6154_repro\onnx\task147.onnx,GOLF_20260607_001_public_6154_repro
task148,SRC_KAGGLE_NOTEBOOK_OCTAVIO_6154,candidate,E:\Jitter\kagglegolf\submissions\candidates\GOLF_20260607_001_public_6154_repro\onnx\task148.onnx,GOLF_20260607_001_public_6154_repro
task149,SRC_KAGGLE_NOTEBOOK_OCTAVIO_6154,candidate,E:\Jitter\kagglegolf\submissions\candidates\GOLF_20260607_001_public_6154_repro\onnx\task149.onnx,GOLF_20260607_001_public_6154_repro
task150,SRC_KAGGLE_NOTEBOOK_OCTAVIO_6154,candidate,E:\Jitter\kagglegolf\submissions\candidates\GOLF_20260607_001_public_6154_repro\onnx\task150.onnx,GOLF_20260607_001_public_6154_repro
task151,SRC_KAGGLE_NOTEBOOK_OCTAVIO_6154,candidate,E:\Jitter\kagglegolf\submissions\candidates\GOLF_20260607_001_public_6154_repro\onnx\task151.onnx,GOLF_20260607_001_public_6154_repro
task152,SRC_KAGGLE_NOTEBOOK_OCTAVIO_6154,candidate,E:\Jitter\kagglegolf\submissions\candidates\GOLF_20260607_001_public_6154_repro\onnx\task152.onnx,GOLF_20260607_001_public_6154_repro
task153,SRC_KAGGLE_NOTEBOOK_OCTAVIO_6154,candidate,E:\Jitter\kagglegolf\submissions\candidates\GOLF_20260607_001_public_6154_repro\onnx\task153.onnx,GOLF_20260607_001_public_6154_repro
task154,SRC_KAGGLE_NOTEBOOK_OCTAVIO_6154,candidate,E:\Jitter\kagglegolf\submissions\candidates\GOLF_20260607_001_public_6154_repro\onnx\task154.onnx,GOLF_20260607_001_public_6154_repro
task155,SRC_KAGGLE_NOTEBOOK_OCTAVIO_6154,candidate,E:\Jitter\kagglegolf\submissions\candidates\GOLF_20260607_001_public_6154_repro\onnx\task155.onnx,GOLF_20260607_001_public_6154_repro
task156,SRC_KAGGLE_NOTEBOOK_OCTAVIO_6154,candidate,E:\Jitter\kagglegolf\submissions\candidates\GOLF_20260607_001_public_6154_repro\onnx\task156.onnx,GOLF_20260607_001_public_6154_repro
task157,SRC_KAGGLE_NOTEBOOK_OCTAVIO_6154,candidate,E:\Jitter\kagglegolf\submissions\candidates\GOLF_20260607_001_public_6154_repro\onnx\task157.onnx,GOLF_20260607_001_public_6154_repro
task158,SRC_KAGGLE_NOTEBOOK_OCTAVIO_6154,candidate,E:\Jitter\kagglegolf\submissions\candidates\GOLF_20260607_001_public_6154_repro\onnx\task158.onnx,GOLF_20260607_001_public_6154_repro
task159,SRC_KAGGLE_NOTEBOOK_OCTAVIO_6154,candidate,E:\Jitter\kagglegolf\submissions\candidates\GOLF_20260607_001_public_6154_repro\onnx\task159.onnx,GOLF_20260607_001_public_6154_repro
task160,SRC_KAGGLE_NOTEBOOK_OCTAVIO_6154,candidate,E:\Jitter\kagglegolf\submissions\candidates\GOLF_20260607_001_public_6154_repro\onnx\task160.onnx,GOLF_20260607_001_public_6154_repro
task161,SRC_KAGGLE_NOTEBOOK_OCTAVIO_6154,candidate,E:\Jitter\kagglegolf\submissions\candidates\GOLF_20260607_001_public_6154_repro\onnx\task161.onnx,GOLF_20260607_001_public_6154_repro
task162,SRC_KAGGLE_NOTEBOOK_OCTAVIO_6154,candidate,E:\Jitter\kagglegolf\submissions\candidates\GOLF_20260607_001_public_6154_repro\onnx\task162.onnx,GOLF_20260607_001_public_6154_repro
task163,SRC_KAGGLE_NOTEBOOK_OCTAVIO_6154,candidate,E:\Jitter\kagglegolf\submissions\candidates\GOLF_20260607_001_public_6154_repro\onnx\task163.onnx,GOLF_20260607_001_public_6154_repro
task164,SRC_KAGGLE_NOTEBOOK_OCTAVIO_6154,candidate,E:\Jitter\kagglegolf\submissions\candidates\GOLF_20260607_001_public_6154_repro\onnx\task164.onnx,GOLF_20260607_001_public_6154_repro
task165,SRC_KAGGLE_NOTEBOOK_OCTAVIO_6154,candidate,E:\Jitter\kagglegolf\submissions\candidates\GOLF_20260607_001_public_6154_repro\onnx\task165.onnx,GOLF_20260607_001_public_6154_repro
task166,SRC_KAGGLE_NOTEBOOK_OCTAVIO_6154,candidate,E:\Jitter\kagglegolf\submissions\candidates\GOLF_20260607_001_public_6154_repro\onnx\task166.onnx,GOLF_20260607_001_public_6154_repro
task167,SRC_KAGGLE_NOTEBOOK_OCTAVIO_6154,candidate,E:\Jitter\kagglegolf\submissions\candidates\GOLF_20260607_001_public_6154_repro\onnx\task167.onnx,GOLF_20260607_001_public_6154_repro
task168,SRC_KAGGLE_NOTEBOOK_OCTAVIO_6154,candidate,E:\Jitter\kagglegolf\submissions\candidates\GOLF_20260607_001_public_6154_repro\onnx\task168.onnx,GOLF_20260607_001_public_6154_repro
task169,SRC_KAGGLE_NOTEBOOK_OCTAVIO_6154,candidate,E:\Jitter\kagglegolf\submissions\candidates\GOLF_20260607_001_public_6154_repro\onnx\task169.onnx,GOLF_20260607_001_public_6154_repro
task170,SRC_KAGGLE_NOTEBOOK_OCTAVIO_6154,candidate,E:\Jitter\kagglegolf\submissions\candidates\GOLF_20260607_001_public_6154_repro\onnx\task170.onnx,GOLF_20260607_001_public_6154_repro
task171,SRC_KAGGLE_NOTEBOOK_OCTAVIO_6154,candidate,E:\Jitter\kagglegolf\submissions\candidates\GOLF_20260607_001_public_6154_repro\onnx\task171.onnx,GOLF_20260607_001_public_6154_repro
task172,SRC_KAGGLE_NOTEBOOK_OCTAVIO_6154,candidate,E:\Jitter\kagglegolf\submissions\candidates\GOLF_20260607_001_public_6154_repro\onnx\task172.onnx,GOLF_20260607_001_public_6154_repro
task173,SRC_KAGGLE_NOTEBOOK_OCTAVIO_6154,candidate,E:\Jitter\kagglegolf\submissions\candidates\GOLF_20260607_001_public_6154_repro\onnx\task173.onnx,GOLF_20260607_001_public_6154_repro
task174,SRC_KAGGLE_NOTEBOOK_OCTAVIO_6154,candidate,E:\Jitter\kagglegolf\submissions\candidates\GOLF_20260607_001_public_6154_repro\onnx\task174.onnx,GOLF_20260607_001_public_6154_repro
task175,SRC_KAGGLE_NOTEBOOK_OCTAVIO_6154,candidate,E:\Jitter\kagglegolf\submissions\candidates\GOLF_20260607_001_public_6154_repro\onnx\task175.onnx,GOLF_20260607_001_public_6154_repro
task176,SRC_KAGGLE_NOTEBOOK_OCTAVIO_6154,candidate,E:\Jitter\kagglegolf\submissions\candidates\GOLF_20260607_001_public_6154_repro\onnx\task176.onnx,GOLF_20260607_001_public_6154_repro
task177,SRC_KAGGLE_NOTEBOOK_OCTAVIO_6154,candidate,E:\Jitter\kagglegolf\submissions\candidates\GOLF_20260607_001_public_6154_repro\onnx\task177.onnx,GOLF_20260607_001_public_6154_repro
task178,SRC_KAGGLE_NOTEBOOK_OCTAVIO_6154,candidate,E:\Jitter\kagglegolf\submissions\candidates\GOLF_20260607_001_public_6154_repro\onnx\task178.onnx,GOLF_20260607_001_public_6154_repro
task179,SRC_KAGGLE_NOTEBOOK_OCTAVIO_6154,candidate,E:\Jitter\kagglegolf\submissions\candidates\GOLF_20260607_001_public_6154_repro\onnx\task179.onnx,GOLF_20260607_001_public_6154_repro
task180,SRC_KAGGLE_NOTEBOOK_OCTAVIO_6154,candidate,E:\Jitter\kagglegolf\submissions\candidates\GOLF_20260607_001_public_6154_repro\onnx\task180.onnx,GOLF_20260607_001_public_6154_repro
task181,SRC_KAGGLE_NOTEBOOK_OCTAVIO_6154,candidate,E:\Jitter\kagglegolf\submissions\candidates\GOLF_20260607_001_public_6154_repro\onnx\task181.onnx,GOLF_20260607_001_public_6154_repro
task182,SRC_KAGGLE_NOTEBOOK_OCTAVIO_6154,candidate,E:\Jitter\kagglegolf\submissions\candidates\GOLF_20260607_001_public_6154_repro\onnx\task182.onnx,GOLF_20260607_001_public_6154_repro
task183,SRC_KAGGLE_NOTEBOOK_OCTAVIO_6154,candidate,E:\Jitter\kagglegolf\submissions\candidates\GOLF_20260607_001_public_6154_repro\onnx\task183.onnx,GOLF_20260607_001_public_6154_repro
task184,SRC_KAGGLE_NOTEBOOK_OCTAVIO_6154,candidate,E:\Jitter\kagglegolf\submissions\candidates\GOLF_20260607_001_public_6154_repro\onnx\task184.onnx,GOLF_20260607_001_public_6154_repro
task185,SRC_KAGGLE_NOTEBOOK_OCTAVIO_6154,candidate,E:\Jitter\kagglegolf\submissions\candidates\GOLF_20260607_001_public_6154_repro\onnx\task185.onnx,GOLF_20260607_001_public_6154_repro
task186,SRC_KAGGLE_NOTEBOOK_OCTAVIO_6154,candidate,E:\Jitter\kagglegolf\submissions\candidates\GOLF_20260607_001_public_6154_repro\onnx\task186.onnx,GOLF_20260607_001_public_6154_repro
task187,SRC_KAGGLE_NOTEBOOK_OCTAVIO_6154,candidate,E:\Jitter\kagglegolf\submissions\candidates\GOLF_20260607_001_public_6154_repro\onnx\task187.onnx,GOLF_20260607_001_public_6154_repro
task188,SRC_KAGGLE_NOTEBOOK_OCTAVIO_6154,candidate,E:\Jitter\kagglegolf\submissions\candidates\GOLF_20260607_001_public_6154_repro\onnx\task188.onnx,GOLF_20260607_001_public_6154_repro
task189,SRC_KAGGLE_NOTEBOOK_OCTAVIO_6154,candidate,E:\Jitter\kagglegolf\submissions\candidates\GOLF_20260607_001_public_6154_repro\onnx\task189.onnx,GOLF_20260607_001_public_6154_repro
task190,SRC_KAGGLE_NOTEBOOK_OCTAVIO_6154,candidate,E:\Jitter\kagglegolf\submissions\candidates\GOLF_20260607_001_public_6154_repro\onnx\task190.onnx,GOLF_20260607_001_public_6154_repro
task191,SRC_KAGGLE_NOTEBOOK_OCTAVIO_6154,candidate,E:\Jitter\kagglegolf\submissions\candidates\GOLF_20260607_001_public_6154_repro\onnx\task191.onnx,GOLF_20260607_001_public_6154_repro
task192,SRC_KAGGLE_NOTEBOOK_OCTAVIO_6154,candidate,E:\Jitter\kagglegolf\submissions\candidates\GOLF_20260607_001_public_6154_repro\onnx\task192.onnx,GOLF_20260607_001_public_6154_repro
task193,SRC_KAGGLE_NOTEBOOK_OCTAVIO_6154,candidate,E:\Jitter\kagglegolf\submissions\candidates\GOLF_20260607_001_public_6154_repro\onnx\task193.onnx,GOLF_20260607_001_public_6154_repro
task194,SRC_KAGGLE_NOTEBOOK_OCTAVIO_6154,candidate,E:\Jitter\kagglegolf\submissions\candidates\GOLF_20260607_001_public_6154_repro\onnx\task194.onnx,GOLF_20260607_001_public_6154_repro
task195,SRC_KAGGLE_NOTEBOOK_OCTAVIO_6154,candidate,E:\Jitter\kagglegolf\submissions\candidates\GOLF_20260607_001_public_6154_repro\onnx\task195.onnx,GOLF_20260607_001_public_6154_repro
task196,SRC_KAGGLE_NOTEBOOK_OCTAVIO_6154,candidate,E:\Jitter\kagglegolf\submissions\candidates\GOLF_20260607_001_public_6154_repro\onnx\task196.onnx,GOLF_20260607_001_public_6154_repro
task197,SRC_KAGGLE_NOTEBOOK_OCTAVIO_6154,candidate,E:\Jitter\kagglegolf\submissions\candidates\GOLF_20260607_001_public_6154_repro\onnx\task197.onnx,GOLF_20260607_001_public_6154_repro
task198,SRC_KAGGLE_NOTEBOOK_OCTAVIO_6154,candidate,E:\Jitter\kagglegolf\submissions\candidates\GOLF_20260607_001_public_6154_repro\onnx\task198.onnx,GOLF_20260607_001_public_6154_repro
task199,SRC_KAGGLE_NOTEBOOK_OCTAVIO_6154,candidate,E:\Jitter\kagglegolf\submissions\candidates\GOLF_20260607_001_public_6154_repro\onnx\task199.onnx,GOLF_20260607_001_public_6154_repro
task200,SRC_KAGGLE_NOTEBOOK_OCTAVIO_6154,candidate,E:\Jitter\kagglegolf\submissions\candidates\GOLF_20260607_001_public_6154_repro\onnx\task200.onnx,GOLF_20260607_001_public_6154_repro
task201,SRC_KAGGLE_NOTEBOOK_OCTAVIO_6154,candidate,E:\Jitter\kagglegolf\submissions\candidates\GOLF_20260607_001_public_6154_repro\onnx\task201.onnx,GOLF_20260607_001_public_6154_repro
task202,SRC_KAGGLE_NOTEBOOK_OCTAVIO_6154,candidate,E:\Jitter\kagglegolf\submissions\candidates\GOLF_20260607_001_public_6154_repro\onnx\task202.onnx,GOLF_20260607_001_public_6154_repro
task203,SRC_KAGGLE_NOTEBOOK_OCTAVIO_6154,candidate,E:\Jitter\kagglegolf\submissions\candidates\GOLF_20260607_001_public_6154_repro\onnx\task203.onnx,GOLF_20260607_001_public_6154_repro
task204,SRC_KAGGLE_NOTEBOOK_OCTAVIO_6154,candidate,E:\Jitter\kagglegolf\submissions\candidates\GOLF_20260607_001_public_6154_repro\onnx\task204.onnx,GOLF_20260607_001_public_6154_repro
task205,SRC_KAGGLE_NOTEBOOK_OCTAVIO_6154,candidate,E:\Jitter\kagglegolf\submissions\candidates\GOLF_20260607_001_public_6154_repro\onnx\task205.onnx,GOLF_20260607_001_public_6154_repro
task206,SRC_KAGGLE_NOTEBOOK_OCTAVIO_6154,candidate,E:\Jitter\kagglegolf\submissions\candidates\GOLF_20260607_001_public_6154_repro\onnx\task206.onnx,GOLF_20260607_001_public_6154_repro
task207,SRC_KAGGLE_NOTEBOOK_OCTAVIO_6154,candidate,E:\Jitter\kagglegolf\submissions\candidates\GOLF_20260607_001_public_6154_repro\onnx\task207.onnx,GOLF_20260607_001_public_6154_repro
task208,SRC_KAGGLE_NOTEBOOK_OCTAVIO_6154,candidate,E:\Jitter\kagglegolf\submissions\candidates\GOLF_20260607_001_public_6154_repro\onnx\task208.onnx,GOLF_20260607_001_public_6154_repro
task209,SRC_KAGGLE_NOTEBOOK_OCTAVIO_6154,candidate,E:\Jitter\kagglegolf\submissions\candidates\GOLF_20260607_001_public_6154_repro\onnx\task209.onnx,GOLF_20260607_001_public_6154_repro
task210,SRC_KAGGLE_NOTEBOOK_OCTAVIO_6154,candidate,E:\Jitter\kagglegolf\submissions\candidates\GOLF_20260607_001_public_6154_repro\onnx\task210.onnx,GOLF_20260607_001_public_6154_repro
task211,SRC_KAGGLE_NOTEBOOK_OCTAVIO_6154,candidate,E:\Jitter\kagglegolf\submissions\candidates\GOLF_20260607_001_public_6154_repro\onnx\task211.onnx,GOLF_20260607_001_public_6154_repro
task212,SRC_KAGGLE_NOTEBOOK_OCTAVIO_6154,candidate,E:\Jitter\kagglegolf\submissions\candidates\GOLF_20260607_001_public_6154_repro\onnx\task212.onnx,GOLF_20260607_001_public_6154_repro
task213,SRC_KAGGLE_NOTEBOOK_OCTAVIO_6154,candidate,E:\Jitter\kagglegolf\submissions\candidates\GOLF_20260607_001_public_6154_repro\onnx\task213.onnx,GOLF_20260607_001_public_6154_repro
task214,SRC_KAGGLE_NOTEBOOK_OCTAVIO_6154,candidate,E:\Jitter\kagglegolf\submissions\candidates\GOLF_20260607_001_public_6154_repro\onnx\task214.onnx,GOLF_20260607_001_public_6154_repro
task215,SRC_KAGGLE_NOTEBOOK_OCTAVIO_6154,candidate,E:\Jitter\kagglegolf\submissions\candidates\GOLF_20260607_001_public_6154_repro\onnx\task215.onnx,GOLF_20260607_001_public_6154_repro
task216,SRC_KAGGLE_NOTEBOOK_OCTAVIO_6154,candidate,E:\Jitter\kagglegolf\submissions\candidates\GOLF_20260607_001_public_6154_repro\onnx\task216.onnx,GOLF_20260607_001_public_6154_repro
task217,SRC_KAGGLE_NOTEBOOK_OCTAVIO_6154,candidate,E:\Jitter\kagglegolf\submissions\candidates\GOLF_20260607_001_public_6154_repro\onnx\task217.onnx,GOLF_20260607_001_public_6154_repro
task218,SRC_KAGGLE_NOTEBOOK_OCTAVIO_6154,candidate,E:\Jitter\kagglegolf\submissions\candidates\GOLF_20260607_001_public_6154_repro\onnx\task218.onnx,GOLF_20260607_001_public_6154_repro
task219,SRC_KAGGLE_NOTEBOOK_OCTAVIO_6154,candidate,E:\Jitter\kagglegolf\submissions\candidates\GOLF_20260607_001_public_6154_repro\onnx\task219.onnx,GOLF_20260607_001_public_6154_repro
task220,SRC_KAGGLE_NOTEBOOK_OCTAVIO_6154,candidate,E:\Jitter\kagglegolf\submissions\candidates\GOLF_20260607_001_public_6154_repro\onnx\task220.onnx,GOLF_20260607_001_public_6154_repro
task221,SRC_KAGGLE_NOTEBOOK_OCTAVIO_6154,candidate,E:\Jitter\kagglegolf\submissions\candidates\GOLF_20260607_001_public_6154_repro\onnx\task221.onnx,GOLF_20260607_001_public_6154_repro
task222,SRC_KAGGLE_NOTEBOOK_OCTAVIO_6154,candidate,E:\Jitter\kagglegolf\submissions\candidates\GOLF_20260607_001_public_6154_repro\onnx\task222.onnx,GOLF_20260607_001_public_6154_repro
task223,SRC_KAGGLE_NOTEBOOK_OCTAVIO_6154,candidate,E:\Jitter\kagglegolf\submissions\candidates\GOLF_20260607_001_public_6154_repro\onnx\task223.onnx,GOLF_20260607_001_public_6154_repro
task224,SRC_KAGGLE_NOTEBOOK_OCTAVIO_6154,candidate,E:\Jitter\kagglegolf\submissions\candidates\GOLF_20260607_001_public_6154_repro\onnx\task224.onnx,GOLF_20260607_001_public_6154_repro
task225,SRC_KAGGLE_NOTEBOOK_OCTAVIO_6154,candidate,E:\Jitter\kagglegolf\submissions\candidates\GOLF_20260607_001_public_6154_repro\onnx\task225.onnx,GOLF_20260607_001_public_6154_repro
task226,SRC_KAGGLE_NOTEBOOK_OCTAVIO_6154,candidate,E:\Jitter\kagglegolf\submissions\candidates\GOLF_20260607_001_public_6154_repro\onnx\task226.onnx,GOLF_20260607_001_public_6154_repro
task227,SRC_KAGGLE_NOTEBOOK_OCTAVIO_6154,candidate,E:\Jitter\kagglegolf\submissions\candidates\GOLF_20260607_001_public_6154_repro\onnx\task227.onnx,GOLF_20260607_001_public_6154_repro
task228,SRC_KAGGLE_NOTEBOOK_OCTAVIO_6154,candidate,E:\Jitter\kagglegolf\submissions\candidates\GOLF_20260607_001_public_6154_repro\onnx\task228.onnx,GOLF_20260607_001_public_6154_repro
task229,SRC_KAGGLE_NOTEBOOK_OCTAVIO_6154,candidate,E:\Jitter\kagglegolf\submissions\candidates\GOLF_20260607_001_public_6154_repro\onnx\task229.onnx,GOLF_20260607_001_public_6154_repro
task230,SRC_KAGGLE_NOTEBOOK_OCTAVIO_6154,candidate,E:\Jitter\kagglegolf\submissions\candidates\GOLF_20260607_001_public_6154_repro\onnx\task230.onnx,GOLF_20260607_001_public_6154_repro
task231,SRC_KAGGLE_NOTEBOOK_OCTAVIO_6154,candidate,E:\Jitter\kagglegolf\submissions\candidates\GOLF_20260607_001_public_6154_repro\onnx\task231.onnx,GOLF_20260607_001_public_6154_repro
task232,SRC_KAGGLE_NOTEBOOK_OCTAVIO_6154,candidate,E:\Jitter\kagglegolf\submissions\candidates\GOLF_20260607_001_public_6154_repro\onnx\task232.onnx,GOLF_20260607_001_public_6154_repro
task233,SRC_KAGGLE_NOTEBOOK_OCTAVIO_6154,candidate,E:\Jitter\kagglegolf\submissions\candidates\GOLF_20260607_001_public_6154_repro\onnx\task233.onnx,GOLF_20260607_001_public_6154_repro
task234,SRC_KAGGLE_NOTEBOOK_OCTAVIO_6154,candidate,E:\Jitter\kagglegolf\submissions\candidates\GOLF_20260607_001_public_6154_repro\onnx\task234.onnx,GOLF_20260607_001_public_6154_repro
task235,SRC_KAGGLE_NOTEBOOK_OCTAVIO_6154,candidate,E:\Jitter\kagglegolf\submissions\candidates\GOLF_20260607_001_public_6154_repro\onnx\task235.onnx,GOLF_20260607_001_public_6154_repro
task236,SRC_KAGGLE_NOTEBOOK_OCTAVIO_6154,candidate,E:\Jitter\kagglegolf\submissions\candidates\GOLF_20260607_001_public_6154_repro\onnx\task236.onnx,GOLF_20260607_001_public_6154_repro
task237,SRC_KAGGLE_NOTEBOOK_OCTAVIO_6154,candidate,E:\Jitter\kagglegolf\submissions\candidates\GOLF_20260607_001_public_6154_repro\onnx\task237.onnx,GOLF_20260607_001_public_6154_repro
task238,SRC_KAGGLE_NOTEBOOK_OCTAVIO_6154,candidate,E:\Jitter\kagglegolf\submissions\candidates\GOLF_20260607_001_public_6154_repro\onnx\task238.onnx,GOLF_20260607_001_public_6154_repro
task239,SRC_KAGGLE_NOTEBOOK_OCTAVIO_6154,candidate,E:\Jitter\kagglegolf\submissions\candidates\GOLF_20260607_001_public_6154_repro\onnx\task239.onnx,GOLF_20260607_001_public_6154_repro
task240,SRC_KAGGLE_NOTEBOOK_OCTAVIO_6154,candidate,E:\Jitter\kagglegolf\submissions\candidates\GOLF_20260607_001_public_6154_repro\onnx\task240.onnx,GOLF_20260607_001_public_6154_repro
task241,SRC_KAGGLE_NOTEBOOK_OCTAVIO_6154,candidate,E:\Jitter\kagglegolf\submissions\candidates\GOLF_20260607_001_public_6154_repro\onnx\task241.onnx,GOLF_20260607_001_public_6154_repro
task242,SRC_KAGGLE_NOTEBOOK_OCTAVIO_6154,candidate,E:\Jitter\kagglegolf\submissions\candidates\GOLF_20260607_001_public_6154_repro\onnx\task242.onnx,GOLF_20260607_001_public_6154_repro
task243,SRC_KAGGLE_NOTEBOOK_OCTAVIO_6154,candidate,E:\Jitter\kagglegolf\submissions\candidates\GOLF_20260607_001_public_6154_repro\onnx\task243.onnx,GOLF_20260607_001_public_6154_repro
task244,SRC_KAGGLE_NOTEBOOK_OCTAVIO_6154,candidate,E:\Jitter\kagglegolf\submissions\candidates\GOLF_20260607_001_public_6154_repro\onnx\task244.onnx,GOLF_20260607_001_public_6154_repro
task245,SRC_KAGGLE_NOTEBOOK_OCTAVIO_6154,candidate,E:\Jitter\kagglegolf\submissions\candidates\GOLF_20260607_001_public_6154_repro\onnx\task245.onnx,GOLF_20260607_001_public_6154_repro
task246,SRC_KAGGLE_NOTEBOOK_OCTAVIO_6154,candidate,E:\Jitter\kagglegolf\submissions\candidates\GOLF_20260607_001_public_6154_repro\onnx\task246.onnx,GOLF_20260607_001_public_6154_repro
task247,SRC_KAGGLE_NOTEBOOK_OCTAVIO_6154,candidate,E:\Jitter\kagglegolf\submissions\candidates\GOLF_20260607_001_public_6154_repro\onnx\task247.onnx,GOLF_20260607_001_public_6154_repro
task248,SRC_KAGGLE_NOTEBOOK_OCTAVIO_6154,candidate,E:\Jitter\kagglegolf\submissions\candidates\GOLF_20260607_001_public_6154_repro\onnx\task248.onnx,GOLF_20260607_001_public_6154_repro
task249,SRC_KAGGLE_NOTEBOOK_OCTAVIO_6154,candidate,E:\Jitter\kagglegolf\submissions\candidates\GOLF_20260607_001_public_6154_repro\onnx\task249.onnx,GOLF_20260607_001_public_6154_repro
task250,SRC_KAGGLE_NOTEBOOK_OCTAVIO_6154,candidate,E:\Jitter\kagglegolf\submissions\candidates\GOLF_20260607_001_public_6154_repro\onnx\task250.onnx,GOLF_20260607_001_public_6154_repro
task251,SRC_KAGGLE_NOTEBOOK_OCTAVIO_6154,candidate,E:\Jitter\kagglegolf\submissions\candidates\GOLF_20260607_001_public_6154_repro\onnx\task251.onnx,GOLF_20260607_001_public_6154_repro
task252,SRC_KAGGLE_NOTEBOOK_OCTAVIO_6154,candidate,E:\Jitter\kagglegolf\submissions\candidates\GOLF_20260607_001_public_6154_repro\onnx\task252.onnx,GOLF_20260607_001_public_6154_repro
task253,SRC_KAGGLE_NOTEBOOK_OCTAVIO_6154,candidate,E:\Jitter\kagglegolf\submissions\candidates\GOLF_20260607_001_public_6154_repro\onnx\task253.onnx,GOLF_20260607_001_public_6154_repro
task254,SRC_KAGGLE_NOTEBOOK_OCTAVIO_6154,candidate,E:\Jitter\kagglegolf\submissions\candidates\GOLF_20260607_001_public_6154_repro\onnx\task254.onnx,GOLF_20260607_001_public_6154_repro
task255,SRC_KAGGLE_NOTEBOOK_OCTAVIO_6154,candidate,E:\Jitter\kagglegolf\submissions\candidates\GOLF_20260607_001_public_6154_repro\onnx\task255.onnx,GOLF_20260607_001_public_6154_repro
task256,SRC_KAGGLE_NOTEBOOK_OCTAVIO_6154,candidate,E:\Jitter\kagglegolf\submissions\candidates\GOLF_20260607_001_public_6154_repro\onnx\task256.onnx,GOLF_20260607_001_public_6154_repro
task257,SRC_KAGGLE_NOTEBOOK_OCTAVIO_6154,candidate,E:\Jitter\kagglegolf\submissions\candidates\GOLF_20260607_001_public_6154_repro\onnx\task257.onnx,GOLF_20260607_001_public_6154_repro
task258,SRC_KAGGLE_NOTEBOOK_OCTAVIO_6154,candidate,E:\Jitter\kagglegolf\submissions\candidates\GOLF_20260607_001_public_6154_repro\onnx\task258.onnx,GOLF_20260607_001_public_6154_repro
task259,SRC_KAGGLE_NOTEBOOK_OCTAVIO_6154,candidate,E:\Jitter\kagglegolf\submissions\candidates\GOLF_20260607_001_public_6154_repro\onnx\task259.onnx,GOLF_20260607_001_public_6154_repro
task260,SRC_KAGGLE_NOTEBOOK_OCTAVIO_6154,candidate,E:\Jitter\kagglegolf\submissions\candidates\GOLF_20260607_001_public_6154_repro\onnx\task260.onnx,GOLF_20260607_001_public_6154_repro
task261,SRC_KAGGLE_NOTEBOOK_OCTAVIO_6154,candidate,E:\Jitter\kagglegolf\submissions\candidates\GOLF_20260607_001_public_6154_repro\onnx\task261.onnx,GOLF_20260607_001_public_6154_repro
task262,SRC_KAGGLE_NOTEBOOK_OCTAVIO_6154,candidate,E:\Jitter\kagglegolf\submissions\candidates\GOLF_20260607_001_public_6154_repro\onnx\task262.onnx,GOLF_20260607_001_public_6154_repro
task263,SRC_KAGGLE_NOTEBOOK_OCTAVIO_6154,candidate,E:\Jitter\kagglegolf\submissions\candidates\GOLF_20260607_001_public_6154_repro\onnx\task263.onnx,GOLF_20260607_001_public_6154_repro
task264,SRC_KAGGLE_NOTEBOOK_OCTAVIO_6154,candidate,E:\Jitter\kagglegolf\submissions\candidates\GOLF_20260607_001_public_6154_repro\onnx\task264.onnx,GOLF_20260607_001_public_6154_repro
task265,SRC_KAGGLE_NOTEBOOK_OCTAVIO_6154,candidate,E:\Jitter\kagglegolf\submissions\candidates\GOLF_20260607_001_public_6154_repro\onnx\task265.onnx,GOLF_20260607_001_public_6154_repro
task266,SRC_KAGGLE_NOTEBOOK_OCTAVIO_6154,candidate,E:\Jitter\kagglegolf\submissions\candidates\GOLF_20260607_001_public_6154_repro\onnx\task266.onnx,GOLF_20260607_001_public_6154_repro
task267,SRC_KAGGLE_NOTEBOOK_OCTAVIO_6154,candidate,E:\Jitter\kagglegolf\submissions\candidates\GOLF_20260607_001_public_6154_repro\onnx\task267.onnx,GOLF_20260607_001_public_6154_repro
task268,SRC_KAGGLE_NOTEBOOK_OCTAVIO_6154,candidate,E:\Jitter\kagglegolf\submissions\candidates\GOLF_20260607_001_public_6154_repro\onnx\task268.onnx,GOLF_20260607_001_public_6154_repro
task269,SRC_KAGGLE_NOTEBOOK_OCTAVIO_6154,candidate,E:\Jitter\kagglegolf\submissions\candidates\GOLF_20260607_001_public_6154_repro\onnx\task269.onnx,GOLF_20260607_001_public_6154_repro
task270,SRC_KAGGLE_NOTEBOOK_OCTAVIO_6154,candidate,E:\Jitter\kagglegolf\submissions\candidates\GOLF_20260607_001_public_6154_repro\onnx\task270.onnx,GOLF_20260607_001_public_6154_repro
task271,SRC_KAGGLE_NOTEBOOK_OCTAVIO_6154,candidate,E:\Jitter\kagglegolf\submissions\candidates\GOLF_20260607_001_public_6154_repro\onnx\task271.onnx,GOLF_20260607_001_public_6154_repro
task272,SRC_KAGGLE_NOTEBOOK_OCTAVIO_6154,candidate,E:\Jitter\kagglegolf\submissions\candidates\GOLF_20260607_001_public_6154_repro\onnx\task272.onnx,GOLF_20260607_001_public_6154_repro
task273,SRC_KAGGLE_NOTEBOOK_OCTAVIO_6154,candidate,E:\Jitter\kagglegolf\submissions\candidates\GOLF_20260607_001_public_6154_repro\onnx\task273.onnx,GOLF_20260607_001_public_6154_repro
task274,SRC_KAGGLE_NOTEBOOK_OCTAVIO_6154,candidate,E:\Jitter\kagglegolf\submissions\candidates\GOLF_20260607_001_public_6154_repro\onnx\task274.onnx,GOLF_20260607_001_public_6154_repro
task275,SRC_KAGGLE_NOTEBOOK_OCTAVIO_6154,candidate,E:\Jitter\kagglegolf\submissions\candidates\GOLF_20260607_001_public_6154_repro\onnx\task275.onnx,GOLF_20260607_001_public_6154_repro
task276,SRC_KAGGLE_NOTEBOOK_OCTAVIO_6154,candidate,E:\Jitter\kagglegolf\submissions\candidates\GOLF_20260607_001_public_6154_repro\onnx\task276.onnx,GOLF_20260607_001_public_6154_repro
task277,SRC_KAGGLE_NOTEBOOK_OCTAVIO_6154,candidate,E:\Jitter\kagglegolf\submissions\candidates\GOLF_20260607_001_public_6154_repro\onnx\task277.onnx,GOLF_20260607_001_public_6154_repro
task278,SRC_KAGGLE_NOTEBOOK_OCTAVIO_6154,candidate,E:\Jitter\kagglegolf\submissions\candidates\GOLF_20260607_001_public_6154_repro\onnx\task278.onnx,GOLF_20260607_001_public_6154_repro
task279,SRC_KAGGLE_NOTEBOOK_OCTAVIO_6154,candidate,E:\Jitter\kagglegolf\submissions\candidates\GOLF_20260607_001_public_6154_repro\onnx\task279.onnx,GOLF_20260607_001_public_6154_repro
task280,SRC_KAGGLE_NOTEBOOK_OCTAVIO_6154,candidate,E:\Jitter\kagglegolf\submissions\candidates\GOLF_20260607_001_public_6154_repro\onnx\task280.onnx,GOLF_20260607_001_public_6154_repro
task281,SRC_KAGGLE_NOTEBOOK_OCTAVIO_6154,candidate,E:\Jitter\kagglegolf\submissions\candidates\GOLF_20260607_001_public_6154_repro\onnx\task281.onnx,GOLF_20260607_001_public_6154_repro
task282,SRC_KAGGLE_NOTEBOOK_OCTAVIO_6154,candidate,E:\Jitter\kagglegolf\submissions\candidates\GOLF_20260607_001_public_6154_repro\onnx\task282.onnx,GOLF_20260607_001_public_6154_repro
task283,SRC_KAGGLE_NOTEBOOK_OCTAVIO_6154,candidate,E:\Jitter\kagglegolf\submissions\candidates\GOLF_20260607_001_public_6154_repro\onnx\task283.onnx,GOLF_20260607_001_public_6154_repro
task284,SRC_KAGGLE_NOTEBOOK_OCTAVIO_6154,candidate,E:\Jitter\kagglegolf\submissions\candidates\GOLF_20260607_001_public_6154_repro\onnx\task284.onnx,GOLF_20260607_001_public_6154_repro
task285,SRC_KAGGLE_NOTEBOOK_OCTAVIO_6154,candidate,E:\Jitter\kagglegolf\submissions\candidates\GOLF_20260607_001_public_6154_repro\onnx\task285.onnx,GOLF_20260607_001_public_6154_repro
task286,SRC_KAGGLE_NOTEBOOK_OCTAVIO_6154,candidate,E:\Jitter\kagglegolf\submissions\candidates\GOLF_20260607_001_public_6154_repro\onnx\task286.onnx,GOLF_20260607_001_public_6154_repro
task287,SRC_KAGGLE_NOTEBOOK_OCTAVIO_6154,candidate,E:\Jitter\kagglegolf\submissions\candidates\GOLF_20260607_001_public_6154_repro\onnx\task287.onnx,GOLF_20260607_001_public_6154_repro
task288,SRC_KAGGLE_NOTEBOOK_OCTAVIO_6154,candidate,E:\Jitter\kagglegolf\submissions\candidates\GOLF_20260607_001_public_6154_repro\onnx\task288.onnx,GOLF_20260607_001_public_6154_repro
task289,SRC_KAGGLE_NOTEBOOK_OCTAVIO_6154,candidate,E:\Jitter\kagglegolf\submissions\candidates\GOLF_20260607_001_public_6154_repro\onnx\task289.onnx,GOLF_20260607_001_public_6154_repro
task290,SRC_KAGGLE_NOTEBOOK_OCTAVIO_6154,candidate,E:\Jitter\kagglegolf\submissions\candidates\GOLF_20260607_001_public_6154_repro\onnx\task290.onnx,GOLF_20260607_001_public_6154_repro
task291,SRC_KAGGLE_NOTEBOOK_OCTAVIO_6154,candidate,E:\Jitter\kagglegolf\submissions\candidates\GOLF_20260607_001_public_6154_repro\onnx\task291.onnx,GOLF_20260607_001_public_6154_repro
task292,SRC_KAGGLE_NOTEBOOK_OCTAVIO_6154,candidate,E:\Jitter\kagglegolf\submissions\candidates\GOLF_20260607_001_public_6154_repro\onnx\task292.onnx,GOLF_20260607_001_public_6154_repro
task293,SRC_KAGGLE_NOTEBOOK_OCTAVIO_6154,candidate,E:\Jitter\kagglegolf\submissions\candidates\GOLF_20260607_001_public_6154_repro\onnx\task293.onnx,GOLF_20260607_001_public_6154_repro
task294,SRC_KAGGLE_NOTEBOOK_OCTAVIO_6154,candidate,E:\Jitter\kagglegolf\submissions\candidates\GOLF_20260607_001_public_6154_repro\onnx\task294.onnx,GOLF_20260607_001_public_6154_repro
task295,SRC_KAGGLE_NOTEBOOK_OCTAVIO_6154,candidate,E:\Jitter\kagglegolf\submissions\candidates\GOLF_20260607_001_public_6154_repro\onnx\task295.onnx,GOLF_20260607_001_public_6154_repro
task296,SRC_KAGGLE_NOTEBOOK_OCTAVIO_6154,candidate,E:\Jitter\kagglegolf\submissions\candidates\GOLF_20260607_001_public_6154_repro\onnx\task296.onnx,GOLF_20260607_001_public_6154_repro
task297,SRC_KAGGLE_NOTEBOOK_OCTAVIO_6154,candidate,E:\Jitter\kagglegolf\submissions\candidates\GOLF_20260607_001_public_6154_repro\onnx\task297.onnx,GOLF_20260607_001_public_6154_repro
task298,SRC_KAGGLE_NOTEBOOK_OCTAVIO_6154,candidate,E:\Jitter\kagglegolf\submissions\candidates\GOLF_20260607_001_public_6154_repro\onnx\task298.onnx,GOLF_20260607_001_public_6154_repro
task299,SRC_KAGGLE_NOTEBOOK_OCTAVIO_6154,candidate,E:\Jitter\kagglegolf\submissions\candidates\GOLF_20260607_001_public_6154_repro\onnx\task299.onnx,GOLF_20260607_001_public_6154_repro
task300,SRC_KAGGLE_NOTEBOOK_OCTAVIO_6154,candidate,E:\Jitter\kagglegolf\submissions\candidates\GOLF_20260607_001_public_6154_repro\onnx\task300.onnx,GOLF_20260607_001_public_6154_repro
task301,SRC_KAGGLE_NOTEBOOK_OCTAVIO_6154,candidate,E:\Jitter\kagglegolf\submissions\candidates\GOLF_20260607_001_public_6154_repro\onnx\task301.onnx,GOLF_20260607_001_public_6154_repro
task302,SRC_KAGGLE_NOTEBOOK_OCTAVIO_6154,candidate,E:\Jitter\kagglegolf\submissions\candidates\GOLF_20260607_001_public_6154_repro\onnx\task302.onnx,GOLF_20260607_001_public_6154_repro
task303,SRC_KAGGLE_NOTEBOOK_OCTAVIO_6154,candidate,E:\Jitter\kagglegolf\submissions\candidates\GOLF_20260607_001_public_6154_repro\onnx\task303.onnx,GOLF_20260607_001_public_6154_repro
task304,SRC_KAGGLE_NOTEBOOK_OCTAVIO_6154,candidate,E:\Jitter\kagglegolf\submissions\candidates\GOLF_20260607_001_public_6154_repro\onnx\task304.onnx,GOLF_20260607_001_public_6154_repro
task305,SRC_KAGGLE_NOTEBOOK_OCTAVIO_6154,candidate,E:\Jitter\kagglegolf\submissions\candidates\GOLF_20260607_001_public_6154_repro\onnx\task305.onnx,GOLF_20260607_001_public_6154_repro
task306,SRC_KAGGLE_NOTEBOOK_OCTAVIO_6154,candidate,E:\Jitter\kagglegolf\submissions\candidates\GOLF_20260607_001_public_6154_repro\onnx\task306.onnx,GOLF_20260607_001_public_6154_repro
task307,SRC_KAGGLE_NOTEBOOK_OCTAVIO_6154,candidate,E:\Jitter\kagglegolf\submissions\candidates\GOLF_20260607_001_public_6154_repro\onnx\task307.onnx,GOLF_20260607_001_public_6154_repro
task308,SRC_KAGGLE_NOTEBOOK_OCTAVIO_6154,candidate,E:\Jitter\kagglegolf\submissions\candidates\GOLF_20260607_001_public_6154_repro\onnx\task308.onnx,GOLF_20260607_001_public_6154_repro
task309,SRC_KAGGLE_NOTEBOOK_OCTAVIO_6154,candidate,E:\Jitter\kagglegolf\submissions\candidates\GOLF_20260607_001_public_6154_repro\onnx\task309.onnx,GOLF_20260607_001_public_6154_repro
task310,SRC_KAGGLE_NOTEBOOK_OCTAVIO_6154,candidate,E:\Jitter\kagglegolf\submissions\candidates\GOLF_20260607_001_public_6154_repro\onnx\task310.onnx,GOLF_20260607_001_public_6154_repro
task311,SRC_KAGGLE_NOTEBOOK_OCTAVIO_6154,candidate,E:\Jitter\kagglegolf\submissions\candidates\GOLF_20260607_001_public_6154_repro\onnx\task311.onnx,GOLF_20260607_001_public_6154_repro
task312,SRC_KAGGLE_NOTEBOOK_OCTAVIO_6154,candidate,E:\Jitter\kagglegolf\submissions\candidates\GOLF_20260607_001_public_6154_repro\onnx\task312.onnx,GOLF_20260607_001_public_6154_repro
task313,SRC_KAGGLE_NOTEBOOK_OCTAVIO_6154,candidate,E:\Jitter\kagglegolf\submissions\candidates\GOLF_20260607_001_public_6154_repro\onnx\task313.onnx,GOLF_20260607_001_public_6154_repro
task314,SRC_KAGGLE_NOTEBOOK_OCTAVIO_6154,candidate,E:\Jitter\kagglegolf\submissions\candidates\GOLF_20260607_001_public_6154_repro\onnx\task314.onnx,GOLF_20260607_001_public_6154_repro
task315,SRC_KAGGLE_NOTEBOOK_OCTAVIO_6154,candidate,E:\Jitter\kagglegolf\submissions\candidates\GOLF_20260607_001_public_6154_repro\onnx\task315.onnx,GOLF_20260607_001_public_6154_repro
task316,SRC_KAGGLE_NOTEBOOK_OCTAVIO_6154,candidate,E:\Jitter\kagglegolf\submissions\candidates\GOLF_20260607_001_public_6154_repro\onnx\task316.onnx,GOLF_20260607_001_public_6154_repro
task317,SRC_KAGGLE_NOTEBOOK_OCTAVIO_6154,candidate,E:\Jitter\kagglegolf\submissions\candidates\GOLF_20260607_001_public_6154_repro\onnx\task317.onnx,GOLF_20260607_001_public_6154_repro
task318,SRC_KAGGLE_NOTEBOOK_OCTAVIO_6154,candidate,E:\Jitter\kagglegolf\submissions\candidates\GOLF_20260607_001_public_6154_repro\onnx\task318.onnx,GOLF_20260607_001_public_6154_repro
task319,SRC_KAGGLE_NOTEBOOK_OCTAVIO_6154,candidate,E:\Jitter\kagglegolf\submissions\candidates\GOLF_20260607_001_public_6154_repro\onnx\task319.onnx,GOLF_20260607_001_public_6154_repro
task320,SRC_KAGGLE_NOTEBOOK_OCTAVIO_6154,candidate,E:\Jitter\kagglegolf\submissions\candidates\GOLF_20260607_001_public_6154_repro\onnx\task320.onnx,GOLF_20260607_001_public_6154_repro
task321,SRC_KAGGLE_NOTEBOOK_OCTAVIO_6154,candidate,E:\Jitter\kagglegolf\submissions\candidates\GOLF_20260607_001_public_6154_repro\onnx\task321.onnx,GOLF_20260607_001_public_6154_repro
task322,SRC_KAGGLE_NOTEBOOK_OCTAVIO_6154,candidate,E:\Jitter\kagglegolf\submissions\candidates\GOLF_20260607_001_public_6154_repro\onnx\task322.onnx,GOLF_20260607_001_public_6154_repro
task323,SRC_KAGGLE_NOTEBOOK_OCTAVIO_6154,candidate,E:\Jitter\kagglegolf\submissions\candidates\GOLF_20260607_001_public_6154_repro\onnx\task323.onnx,GOLF_20260607_001_public_6154_repro
task324,SRC_KAGGLE_NOTEBOOK_OCTAVIO_6154,candidate,E:\Jitter\kagglegolf\submissions\candidates\GOLF_20260607_001_public_6154_repro\onnx\task324.onnx,GOLF_20260607_001_public_6154_repro
task325,SRC_KAGGLE_NOTEBOOK_OCTAVIO_6154,candidate,E:\Jitter\kagglegolf\submissions\candidates\GOLF_20260607_001_public_6154_repro\onnx\task325.onnx,GOLF_20260607_001_public_6154_repro
task326,SRC_KAGGLE_NOTEBOOK_OCTAVIO_6154,candidate,E:\Jitter\kagglegolf\submissions\candidates\GOLF_20260607_001_public_6154_repro\onnx\task326.onnx,GOLF_20260607_001_public_6154_repro
task327,SRC_KAGGLE_NOTEBOOK_OCTAVIO_6154,candidate,E:\Jitter\kagglegolf\submissions\candidates\GOLF_20260607_001_public_6154_repro\onnx\task327.onnx,GOLF_20260607_001_public_6154_repro
task328,SRC_KAGGLE_NOTEBOOK_OCTAVIO_6154,candidate,E:\Jitter\kagglegolf\submissions\candidates\GOLF_20260607_001_public_6154_repro\onnx\task328.onnx,GOLF_20260607_001_public_6154_repro
task329,SRC_KAGGLE_NOTEBOOK_OCTAVIO_6154,candidate,E:\Jitter\kagglegolf\submissions\candidates\GOLF_20260607_001_public_6154_repro\onnx\task329.onnx,GOLF_20260607_001_public_6154_repro
task330,SRC_KAGGLE_NOTEBOOK_OCTAVIO_6154,candidate,E:\Jitter\kagglegolf\submissions\candidates\GOLF_20260607_001_public_6154_repro\onnx\task330.onnx,GOLF_20260607_001_public_6154_repro
task331,SRC_KAGGLE_NOTEBOOK_OCTAVIO_6154,candidate,E:\Jitter\kagglegolf\submissions\candidates\GOLF_20260607_001_public_6154_repro\onnx\task331.onnx,GOLF_20260607_001_public_6154_repro
task332,SRC_KAGGLE_NOTEBOOK_OCTAVIO_6154,candidate,E:\Jitter\kagglegolf\submissions\candidates\GOLF_20260607_001_public_6154_repro\onnx\task332.onnx,GOLF_20260607_001_public_6154_repro
task333,SRC_KAGGLE_NOTEBOOK_OCTAVIO_6154,candidate,E:\Jitter\kagglegolf\submissions\candidates\GOLF_20260607_001_public_6154_repro\onnx\task333.onnx,GOLF_20260607_001_public_6154_repro
task334,SRC_KAGGLE_NOTEBOOK_OCTAVIO_6154,candidate,E:\Jitter\kagglegolf\submissions\candidates\GOLF_20260607_001_public_6154_repro\onnx\task334.onnx,GOLF_20260607_001_public_6154_repro
task335,SRC_KAGGLE_NOTEBOOK_OCTAVIO_6154,candidate,E:\Jitter\kagglegolf\submissions\candidates\GOLF_20260607_001_public_6154_repro\onnx\task335.onnx,GOLF_20260607_001_public_6154_repro
task336,SRC_KAGGLE_NOTEBOOK_OCTAVIO_6154,candidate,E:\Jitter\kagglegolf\submissions\candidates\GOLF_20260607_001_public_6154_repro\onnx\task336.onnx,GOLF_20260607_001_public_6154_repro
task337,SRC_KAGGLE_NOTEBOOK_OCTAVIO_6154,candidate,E:\Jitter\kagglegolf\submissions\candidates\GOLF_20260607_001_public_6154_repro\onnx\task337.onnx,GOLF_20260607_001_public_6154_repro
task338,SRC_KAGGLE_NOTEBOOK_OCTAVIO_6154,candidate,E:\Jitter\kagglegolf\submissions\candidates\GOLF_20260607_001_public_6154_repro\onnx\task338.onnx,GOLF_20260607_001_public_6154_repro
task339,SRC_KAGGLE_NOTEBOOK_OCTAVIO_6154,candidate,E:\Jitter\kagglegolf\submissions\candidates\GOLF_20260607_001_public_6154_repro\onnx\task339.onnx,GOLF_20260607_001_public_6154_repro
task340,SRC_KAGGLE_NOTEBOOK_OCTAVIO_6154,candidate,E:\Jitter\kagglegolf\submissions\candidates\GOLF_20260607_001_public_6154_repro\onnx\task340.onnx,GOLF_20260607_001_public_6154_repro
task341,SRC_KAGGLE_NOTEBOOK_OCTAVIO_6154,candidate,E:\Jitter\kagglegolf\submissions\candidates\GOLF_20260607_001_public_6154_repro\onnx\task341.onnx,GOLF_20260607_001_public_6154_repro
task342,SRC_KAGGLE_NOTEBOOK_OCTAVIO_6154,candidate,E:\Jitter\kagglegolf\submissions\candidates\GOLF_20260607_001_public_6154_repro\onnx\task342.onnx,GOLF_20260607_001_public_6154_repro
task343,SRC_KAGGLE_NOTEBOOK_OCTAVIO_6154,candidate,E:\Jitter\kagglegolf\submissions\candidates\GOLF_20260607_001_public_6154_repro\onnx\task343.onnx,GOLF_20260607_001_public_6154_repro
task344,SRC_KAGGLE_NOTEBOOK_OCTAVIO_6154,candidate,E:\Jitter\kagglegolf\submissions\candidates\GOLF_20260607_001_public_6154_repro\onnx\task344.onnx,GOLF_20260607_001_public_6154_repro
task345,SRC_KAGGLE_NOTEBOOK_OCTAVIO_6154,candidate,E:\Jitter\kagglegolf\submissions\candidates\GOLF_20260607_001_public_6154_repro\onnx\task345.onnx,GOLF_20260607_001_public_6154_repro
task346,SRC_KAGGLE_NOTEBOOK_OCTAVIO_6154,candidate,E:\Jitter\kagglegolf\submissions\candidates\GOLF_20260607_001_public_6154_repro\onnx\task346.onnx,GOLF_20260607_001_public_6154_repro
task347,SRC_KAGGLE_NOTEBOOK_OCTAVIO_6154,candidate,E:\Jitter\kagglegolf\submissions\candidates\GOLF_20260607_001_public_6154_repro\onnx\task347.onnx,GOLF_20260607_001_public_6154_repro
task348,SRC_KAGGLE_NOTEBOOK_OCTAVIO_6154,candidate,E:\Jitter\kagglegolf\submissions\candidates\GOLF_20260607_001_public_6154_repro\onnx\task348.onnx,GOLF_20260607_001_public_6154_repro
task349,SRC_KAGGLE_NOTEBOOK_OCTAVIO_6154,candidate,E:\Jitter\kagglegolf\submissions\candidates\GOLF_20260607_001_public_6154_repro\onnx\task349.onnx,GOLF_20260607_001_public_6154_repro
task350,SRC_KAGGLE_NOTEBOOK_OCTAVIO_6154,candidate,E:\Jitter\kagglegolf\submissions\candidates\GOLF_20260607_001_public_6154_repro\onnx\task350.onnx,GOLF_20260607_001_public_6154_repro
task351,SRC_KAGGLE_NOTEBOOK_OCTAVIO_6154,candidate,E:\Jitter\kagglegolf\submissions\candidates\GOLF_20260607_001_public_6154_repro\onnx\task351.onnx,GOLF_20260607_001_public_6154_repro
task352,SRC_KAGGLE_NOTEBOOK_OCTAVIO_6154,candidate,E:\Jitter\kagglegolf\submissions\candidates\GOLF_20260607_001_public_6154_repro\onnx\task352.onnx,GOLF_20260607_001_public_6154_repro
task353,SRC_KAGGLE_NOTEBOOK_OCTAVIO_6154,candidate,E:\Jitter\kagglegolf\submissions\candidates\GOLF_20260607_001_public_6154_repro\onnx\task353.onnx,GOLF_20260607_001_public_6154_repro
task354,SRC_KAGGLE_NOTEBOOK_OCTAVIO_6154,candidate,E:\Jitter\kagglegolf\submissions\candidates\GOLF_20260607_001_public_6154_repro\onnx\task354.onnx,GOLF_20260607_001_public_6154_repro
task355,SRC_KAGGLE_NOTEBOOK_OCTAVIO_6154,candidate,E:\Jitter\kagglegolf\submissions\candidates\GOLF_20260607_001_public_6154_repro\onnx\task355.onnx,GOLF_20260607_001_public_6154_repro
task356,SRC_KAGGLE_NOTEBOOK_OCTAVIO_6154,candidate,E:\Jitter\kagglegolf\submissions\candidates\GOLF_20260607_001_public_6154_repro\onnx\task356.onnx,GOLF_20260607_001_public_6154_repro
task357,SRC_KAGGLE_NOTEBOOK_OCTAVIO_6154,candidate,E:\Jitter\kagglegolf\submissions\candidates\GOLF_20260607_001_public_6154_repro\onnx\task357.onnx,GOLF_20260607_001_public_6154_repro
task358,SRC_KAGGLE_NOTEBOOK_OCTAVIO_6154,candidate,E:\Jitter\kagglegolf\submissions\candidates\GOLF_20260607_001_public_6154_repro\onnx\task358.onnx,GOLF_20260607_001_public_6154_repro
task359,SRC_KAGGLE_NOTEBOOK_OCTAVIO_6154,candidate,E:\Jitter\kagglegolf\submissions\candidates\GOLF_20260607_001_public_6154_repro\onnx\task359.onnx,GOLF_20260607_001_public_6154_repro
task360,SRC_KAGGLE_NOTEBOOK_OCTAVIO_6154,candidate,E:\Jitter\kagglegolf\submissions\candidates\GOLF_20260607_001_public_6154_repro\onnx\task360.onnx,GOLF_20260607_001_public_6154_repro
task361,SRC_KAGGLE_NOTEBOOK_OCTAVIO_6154,candidate,E:\Jitter\kagglegolf\submissions\candidates\GOLF_20260607_001_public_6154_repro\onnx\task361.onnx,GOLF_20260607_001_public_6154_repro
task362,SRC_KAGGLE_NOTEBOOK_OCTAVIO_6154,candidate,E:\Jitter\kagglegolf\submissions\candidates\GOLF_20260607_001_public_6154_repro\onnx\task362.onnx,GOLF_20260607_001_public_6154_repro
task363,SRC_KAGGLE_NOTEBOOK_OCTAVIO_6154,candidate,E:\Jitter\kagglegolf\submissions\candidates\GOLF_20260607_001_public_6154_repro\onnx\task363.onnx,GOLF_20260607_001_public_6154_repro
task364,SRC_KAGGLE_NOTEBOOK_OCTAVIO_6154,candidate,E:\Jitter\kagglegolf\submissions\candidates\GOLF_20260607_001_public_6154_repro\onnx\task364.onnx,GOLF_20260607_001_public_6154_repro
task365,SRC_KAGGLE_NOTEBOOK_OCTAVIO_6154,candidate,E:\Jitter\kagglegolf\submissions\candidates\GOLF_20260607_001_public_6154_repro\onnx\task365.onnx,GOLF_20260607_001_public_6154_repro
task366,SRC_KAGGLE_NOTEBOOK_OCTAVIO_6154,candidate,E:\Jitter\kagglegolf\submissions\candidates\GOLF_20260607_001_public_6154_repro\onnx\task366.onnx,GOLF_20260607_001_public_6154_repro
task367,SRC_KAGGLE_NOTEBOOK_OCTAVIO_6154,candidate,E:\Jitter\kagglegolf\submissions\candidates\GOLF_20260607_001_public_6154_repro\onnx\task367.onnx,GOLF_20260607_001_public_6154_repro
task368,SRC_KAGGLE_NOTEBOOK_OCTAVIO_6154,candidate,E:\Jitter\kagglegolf\submissions\candidates\GOLF_20260607_001_public_6154_repro\onnx\task368.onnx,GOLF_20260607_001_public_6154_repro
task369,SRC_KAGGLE_NOTEBOOK_OCTAVIO_6154,candidate,E:\Jitter\kagglegolf\submissions\candidates\GOLF_20260607_001_public_6154_repro\onnx\task369.onnx,GOLF_20260607_001_public_6154_repro
task370,SRC_KAGGLE_NOTEBOOK_OCTAVIO_6154,candidate,E:\Jitter\kagglegolf\submissions\candidates\GOLF_20260607_001_public_6154_repro\onnx\task370.onnx,GOLF_20260607_001_public_6154_repro
task371,SRC_KAGGLE_NOTEBOOK_OCTAVIO_6154,candidate,E:\Jitter\kagglegolf\submissions\candidates\GOLF_20260607_001_public_6154_repro\onnx\task371.onnx,GOLF_20260607_001_public_6154_repro
task372,SRC_KAGGLE_NOTEBOOK_OCTAVIO_6154,candidate,E:\Jitter\kagglegolf\submissions\candidates\GOLF_20260607_001_public_6154_repro\onnx\task372.onnx,GOLF_20260607_001_public_6154_repro
task373,SRC_KAGGLE_NOTEBOOK_OCTAVIO_6154,candidate,E:\Jitter\kagglegolf\submissions\candidates\GOLF_20260607_001_public_6154_repro\onnx\task373.onnx,GOLF_20260607_001_public_6154_repro
task374,SRC_KAGGLE_NOTEBOOK_OCTAVIO_6154,candidate,E:\Jitter\kagglegolf\submissions\candidates\GOLF_20260607_001_public_6154_repro\onnx\task374.onnx,GOLF_20260607_001_public_6154_repro
task375,SRC_KAGGLE_NOTEBOOK_OCTAVIO_6154,candidate,E:\Jitter\kagglegolf\submissions\candidates\GOLF_20260607_001_public_6154_repro\onnx\task375.onnx,GOLF_20260607_001_public_6154_repro
task376,SRC_KAGGLE_NOTEBOOK_OCTAVIO_6154,candidate,E:\Jitter\kagglegolf\submissions\candidates\GOLF_20260607_001_public_6154_repro\onnx\task376.onnx,GOLF_20260607_001_public_6154_repro
task377,SRC_KAGGLE_NOTEBOOK_OCTAVIO_6154,candidate,E:\Jitter\kagglegolf\submissions\candidates\GOLF_20260607_001_public_6154_repro\onnx\task377.onnx,GOLF_20260607_001_public_6154_repro
task378,SRC_KAGGLE_NOTEBOOK_OCTAVIO_6154,candidate,E:\Jitter\kagglegolf\submissions\candidates\GOLF_20260607_001_public_6154_repro\onnx\task378.onnx,GOLF_20260607_001_public_6154_repro
task379,SRC_KAGGLE_NOTEBOOK_OCTAVIO_6154,candidate,E:\Jitter\kagglegolf\submissions\candidates\GOLF_20260607_001_public_6154_repro\onnx\task379.onnx,GOLF_20260607_001_public_6154_repro
task380,SRC_KAGGLE_NOTEBOOK_OCTAVIO_6154,candidate,E:\Jitter\kagglegolf\submissions\candidates\GOLF_20260607_001_public_6154_repro\onnx\task380.onnx,GOLF_20260607_001_public_6154_repro
task381,SRC_KAGGLE_NOTEBOOK_OCTAVIO_6154,candidate,E:\Jitter\kagglegolf\submissions\candidates\GOLF_20260607_001_public_6154_repro\onnx\task381.onnx,GOLF_20260607_001_public_6154_repro
task382,SRC_KAGGLE_NOTEBOOK_OCTAVIO_6154,candidate,E:\Jitter\kagglegolf\submissions\candidates\GOLF_20260607_001_public_6154_repro\onnx\task382.onnx,GOLF_20260607_001_public_6154_repro
task383,SRC_KAGGLE_NOTEBOOK_OCTAVIO_6154,candidate,E:\Jitter\kagglegolf\submissions\candidates\GOLF_20260607_001_public_6154_repro\onnx\task383.onnx,GOLF_20260607_001_public_6154_repro
task384,SRC_KAGGLE_NOTEBOOK_OCTAVIO_6154,candidate,E:\Jitter\kagglegolf\submissions\candidates\GOLF_20260607_001_public_6154_repro\onnx\task384.onnx,GOLF_20260607_001_public_6154_repro
task385,SRC_KAGGLE_NOTEBOOK_OCTAVIO_6154,candidate,E:\Jitter\kagglegolf\submissions\candidates\GOLF_20260607_001_public_6154_repro\onnx\task385.onnx,GOLF_20260607_001_public_6154_repro
task386,SRC_KAGGLE_NOTEBOOK_OCTAVIO_6154,candidate,E:\Jitter\kagglegolf\submissions\candidates\GOLF_20260607_001_public_6154_repro\onnx\task386.onnx,GOLF_20260607_001_public_6154_repro
task387,SRC_KAGGLE_NOTEBOOK_OCTAVIO_6154,candidate,E:\Jitter\kagglegolf\submissions\candidates\GOLF_20260607_001_public_6154_repro\onnx\task387.onnx,GOLF_20260607_001_public_6154_repro
task388,SRC_KAGGLE_NOTEBOOK_OCTAVIO_6154,candidate,E:\Jitter\kagglegolf\submissions\candidates\GOLF_20260607_001_public_6154_repro\onnx\task388.onnx,GOLF_20260607_001_public_6154_repro
task389,SRC_KAGGLE_NOTEBOOK_OCTAVIO_6154,candidate,E:\Jitter\kagglegolf\submissions\candidates\GOLF_20260607_001_public_6154_repro\onnx\task389.onnx,GOLF_20260607_001_public_6154_repro
task390,SRC_KAGGLE_NOTEBOOK_OCTAVIO_6154,candidate,E:\Jitter\kagglegolf\submissions\candidates\GOLF_20260607_001_public_6154_repro\onnx\task390.onnx,GOLF_20260607_001_public_6154_repro
task391,SRC_KAGGLE_NOTEBOOK_OCTAVIO_6154,candidate,E:\Jitter\kagglegolf\submissions\candidates\GOLF_20260607_001_public_6154_repro\onnx\task391.onnx,GOLF_20260607_001_public_6154_repro
task392,SRC_KAGGLE_NOTEBOOK_OCTAVIO_6154,candidate,E:\Jitter\kagglegolf\submissions\candidates\GOLF_20260607_001_public_6154_repro\onnx\task392.onnx,GOLF_20260607_001_public_6154_repro
task393,SRC_KAGGLE_NOTEBOOK_OCTAVIO_6154,candidate,E:\Jitter\kagglegolf\submissions\candidates\GOLF_20260607_001_public_6154_repro\onnx\task393.onnx,GOLF_20260607_001_public_6154_repro
task394,SRC_KAGGLE_NOTEBOOK_OCTAVIO_6154,candidate,E:\Jitter\kagglegolf\submissions\candidates\GOLF_20260607_001_public_6154_repro\onnx\task394.onnx,GOLF_20260607_001_public_6154_repro
task395,SRC_KAGGLE_NOTEBOOK_OCTAVIO_6154,candidate,E:\Jitter\kagglegolf\submissions\candidates\GOLF_20260607_001_public_6154_repro\onnx\task395.onnx,GOLF_20260607_001_public_6154_repro
task396,SRC_KAGGLE_NOTEBOOK_OCTAVIO_6154,candidate,E:\Jitter\kagglegolf\submissions\candidates\GOLF_20260607_001_public_6154_repro\onnx\task396.onnx,GOLF_20260607_001_public_6154_repro
task397,SRC_KAGGLE_NOTEBOOK_OCTAVIO_6154,candidate,E:\Jitter\kagglegolf\submissions\candidates\GOLF_20260607_001_public_6154_repro\onnx\task397.onnx,GOLF_20260607_001_public_6154_repro
task398,SRC_KAGGLE_NOTEBOOK_OCTAVIO_6154,candidate,E:\Jitter\kagglegolf\submissions\candidates\GOLF_20260607_001_public_6154_repro\onnx\task398.onnx,GOLF_20260607_001_public_6154_repro
task399,SRC_KAGGLE_NOTEBOOK_OCTAVIO_6154,candidate,E:\Jitter\kagglegolf\submissions\candidates\GOLF_20260607_001_public_6154_repro\onnx\task399.onnx,GOLF_20260607_001_public_6154_repro
task400,SRC_KAGGLE_NOTEBOOK_OCTAVIO_6154,candidate,E:\Jitter\kagglegolf\submissions\candidates\GOLF_20260607_001_public_6154_repro\onnx\task400.onnx,GOLF_20260607_001_public_6154_repro
