Rank,TeamId,TeamName,LastSubmissionDate,Score,SubmissionCount,TeamMemberUserNames
1,14196298,"Code Golf International","2025-10-30 22:23:38",962070.000,384,"bruhhhhd,lukeg10081,mukundan314,seekerstyle,sisyphuscg"
2,14194970,"jailctf merger","2025-10-30 23:35:55",961805.000,169,"google64,hellopir2,ohword,quasar0147,quasar098"
3,14194592,"ox jam! 🎤🐂🎸🐂🎷🐂🥁🐂🎹🐂","2025-10-30 23:47:58",961784.000,330,"cheeseexports,dcab1234,kayjoking,kuanweiheng,oskarvs"
4,14194500,FuunAgent,"2025-10-30 18:15:26",957810.000,573,"confirm,jonaskreutz,thunderthunder"
5,14194523,"HIMAGINE THE FUTURE.","2025-10-30 18:48:40",957568.000,51,"keymoon,kq5yyy,shibh308,yu212mc"
6,14198817,"Theoretical Syntax Golfers","2025-10-30 21:04:20",957527.000,38,"althaea,satosjp,shellmug,sz223n,yosshi999"
7,14195225,LogicLynx,"2025-10-30 22:55:35",957513.000,88,"nesyaru,nikuroll,pechi998244353,shunrcn,simann"
8,14206337,"import itertools","2025-10-30 23:54:50",957177.000,569,"asarvazyan,jacekwl,markorupnik,natanalel"
9,14204595,"Santa Golf Club 2500","2025-10-30 23:05:27",957151.000,290,"bio4eta,ku0807,sash2104,watanabekazuo,yuw000"
10,14333576,lv1.dev,"2025-10-30 23:55:47",956458.000,39,"darkpi,shik33137"
11,14272747,"cam jam! 💥📸🧀🎹💥🧀🎹📸","2025-10-30 23:44:46",956008.000,181,"alexpylypenko,aw7834,intgrah,jamesleung2123,sammyuri"
12,14255450,ﾀｲｽｹﾝｻﾝﾊﾞII,"2025-10-30 21:10:07",955424.000,112,"daylighttime,kokikawamura,kuhaku2000,littlegirl112,shogo314"
13,14196008,暗黑AGI,"2025-10-30 23:42:19",955227.000,2278,"bemymind,boristown,chchchch123,gordonli1014,tianruijia123"
14,14259824,ALE-Agent🐟,"2025-10-30 22:53:00",954571.000,55,"charmq,cnumber,inoueu1,takiba,yukiimajuku"
15,14194763,santa2024,"2025-10-30 22:48:40",954246.000,3216,"chimaki821,denden12,hikari30,isakatsuyoshi,kosirowada"
16,14237916,mystery+bono+Lucien,"2025-10-30 23:19:05",953632.000,314,"kaz0603,kjoonha,lucienderubempre,sktkmozt,yamashitamotokazu"
17,14199513,"Golfers Anonymous","2025-10-21 00:43:27",953512.000,48,golffer
18,14403028,"Team JYCDT","2025-10-30 21:06:23",953336.000,1219,"cdeotte,darrenamadeusmartin,jiweiliu,tonylica,yiheng"
19,14320959,Team,"2025-10-30 23:33:59",953039.000,887,"conormacamhlaoibh,huanligong,jazivxt,radek1,yuchen2066"
20,14368570,"ShadowPrompt Labs","2025-10-30 14:48:25",950693.000,22,"daisuketakahashi,darrenks,shinh0,y011d4,zaburo"
21,14206200,abdikmnrsttvwxyz,"2025-10-30 11:37:24",950146.000,44,"mtsd777,riantkb,vwxyz0"
22,14203756,JRKKX,"2025-10-30 21:59:51",949384.000,531,"jonassend,kdmitrie,kg583onkaggle,rynoryno,xuanmingzhang777"
23,14238031,needAJob,"2025-10-30 20:55:48",946216.000,64,"alessandrodaldossi,alessandroghiotto,massimilianoghiotto,oseafracchia,unclepecos"
24,14242334,R.U.M.,"2025-10-30 00:32:22",946190.000,16,wenkaihuang
25,14238164,"Ravi Annaswamy","2025-10-30 21:01:34",945774.000,154,raviannaswamy
26,14197932,Cg-klogw-sekken,"2025-10-30 12:32:44",944539.000,745,"chaitanyagarg2,marksix,mhrzmmhrzm"
27,14198448,adakoda,"2025-10-30 20:59:49",944373.000,229,adakoda
28,14206211,Anpan,"2025-10-30 16:17:17",943825.000,28,"eaggle23,spica08"
29,14229742,"Michael Hodel","2025-10-30 22:42:06",941200.000,19,michaelhodel
30,14356287,mealck,"2025-10-30 21:43:58",941196.000,5,mealck
31,14205455,"Alexander Dudin","2025-10-30 18:48:16",941031.000,62,cyberecho
32,14461536,"A. R. SEKKAT","2025-10-30 23:33:12",940480.000,53,arsekkat
33,14273491,"Seung Jae Lee","2025-10-30 23:56:59",940307.000,328,"frederickvlee,nalabc,sjlee101"
34,14224242,"Ches Charlemagne","2025-10-30 16:20:58",939243.000,3,henrychibueze
35,14347058,beijijun,"2025-10-27 00:58:52",939002.000,88,"aaaqtm,beijijun"
36,14365496,"M & K","2025-10-30 20:14:58",938657.000,70,"ksenikas,mbilichenko"
37,14194453,Papaya,"2025-10-30 21:37:10",938529.000,30,x1mike7x
38,14202358,logits,"2025-10-13 15:38:31",938468.000,11,logits
39,14194450,bizy-coding,"2025-10-30 23:14:20",938355.000,22,benzydney
40,14194914,kambarakun,"2025-10-30 22:43:41",937943.000,506,kambarakun
41,14288661,taurine511,"2025-10-28 02:52:49",937810.000,81,"satodai0602,taurine511"
42,14223297,"Arma Değer Mut","2025-10-30 23:41:54",936984.000,8,armamut
43,14292582,ktm,"2025-10-30 15:00:16",936039.000,20,tmhrkt
44,14522675,Ran21050,"2025-10-26 08:00:07",935653.000,174,ran21050
45,14204675,neko_yt,"2025-10-30 22:14:46",935475.000,6,yoshihiratakahide
46,14416215,"Ty Woods","2025-10-30 23:03:15",935399.000,186,tylerfeemster
47,14196422,Reo.Nam,"2025-10-30 01:57:00",933326.000,107,reonam
48,14527628,Aurora,"2025-10-30 22:52:37",933228.000,24,jtda514115
49,14203261,N.K.,"2025-10-30 15:50:09",933029.000,11,yuiogura
50,14280702,SK,"2025-10-30 23:31:54",932557.000,125,"kenkrige,timkrige"
51,14308407,Pes,"2025-10-30 23:21:26",932085.000,24,"dgrachev28,volchegorskiynikita"
52,14488801,"burger king","2025-10-30 23:57:02",932069.000,71,"chep0k,diffractx,ppilania1985,tirlimster"
53,14320964,taigatappuri,"2025-10-30 23:42:55",931995.000,23,"flnkhome,kazumamiyashita,toraaaaa,yukkimoru"
54,14194815,rc95401,"2025-10-30 23:55:32",931832.000,311,rc95401
55,14535879,"Fugu 🐡","2025-10-30 08:55:43",931439.000,171,"tkasasagi,yujin1984"
56,14206489,HY,"2025-10-30 23:07:24",931198.000,438,"yhirakawa,yururoi"
57,14443896,"Vitaly Kudelya","2025-10-30 23:35:48",931160.000,80,vitalykudelya
58,14195654,"Ralf Bonse","2025-10-29 21:10:15",930440.000,204,ralfbonse
59,14314401,"Gabriel Mirea","2025-10-30 20:16:56",930282.000,51,gabrielmirea
60,14375392,"Emily Anna Chris Brandon","2025-10-30 23:45:49",930068.000,57,"annakazlow,brandonfairfield,chrisrussell1,emilyfairfield"
61,14202724,"A | M | P | C | A","2025-10-30 23:57:58",930063.000,472,"anglolodorf,antonyo314,elmaxuno,gothamjocker,paritoshtripathi5"
62,14197708,MinTheCode,"2025-10-30 23:57:52",929351.000,87,"emmy43262,hapricot,ioannispantidis,jvfiodar,nevolodia"
63,14434594,"Gotovtsev Artyom","2025-10-30 21:59:16",929338.000,22,artemgotovtsev
64,14434389,"Vitaly Gatsko","2025-10-30 18:08:41",929254.000,35,gatsko
65,14238999,Davidus,"2025-10-30 23:32:24",928521.000,188,davidfeigi
66,14215204,Nazar_Mykola,"2025-10-30 18:22:15",927946.000,76,havefan1234
67,14194550,john,"2025-10-15 16:11:41",926267.000,168,jaejohn
68,14485006,ymyuuuu,"2025-10-30 22:33:15",925597.000,40,"k594676,nk7016,ymyuuuu"
69,14207803,AutomaGolf,"2025-10-30 22:43:44",925489.000,54,"antoinedebouchage,axeldarmouni,guillaumelevy,juliencardinal"
70,14484171,SoedaHaruto,"2025-10-30 13:23:02",924500.000,50,soedaharuto
71,14195604,blue0620,"2025-10-30 15:56:51",924419.000,105,blue0620
72,14258128,"Nithika Balaji","2025-10-30 18:42:58",924083.000,149,nithikabalaji
73,14230040,Buran,"2025-10-30 23:52:38",923352.000,260,"alexlu,kpatel91,vovamambahop"
74,14250369,Nineso,"2025-10-30 03:31:00",923277.000,137,timothylovett
75,14309015,MYSK,"2025-10-30 18:29:20",923177.000,1311,"aquarium21,atshimamura,mxxyxx"
76,14198752,ppp,"2025-10-30 21:13:14",923017.000,25,"greylord1996,gromml,leadnvalidate"
77,14294726,Muha,"2025-10-30 19:08:44",922765.000,204,majouz
78,14483338,"Mrutyunjay Patil","2025-10-28 15:14:55",922650.000,10,patilmrutyunjay
79,14589560,"NALIN ABROL","2025-10-30 18:16:39",922134.000,36,abrolnalin
80,14286121,lalalasu,"2025-10-30 19:46:53",921754.001,3,lalalasu
81,14469694,Anna,"2025-10-30 14:21:23",921698.000,49,annafabris
82,14339965,KIT,"2025-10-28 15:15:44",921629.000,72,ray6767
83,14215863,"Ahmad Elawady","2025-10-26 15:29:54",921407.002,55,aielawady
84,14395073,Rowan,"2025-10-29 03:40:57",921314.000,32,"guixuanjiang,rowan321"
85,14195750,IC2,"2025-10-30 05:37:03",921131.000,29,jonathanchan
86,14297522,cccha、,"2025-10-30 01:06:02",920973.000,35,"cudacoding,lolhohoho,yunsuui"
87,14282805,brain-to-go,"2025-10-30 23:52:14",920780.000,51,semiquark1
88,14302259,wqzh,"2025-10-30 07:49:23",920774.000,22,weiqinzh
89,14225480,"Quantum Experts","2025-10-30 23:29:38",920654.000,78,"garrymoss,michaellcui"
90,14488820,CroDoc,"2025-10-30 23:48:41",920654.000,37,crodoc
91,14472282,"Koki Watanabe","2025-10-30 06:35:50",920487.000,44,mathhiyoko
92,14556926,"Terrence Wei","2025-10-29 03:36:30",920483.000,195,"larklearning,ruomeng17,weimingting,yifeibu,zhangjunyiaaron"
93,14227150,Aarya,"2025-10-30 12:40:42",920480.000,54,adyanthm
94,14407278,"Mike Kim","2025-10-30 23:28:52",920394.000,130,mikeskim
95,14535859,BlurreA,"2025-10-29 11:17:55",920293.000,163,"blurrea,langom,ruizhao88,vincent7779,zffffy"
96,14433547,littlehorse,"2025-10-30 16:31:17",920218.000,23,"alexia0361,fhfdgrhghj,ggufisall,ko670w,xiaomaguo"
97,14540885,DLBR,"2025-10-29 10:14:07",920192.000,124,"bellazhao2333,dereksha,laymond,llukelinnn"
98,14269845,cubbus,"2025-10-30 19:10:13",920091.000,80,cubbus
99,14429597,Austro,"2025-10-30 23:03:27",920030.000,20,austro
100,14434361,"Ryu Tomita","2025-10-30 23:37:57",919928.000,5,rtomita
101,14373948,JaimeF,"2025-10-26 14:37:02",919870.000,20,druidh
102,14196676,MKRC,"2025-10-30 23:41:15",919811.000,70,rram12
103,14494918,"Xinyu Wu","2025-10-29 13:41:04",919703.000,164,"binniwang,charles20040219,frankshi666,xinyuwu06,yuhuiyao"
104,14194762,Ryota,"2025-10-30 23:34:04",919260.000,42,ryotak12
105,14519987,"Eng Adam Al mohammedi","2025-10-30 23:31:44",918920.000,22,engadamalmohammedi
106,14211647,Kaiser,"2025-10-30 09:33:58",918825.000,81,"hiwe0305,snnguynvnk19hl"
107,14212711,"Azat Akhtyamov","2025-09-18 01:20:27",918804.000,92,azakhtyamov
108,14200038,Ali,"2025-10-30 18:16:19",918611.000,361,asalhi
109,14214250,"Roman Vygon","2025-10-30 08:44:25",918605.000,39,elpres1dente
110,14565922,"Ryan Dong","2025-10-30 21:34:11",918592.000,68,"haroldren,quantllm,yinjiachao666,zhiqiangtian13184"
111,14194711,today,"2025-10-30 20:37:58",918581.000,279,"takumatoda,today55"
112,14505200,Mathemortician,"2025-10-30 22:04:19",918294.000,78,mathemortician
113,14507538,shawloong,"2025-10-24 14:13:00",918007.000,26,shawloong
114,14372852,"Abdelmoneim Desouki","2025-10-30 20:29:51",917931.000,100,amadesouki
115,14362348,Logging,"2025-10-30 20:23:08",917770.000,40,"gertrute,kangkyu"
116,14420589,"Peep devs","2025-10-30 23:55:55",917721.000,104,"godwinolagunju,timilehinoladejo,timmyafolami"
117,14312164,"Zheng Li 2020","2025-10-30 23:47:19",917637.000,12,zhengli2020
118,14566102,"Song Xiaoya","2025-10-30 21:55:02",917626.000,67,"daledew,hejingdan,songxiaoya,willimzeng"
119,14528914,cununn,"2025-10-27 09:55:36",917589.000,9,w007425y
120,14284877,"Tomek Porozynski","2025-10-30 20:54:57",917512.000,37,ontaptom
121,14313690,"kavitha G","2025-10-30 22:35:32",917437.000,21,kavisekar
122,14433190,"Nat Bel ML Fun","2025-10-30 19:24:32",917291.000,65,natbel4ml
123,14428858,"Luke Gartland","2025-10-30 21:39:47",917043.000,58,lukegartland
124,14351108,"perpetual motion machine","2025-10-30 12:57:33",916979.000,66,aristotlechen
125,14432237,"Junhua Yang","2025-10-30 23:13:41",916882.000,237,junhuay
126,14194804,kaerururu,"2025-10-30 23:35:32",916824.000,177,kaerunantoka
127,14259786,"Masashi Nishimoto","2025-10-30 18:05:55",916633.000,124,masashinishimoto
128,14390395,zentropy,"2025-10-30 21:38:01",916532.000,171,jessky
129,14578040,myssiq,"2025-10-30 22:46:58",916266.000,74,"myssiq,ronqee,williamxie111,zlyric"
130,14385369,blob282,"2025-10-30 23:24:01",916221.000,9,"blob282,jilim6,omarorajain"
131,14586324,FDU_eblab,"2025-10-30 16:17:44",916197.000,28,"wstdddsz,yufanwenshu,zzy0608"
132,14228334,GGilch76,"2025-10-07 22:30:42",916182.000,7,ggilch76
133,14385945,Turner,"2025-10-30 19:51:33",916180.000,161,kerta27
134,14525053,"Ralph Neumann","2025-10-30 19:29:48",916163.000,103,xscripter
135,14553367,Raki,"2025-10-30 22:32:53",916139.000,9,raki21
136,14215579,batbot,"2025-10-30 19:09:09",916098.000,57,savanjaviya
137,14196392,rucin93,"2025-10-30 17:26:28",915966.000,262,rucin93
138,14576556,MAK&TH,"2025-10-30 18:31:44",915892.000,18,"maaz101,syedtahahassan"
139,14430611,"Rob Freeman","2025-10-30 01:55:29",915800.000,17,rob1080ti
140,14228648,"Ye Thu","2025-10-30 19:08:53",915572.000,19,yethukmutt
141,14540122,"Steve Le (Solokop)","2025-10-30 17:18:36",915534.000,156,solokop
142,14278917,"Bora Erkılıç","2025-10-30 21:31:50",915508.000,53,boraerkl
143,14194780,chris,"2025-10-30 23:05:31",915490.000,8,chris62
144,14217367,vitruvius,"2025-10-23 09:22:50",915366.000,1,dkeyes
145,14243247,ancientLuck,"2025-10-30 20:36:17",915229.000,18,ancientluck
146,14194850,Yone,"2025-10-30 01:12:17",915023.000,48,theunforgiven7
147,14372384,"Yangguang Wei","2025-10-30 18:04:47",914784.000,108,charliewey
148,14532345,Ozi,"2025-10-26 08:23:49",914772.000,2,muhammaduzair21
149,14571099,hiu,"2025-10-30 13:21:05",914711.000,8,dwiwidjanarko
150,14462086,zzllusa,"2025-10-29 18:46:50",914584.000,111,zzllusa
151,14545598,tacorice,"2025-10-30 23:51:04",914483.000,75,atagiyuya
152,14347398,"Tsubasa Kanno","2025-10-30 14:28:06",914168.000,114,tsubasatech
153,14226440,"Teodor-Florin Butnaru","2025-10-30 17:57:48",914113.000,12,teodorflorinbutnaru
154,14387159,Disgon,"2025-10-30 08:25:47",914073.000,454,vbardiovsky
155,14280236,naturalseeker,"2025-10-29 17:10:49",914046.000,7,naturalseeker
156,14214094,"Tomoki Hirose","2025-10-09 18:29:35",914016.000,11,tomokihirose
157,14197258,CyrusAI,"2025-10-30 11:26:12",914014.000,55,jamalsaeedi
158,14197419,"PRIYANSHU PRAJAPATI","2025-10-30 23:47:46",913909.000,33,pentesterpriyanshu
159,14273821,GUOHAOYANG,"2025-10-30 19:20:39",913865.000,46,pkuszboi
160,14434284,AkiraIshikawa,"2025-10-30 21:39:08",913783.000,147,akiraishikawa
161,14502401,pyten,"2025-10-30 08:19:28",913688.000,6,sunnyrainbow
162,14310179,beez,"2025-10-30 23:32:01",913658.000,19,zayyyy
163,14447254,"Mahmoud Elshahed","2025-10-30 23:37:30",913589.000,35,letemoin
164,14579539,Potrhino,"2025-10-30 23:53:47",913548.000,21,"potrhino,sampot"
165,14316096,Kirderf,"2025-10-30 18:53:45",913542.000,32,kirderf
166,14274703,PatternX,"2025-10-30 18:14:35",913531.000,83,"dinethshakya,isharaekanayaka,kusaljayawardhana,phsdulara,rodgerjay"
167,14577891,"Kaggle Kings","2025-10-30 23:21:05",913520.000,23,"christianschulte,isaacbilsel,yongxianglyu"
168,14197352,"Hu Xingyu","2025-10-30 19:20:46",913517.000,292,huxingyu
169,14537845,"All You Can Debug","2025-10-30 18:29:50",913484.000,14,"k0ngkim,zhengyang66"
170,14516364,"Fahd EL ANSARI","2025-10-30 23:56:32",913465.000,9,fahdelansari
171,14396655,HaoYANG7,"2025-10-30 17:16:12",913449.000,3,"ebenlu,haoyang7"
172,14195831,"Kamal Das","2025-10-30 17:43:58",913449.000,61,kmldas
173,14388640,"Veniamin Nelin","2025-10-30 17:44:25",913449.000,27,veniaminnelin
174,14375400,"Michelle Zhou","2025-10-30 17:53:33",913449.000,54,michelle314
175,14517837,"New bee","2025-10-30 17:54:41",913449.000,11,shenshiyun
176,14541355,"Juan Leiva","2025-10-30 17:55:43",913449.000,31,juank333
177,14262843,"Soetsu Shida","2025-10-30 18:05:00",913449.000,5,soetsushida
178,14559386,"Zhang Haonan","2025-10-30 18:22:56",913449.000,11,zhhaon
179,14406042,"yuanzhe zhou","2025-10-30 18:12:48",913449.000,15,yuanzhezhou
180,14195822,Taka007,"2025-10-30 18:17:03",913449.000,1,takahironamatame
181,14197762,卩ﾑ尺ｲん,"2025-10-30 23:35:21",913449.000,127,nihilisticneuralnet
182,14449622,"Pierre Tisseur","2025-10-30 21:43:14",913449.000,37,pierretisseur
183,14419751,"Aliffa Agnur","2025-10-30 18:21:06",913449.000,11,aliffaagnur
184,14211151,takaito,"2025-10-30 18:22:45",913449.000,41,takaito
185,14205376,mcwema,"2025-10-30 18:50:10",913449.000,299,mcwema
186,14195263,"Ravi Ramakrishnan","2025-10-30 18:58:06",913449.000,95,ravi20076
187,14495575,"Khin Kaung San Thu Tun","2025-10-30 18:59:31",913449.000,5,khinkaungsanthutun
188,14337028,"Hussein Dawood","2025-10-30 19:14:40",913449.000,13,hussiendaoud
189,14194942,"Sedat GOLGİYAZ","2025-10-30 23:57:36",913449.000,43,sedatgolgyaz
190,14556026,TrinhDung16,"2025-10-30 19:35:05",913449.000,23,trinhdung16
191,14225836,Chalamalabingbong,"2025-10-30 19:35:39",913449.000,64,"akhilsrinivasp,arunmanij,shriramgunasekar"
192,14204442,"Pavel Pavlov","2025-10-30 19:38:21",913449.000,58,akakii
193,14575772,"Igor V","2025-10-30 19:43:45",913449.000,43,rostigor
194,14496376,"Kabir Potdar","2025-10-30 19:45:05",913449.000,1,kabir01010
195,14340209,Mehrdad_LU,"2025-10-30 20:03:47",913449.000,79,mehrdadal2023
196,14262259,Golfie,"2025-10-30 20:17:20",913449.000,9,datafad
197,14459760,MalharUjawane,"2025-10-30 20:31:03",913449.000,5,justmalhar
198,14263652,OzanM.,"2025-10-30 20:33:31",913449.000,70,analyticaobscura
199,14206092,"Manav Trivedi","2025-10-30 21:02:47",913449.000,46,manavtrivedi
200,14195075,kglctf,"2025-10-30 23:06:37",913449.000,676,kglctf
201,14196324,"William Guesdon","2025-10-30 21:30:07",913449.000,61,wguesdon
202,14263719,akoynk,"2025-10-30 21:40:28",913449.000,20,akoynk
203,14203404,"Octavi Grau","2025-10-30 21:57:24",913449.000,64,octaviograu
204,14221980,"Vicens Gaitan","2025-10-30 22:16:33",913449.000,95,vicensgaitan
205,14202432,yuki16,"2025-10-30 22:54:35",913449.000,18,yuki16
206,14217748,"Albert Wang","2025-10-30 23:00:31",913449.000,6,mianwang1024
207,14484597,"Shunsuke Hayashi1993","2025-10-30 23:17:56",913449.000,18,shunsukehayashi1993
208,14203393,yestinsong,"2025-10-30 23:19:31",913449.000,24,yestinsong
209,14578150,jolvexy,"2025-10-30 23:28:23",913449.000,1,"brixonn,delta47x,jolvexy,zyfenn"
210,14575705,"Takahiro Saito","2025-10-30 23:37:35",913449.000,3,takahiro3110
211,14331908,Rouiou,"2025-10-30 23:40:06",913449.000,22,rouiou
212,14206802,"Mathurin Aché","2025-10-30 20:00:19",913448.000,24,mathurinache
213,14232180,"Most of things on luck!","2025-10-30 21:20:11",913442.000,100,"andrespq,muhammaddanyalmalik"
214,14546550,takezenk01,"2025-10-30 08:44:44",913372.000,24,takezenk01
215,14423304,"Qing Yang","2025-10-30 03:12:31",913362.000,44,drqingyang
216,14223931,JRSSKumarD,"2025-10-30 03:11:16",913362.000,44,jrsskumard
217,14469131,"Dmitriy Ch","2025-10-30 03:25:29",913362.000,19,dmitriych
218,14412529,"Lucas Tao888","2025-10-30 13:26:39",913362.000,19,lucastao888
219,14195243,AC,"2025-10-30 17:49:36",913362.000,73,ahsuna123
220,14438854,yk123424,"2025-10-30 04:13:34",913362.000,7,yk123424
221,14195028,Leo,"2025-10-30 05:07:54",913362.000,34,leo123321
222,14242191,"aha_Yann Zhenxuan","2025-10-30 09:08:14",913362.000,13,yannzhenxuan
223,14363167,MohammedM0iz,"2025-10-30 06:39:11",913362.000,15,mohammedm0iz
224,14490584,"Kotala Kishan Reddy","2025-10-30 17:52:38",913362.000,26,kotalakishanreddy
225,14466634,IITRPR_AIZ0007,"2025-10-30 07:51:18",913362.000,25,devkumarbiswas
226,14399953,"ryzen Liu","2025-10-30 14:44:37",913362.000,10,ryzenliu
227,14562586,"Haohan Tsao","2025-10-30 08:46:48",913362.000,5,haohantsao
228,14400672,"Guntas Dhanjal","2025-10-30 09:31:22",913362.000,10,guntasdhanjal
229,14407124,"yr 10","2025-10-30 10:27:12",913362.000,174,rc7530
230,14405060,"kwon yong deuk","2025-10-30 13:42:58",913362.000,38,kwonyongdeuk
231,14564235,"Shawn Juyang Ke","2025-10-30 12:37:02",913362.000,23,shawnjuyangke
232,14216738,Vibhatsu,"2025-10-30 12:42:41",913362.000,14,vibhatsu
233,14585655,"Trung Phạm02","2025-10-30 15:06:40",913362.000,7,trungphm02
234,14565654,"Jugal Marfatia","2025-10-30 15:14:37",913362.000,2,jmarfati
235,14342827,jameszeng809,"2025-10-30 15:36:00",913362.000,9,jameszeng809
236,14235144,"Marek Nurzynski","2025-10-30 16:07:20",913362.000,46,marek3000
237,14497015,"Azamat Baiganin","2025-10-30 16:26:56",913362.000,70,"azamatbaiganin,baidalinadilzhan"
238,14216433,Dex,"2025-10-30 16:55:41",913362.000,6,dexhunter
239,14343430,qnqn1927,"2025-10-30 16:37:20",913362.000,10,qnqn1927
240,14301067,mogura2.0,"2025-10-30 16:48:54",913362.000,31,mogura20
241,14376852,"Ahmed Mostafa","2025-10-30 17:45:04",913359.000,11,republic966
242,14546614,WWzhhzWW,"2025-10-29 07:11:52",913356.001,24,wwzhhzww
243,14438901,ByteField,"2025-10-30 09:54:06",913344.000,47,datapath01
244,14194753,lytCNAORevision2018,"2025-10-30 11:30:43",913330.000,18,lytcnaorevision2018
245,14464976,"Sai Venkata Ganesh Bandaluppi","2025-10-30 16:31:46",913321.000,52,saivenkataganeshb
246,14336186,"DaoHe Liu","2025-10-30 13:24:42",913321.000,22,daoheliu
247,14330526,"Hiểu Vy","2025-10-30 13:42:49",913321.000,2,thangnm1
248,14222091,"C R Suthikshn Kumar","2025-10-30 15:57:31",913321.000,14,crsuthikshnkumar
249,14261418,OverfitOracle,"2025-10-30 14:07:47",913321.000,123,alisalmanrana
250,14516506,"Rohan Norden","2025-10-30 14:18:04",913321.000,2,rohannorden
251,14320792,Sudharsan,"2025-10-30 14:51:35",913321.000,11,sidreyas25
252,14271315,Nandakumar825,"2025-10-30 06:04:49",913237.003,4,nandakumar825
253,14511015,kk.sky.9k,"2025-10-30 01:07:19",913211.000,65,kksky9k
254,14222860,SY,"2025-10-30 01:23:46",913211.000,4,vesten006
255,14303016,Kousuke555,"2025-10-30 02:57:45",913211.000,9,kousuke555
256,14210602,"Charismatic Pizza Party🍕","2025-10-30 01:51:36",913211.000,34,debugendless
257,14231440,ST_nokin,"2025-10-30 02:02:17",913211.000,7,stnokin
258,14374072,"yemao ye","2025-10-30 02:18:25",913211.000,30,yemaoye
259,14371752,GMMMMM,"2025-10-30 02:18:35",913211.000,45,wkcwkc
260,14197475,"Prashant Kikani","2025-10-30 02:26:01",913211.000,4,prashantkikani
261,14321764,"Alexander Lai","2025-10-30 02:51:31",913211.000,42,alexanderlai
262,14546399,"SAMIUL ISLAM","2025-10-30 02:52:20",913211.000,12,samiulislam180041221
263,14207483,e0nia,"2025-10-30 16:15:18",913211.000,42,madhusudhananaidu
264,14206096,"Adil Shamim","2025-10-30 07:25:54",913211.000,20,adilshamim8
265,14210099,"Vaibhav Sharma","2025-10-30 08:17:00",913211.000,4,vaibhavsharma3012
266,14558707,xj,"2025-10-30 10:45:37",913211.000,5,xjj1234
267,14195510,creasac,"2025-10-30 11:16:41",913211.000,2,timsinadipesh
268,14418588,guochangZhang,"2025-10-30 11:28:10",913211.000,3,guochangzhang
269,14228552,lhw0314,"2025-10-30 11:34:32",913211.000,34,lhw0314
270,14244517,"Niranjan Nakkala","2025-10-30 12:27:10",913211.000,4,niranjanmudhiraj
271,14204107,Y.L.,"2025-10-30 13:44:46",913211.000,22,likedl88
272,14213961,xsong2020,"2025-10-30 15:57:46",913211.000,4,xstargate
273,14387236,datnt114,"2025-10-29 15:56:32",913178.000,8,kingkong153
274,14584131,"Rotation Theory","2025-10-29 17:47:18",913178.000,10,mikhsank
275,14263506,DiMindy,"2025-10-29 16:57:18",913178.000,76,"dimindy,konstantinboyko"
276,14290018,"Nazura Wirayuda Tama","2025-10-30 18:04:31",913178.000,19,nazurawirayudatama
277,14217439,taopy2,"2025-10-29 17:45:10",913178.000,32,taopy2
278,14337740,"Nikita Gajbhiye30","2025-10-29 18:26:43",913178.000,5,nikitagajbhiye30
279,14196711,shash,"2025-10-29 20:13:34",913178.000,23,zshashz
280,14285774,a_iida,"2025-10-29 20:24:03",913178.000,20,lk8403i
281,14373834,r1ck.sync,"2025-10-29 22:30:40",913178.000,2,r1cksync
282,14256112,"Joakim Arvidsson","2025-10-29 23:50:20",913178.000,2,joebeachcapital
283,14445559,"Alex Roubinchtein","2025-10-30 01:04:34",913178.000,32,alexroubinchtein
284,14556334,"Maxim Gerasimov","2025-10-30 12:50:28",913178.000,5,mygaps
285,14383114,"Varun Rao","2025-10-29 23:14:38",913167.000,27,varunraosfanlkan
286,14463943,"Chenyu Wang","2025-10-28 20:42:51",913055.000,33,ataraxyyeah
287,14196678,muyouqian4,"2025-10-22 08:19:37",912974.001,93,muyouqian4
288,14586647,"chuhao zeng","2025-10-27 22:21:59",912930.000,22,chuhaozeng
289,14549126,"Sky kun","2025-10-30 08:24:03",912915.000,13,skykun
290,14261720,hjmkt,"2025-10-26 13:01:35",912766.000,553,hajime3126
291,14478012,shige,"2025-10-29 10:37:18",912714.000,30,shigechan
292,14504868,"jakob landa","2025-10-27 03:23:41",912712.000,11,jakoblanda07
293,14540700,wuliao_0,"2025-10-27 02:08:22",912712.000,3,wuliao0
294,14448355,星光,"2025-10-28 12:46:49",912712.000,13,zhuguanghua
295,14582305,uhey,"2025-10-27 06:38:36",912712.000,15,pepushi
296,14370577,"Prince of Lanling","2025-10-27 05:24:08",912712.000,12,zjm271441
297,14584706,ZIRENLI0611,"2025-10-27 05:39:02",912712.000,5,zirenli0000
298,14440098,wwwwzz,"2025-10-27 05:48:29",912712.000,7,wwwwzz
299,14209276,AAElter,"2025-10-27 06:51:21",912712.000,80,aaelter
300,14399606,eulogy_henu,"2025-10-28 02:37:23",912712.000,50,eulogy
301,14197728,"[Deleted] 5805531b-4abc-448b-9498-f87440c89e68","2025-10-27 08:20:14",912712.000,115,suryamilenial
302,14541700,"jiashuo Ma","2025-10-29 11:03:13",912712.000,25,ooo876
303,14563086,"Abdur Rahim","2025-10-27 18:01:20",912712.000,5,rahim3
304,14564401,HongyuChen123321,"2025-10-30 14:58:37",912712.000,7,hongyuchen123321
305,14209712,"Akira Hirohashi","2025-10-28 01:35:52",912712.000,14,akirahirohashi
306,14442620,digimagi,"2025-10-28 07:31:58",912712.000,5,digimagi
307,14522447,karinkaito,"2025-10-29 12:57:42",912712.000,9,karinkaito
308,14309141,Dony,"2025-10-27 13:44:44",912712.000,21,edonisraci
309,14484560,ykuroka,"2025-10-29 13:40:13",912712.000,12,ykuroka
310,14365816,"Pankaj Gupta","2025-10-27 14:07:47",912712.000,3,pankajiitr
311,14551356,udrs99,"2025-10-27 14:09:11",912712.000,4,udrs99
312,14195247,"Miss Qiu","2025-10-27 14:44:39",912712.000,6,liuhaixu
313,14586286,tovvian,"2025-10-27 15:07:11",912712.000,1,"benice233,neviara,tixuvo,tovvian"
314,14195725,"SeshuRaju 🧘‍♂️","2025-10-27 17:21:37",912712.000,47,seshurajup
315,14224465,Mtgoob,"2025-10-29 15:34:01",912712.000,10,mtgoob
316,14310139,Robert,"2025-10-27 21:16:12",912712.000,1,roshaw
317,14253029,"Kunal Aarse","2025-10-27 21:39:48",912712.000,25,kunalinfinite
318,14402910,"[Deleted] c94d6cfa-eba8-4357-a611-f987240df8c7","2025-10-27 22:32:06",912712.000,8,del=c0f02c78b1fa483a
319,14565923,"chen bin","2025-10-28 00:39:06",912712.000,7,drchenb
320,14539383,"Haoxuan Li","2025-10-29 03:55:01",912712.000,3,dokidokiyuyuko
321,14556963,yanjixiang,"2025-10-28 03:43:48",912712.000,15,yanjixiang
322,14334575,Steven_Y,"2025-10-28 04:26:46",912712.000,2,yyyu54
323,14589590,senkin13,"2025-10-28 05:26:44",912712.000,2,senkin13
324,14243087,fuxiangting,"2025-10-29 08:19:22",912712.000,6,fuxiangting
325,14402561,"Hotaka Ueda","2025-10-28 07:03:49",912712.000,3,uedahotaka
326,14195034,Pai,"2025-10-29 08:18:05",912712.000,6,rajathrpai
327,14197483,insuperabile,"2025-10-28 09:03:51",912712.000,1,insuperabile
328,14195542,hertryggr,"2025-10-28 10:34:23",912712.000,46,hertryggr
329,14489681,HanMo_JinHeng,"2025-10-28 10:37:45",912712.000,5,hanmojinheng
330,14293125,Suman2208,"2025-10-29 18:25:37",912712.000,6,suman2208
331,14394646,waticson,"2025-10-28 14:42:58",912712.000,16,yutodennou
332,14453044,"Yash Jha","2025-10-28 19:22:23",912712.000,7,dovahkin17a
333,14548083,abscond,"2025-10-30 12:03:17",912712.000,6,abscond
334,14404755,"Ayush chandra Maurya","2025-10-29 03:06:36",912712.000,4,ayushchandramaurya
335,14219864,HiroyukiSasaki,"2025-10-29 03:34:34",912712.000,13,hiroyukisasaki815
336,14450913,islet,"2025-10-29 05:20:34",912712.000,5,kojimar
337,14550996,"MD Shariful Islam","2025-10-29 06:55:58",912712.000,4,shariful07
338,14451384,luckyappley,"2025-10-29 09:24:20",912712.000,16,luckyappley
339,14440110,"Nuno Ferreira","2025-10-29 10:33:28",912712.000,6,ngcferreira
340,14199671,"Code by Nadiia","2025-10-29 11:24:09",912712.000,8,codebynadiia
341,14534132,pluris,"2025-10-29 15:18:22",912712.000,8,pluris
342,14214127,"Fahd Alghanim","2025-10-29 14:26:02",912712.000,32,fahadalgorithm
343,14496985,"Sung Hur","2025-10-29 15:25:10",912712.000,10,kmmmvs
344,14224940,"Md.Hamid Hosen","2025-10-29 18:11:06",912712.000,7,hosen42
345,14400793,"Md Boktiar Mahbub Murad","2025-10-29 22:39:44",912712.000,57,mbmmurad
346,14329042,leaf,"2025-10-29 11:33:50",912597.000,1,xwite147
347,14576299,"Viet Anh Ngo ","2025-10-29 06:16:55",912590.000,13,vietngogm
348,14561418,QuantumCortex,"2025-10-27 15:16:53",912590.000,9,"kaafibored,quantumcortex,srisatyamaram"
349,14583489,"Yimeng Xu","2025-10-30 17:45:21",912590.000,7,aizealotwu
350,14558548,やるときはやるさ,"2025-10-28 14:05:19",912590.000,2,yuanyuan98
351,14586630,QingzhiZhang,"2025-10-28 15:12:38",912590.000,3,ameneurosis23
352,14535119,June,"2025-10-29 03:03:58",912590.000,3,junyuenanyu
353,14377706,"Aikyatan Sinha","2025-10-29 06:13:49",912590.000,24,aikyatansinha
354,14348792,"Jack Junkai Lin","2025-10-30 12:50:21",912590.000,2,jamesjklin
355,14237657,mameotosi,"2025-10-23 15:16:11",912573.000,2,mameotosi
356,14550161,Shinyspring,"2025-10-29 09:12:08",912513.000,45,kwangchoonkim
357,14553463,"Sarvar Akhmedjonovich","2025-10-25 04:35:51",912500.000,15,sarvarakhmedjonovich
358,14517768,9srp6,"2025-10-25 10:42:32",912498.000,1,srpanda96
359,14447758,"Ashen One","2025-10-25 07:14:17",912494.000,11,zhanghanucas
360,14563258,JezzLin,"2025-10-25 08:05:00",912494.000,6,jezzlin
361,14574997,MarineYY,"2025-10-25 08:23:28",912494.000,1,marineyy
362,14279691,AnthonyTherrien,"2025-10-25 10:20:35",912494.000,18,anthonytherrien
363,14581381,Ash,"2025-10-25 10:47:20",912494.000,2,mallajayanthvinay
364,14545086,"Seif Eddine Achour","2025-10-25 13:31:03",912494.000,2,seifachour12
365,14537226,"Hiromasa Oshida","2025-10-28 16:17:30",912494.000,4,hiromasaoshida
366,14379698,"PARAG VIJAY PAWAR","2025-10-25 18:39:29",912494.000,7,paragpawar2008
367,14551180,KirillKlem,"2025-10-25 17:38:08",912494.000,4,kirillklem
368,14401233,"Sarthak Verma","2025-10-30 15:31:12",912494.000,25,sarthak162
369,14199875,"Ángel Jacinto Sánchez Ruiz","2025-10-25 20:33:30",912494.000,5,sacuscreed
370,14547412,任文潮,"2025-10-29 07:14:31",912494.000,9,wenchaoren
371,14543203,"Aleph Beth","2025-10-26 02:33:07",912494.000,11,lgregory
372,14561604,"Swaroop Piduguralla","2025-10-26 04:19:22",912494.000,3,swarooppiduguralla
373,14485158,"book'n jean","2025-10-26 05:39:33",912494.000,2,booknjean
374,14417360,Nikyyy,"2025-10-26 10:28:14",912494.000,3,nikyyy
375,14205168,"GAURAV PARKHEDKAR","2025-10-26 13:41:39",912494.000,3,gauravparkhedkar
376,14216599,"jorge fabian avila","2025-10-30 15:18:13",912494.000,15,jorgefabianavila
377,14199998,"Kumar Abhijeet","2025-10-26 17:25:42",912494.000,35,krabhijeet
378,14205415,"zaid tannouri","2025-10-26 21:50:48",912494.000,9,zaidtannouri
379,14559175,"BELBIN BENO R M","2025-10-27 06:11:40",912494.000,2,belbino
380,14397024,piroyuki,"2025-10-27 12:27:39",912494.000,1,piroyuki
381,14578502,BryanBradfo,"2025-10-27 14:05:16",912494.000,6,bryanbradfo
382,14431651,"Nikunj Bhardwaj","2025-10-30 10:19:29",912494.000,1,valarmorghulis30
383,14559758,zalikaope,"2025-10-27 05:40:27",912493.000,4,krishnakumarbhat
384,14576117,techtech69,"2025-10-25 08:23:21",912492.000,12,techtech69
385,14331354,"Leo #2","2025-10-24 09:49:00",912484.000,13,vc9408
386,14228023,AndNov,"2025-10-24 10:11:17",912484.000,1,andnov
387,14194626,"tensor choko","2025-10-24 10:20:20",912484.000,7,tensorchoko
388,14265327,"Dmitry Kozlov","2025-10-24 10:22:46",912484.000,5,dkozlov
389,14415108,"Trịnh Quang Hưng II","2025-10-24 14:06:25",912484.000,33,"binhvnu,nguyncdngs,nmc27705,trnhquanghngii"
390,14360721,"Ahmed Osman","2025-10-25 06:51:43",912484.000,68,ahmedosmancad
391,14199182,"Bo Peng","2025-10-24 15:56:19",912484.000,2,bopengiowa
392,14217063,SSS,"2025-10-24 20:00:23",912484.000,12,"nikotin55,olegzholobov"
393,14206527,"Mohammad Albaddawi","2025-10-30 16:29:33",912484.000,20,m7mdalbaddawi
394,14197707,"Tech X Hunter","2025-10-24 23:54:16",912484.000,5,deephunting
395,14581347,DirvenCOI,"2025-10-30 08:59:32",912482.000,26,dirvencoi
396,14194700,Gold,"2025-10-26 02:25:46",912477.000,13,jijingdeyi
397,14235370,Jensen_01,"2025-10-24 08:42:35",912471.000,6,jensen01
398,14363399,yigecaiji,"2025-10-24 00:42:13",912471.000,4,yigecaiji
399,14556564,"Shravan Kumar","2025-10-24 03:02:24",912471.000,2,iitanshravan
400,14562093,"JY Oliver","2025-10-24 03:39:38",912471.000,7,"gohzhirong,jyoliver,zehangliu"
401,14512452,"Yurii Z","2025-10-24 11:17:43",912471.000,3,yuriiz
402,14403388,kotemendo,"2025-10-23 06:26:15",912375.000,33,kotemendo
403,14556197,"Kristian Gohi Bi","2025-10-22 21:15:48",912362.000,2,kristiangohibi
404,14580537,kappa,"2025-10-22 22:32:18",912362.000,2,kyosukemorita
405,14581197,DeemoTeemo,"2025-10-23 02:20:47",912362.000,2,deemoteemo
406,14226831,"sunnyinspires dot com","2025-10-23 02:45:39",912362.000,21,"sunnynguyensanjoseca,tommynguyenai"
407,14564985,Buqi_,"2025-10-23 03:05:46",912362.000,1,wjybuqi
408,14398461,Thcanfly,"2025-10-23 06:00:00",912362.000,4,thcanfly
409,14468428,"Tygrysku Yato","2025-10-23 08:19:57",912362.000,1,tygryskuyato
410,14584735,"Chanchal Alam","2025-10-23 09:01:11",912362.000,1,chanchal24
411,14586024,"Qamar math","2025-10-30 18:20:39",912362.000,63,qamarmath
412,14438587,sanhuo11,"2025-10-22 13:56:03",912314.000,5,sanhuo11
413,14199478,"Rafael & Pooja","2025-10-22 14:47:41",912314.000,94,"hashpanda,verma2k00"
414,14295452,"Gobind Singh 82","2025-10-22 15:24:56",912314.000,9,gobindsingh82
415,14247901,Vladislav,"2025-10-24 08:56:26",912314.000,27,vladislavlassa
416,14246832,NATSUHIKO,"2025-10-22 01:03:05",912208.000,8,natsuhiko
417,14389795,HK,"2025-10-22 03:47:40",912208.000,5,hizurukonishi
418,14194904,kakuteki,"2025-10-22 05:55:44",912208.000,5,kakuteki
419,14271833,vecxoz,"2025-10-22 10:25:55",912208.000,1,vecxoz
420,14574297,onigilar,"2025-10-22 03:52:06",912204.000,1,kentorio
421,14371810,"Abid Munna","2025-10-25 03:40:15",912133.000,4,abidmunna
422,14422567,jason,"2025-10-21 15:35:34",912133.000,3,jasonzhang2022
423,14572998,"Νικόλαος Μπόσκος","2025-10-21 20:18:57",912133.000,1,nicknet06
424,14568988,"hwe owe","2025-10-21 13:38:07",912129.000,3,hweowe
425,14340922,k.mas,"2025-10-24 10:15:50",912108.000,2,kgethimas
426,14588155,Bruce,"2025-10-25 06:39:50",912108.000,1,brucec
427,14451122,hanjinjun,"2025-10-27 16:15:17",912108.000,1,hanjinjun
428,14404960,"Stack Dreamer","2025-10-21 03:16:57",912091.000,31,alwdj07
429,14568978,ustcjyz,"2025-10-21 08:01:42",912091.000,1,ustcjyz
430,14574748,srikarpratapsingh,"2025-10-22 06:04:17",912091.000,1,srikarpratapsingh
431,14542666,Korbin,"2025-10-19 15:43:44",912020.000,9,freyzhang
432,14199614,"Mirza Milan Farabi","2025-10-20 20:26:02",912013.000,25,mirzamilanfarabi
433,14223498,Ketalana,"2025-10-26 13:25:13",911999.000,13,shevtsovapolina
434,14566780,Yurina38,"2025-10-22 16:32:43",911998.000,3,yurina38
435,14589116,"Niral myle","2025-10-30 21:36:35",911985.000,34,niralmyle
436,14456090,"Jax Han","2025-10-21 02:35:29",911979.000,3,jaxhan
437,14496436,razernade,"2025-10-20 10:20:08",911897.000,5,razernade
438,14194660,"404 Brain Not Found","2025-10-20 14:41:32",911897.000,37,daosyduyminh
439,14555799,"isa k [dsmlkz]","2025-10-20 05:54:04",911852.000,2,isakev
440,14557347,"Juan Ignacio Rey","2025-10-30 23:42:18",911852.000,28,juanignaciorey
441,14320512,"skip comp","2025-10-29 18:14:23",911838.000,195,"antonoof,tmdofi"
442,14204182,Staratnyte,"2025-10-20 06:20:07",911838.000,1,staratnyte
443,14246210,Matt6283,"2025-10-20 02:11:39",911666.000,10,matt6283
444,14534783,biradar_1913,"2025-10-20 13:32:22",911580.000,8,"biradar1913,hemantgupta313,siddharthvikram1234"
445,14521508,fyoshiha,"2025-10-19 13:35:03",911547.000,1,fyoshiha
446,14423172,"Kyrylo Yemets","2025-10-18 22:22:14",911453.000,3,ruiite
447,14554703,Pokotarorian,"2025-10-18 14:21:41",911439.000,1,massied
448,14197045,"Rola Islait","2025-10-18 17:36:57",911439.000,4,rolaislait
449,14567358,GoldenLLM,"2025-10-21 00:45:27",911439.000,2,gejin2020
450,14553034,ini,"2025-10-19 03:34:12",911431.000,8,inui0702
451,14437381,"Bảo Phúc","2025-10-18 15:27:20",911431.000,2,baophuc1204
452,14260174,sf,"2025-10-18 04:32:36",911321.000,8,shodaifuruya
453,14309965,"Peng Zheng","2025-10-18 07:07:48",911321.000,22,pengzhengcurtis
454,14553788,Sami.codeai,"2025-10-30 09:15:20",911321.000,2,samikshasaithogeti
455,14551756,TeraFlops,"2025-10-17 23:42:00",911296.000,1,sekrier
456,14365560,"Syem Aziz","2025-10-30 07:55:10",911267.000,30,syemaziz
457,14203250,Mimo,"2025-10-17 11:25:40",911053.000,29,architranjan29
458,14197831,chinnum97,"2025-10-17 11:37:13",911053.000,19,"madarshbb,vishalmadhudi"
459,14549756,"Ivan Jacob","2025-10-17 14:38:50",911053.000,1,ivanj0
460,14567003,"Maher Mohsen","2025-10-20 21:55:47",911053.000,1,mezwmohsen
461,14214654,"Ihechilurum Blessed","2025-10-24 07:50:31",911046.000,22,ihechilurumblessed
462,14503437,"Kamran Ahmed","2025-10-17 18:59:50",911038.000,11,kami1976
463,14479635,"Jakup Ymeraj","2025-10-17 08:01:30",910979.000,33,jakupymeraj
464,14547612,"Manan Khanna","2025-10-17 07:45:57",910965.000,2,manankhanna0
465,14195187,CPchenpi,"2025-10-12 02:27:08",910911.002,26,"cpchenpi1,zybo9174"
466,14257247,"Duster Amigos","2025-10-17 05:38:52",910478.000,5,ansh9057265
467,14225032,Code8,"2025-10-30 07:39:14",910211.001,7,benjaminboafo
468,14226071,vinit,"2025-10-25 08:34:09",910145.001,1,vinitkp
469,14213613,apoorvada,"2025-10-30 23:40:36",909679.001,45,apoorvada
470,14487834,vaibhav9849,"2025-10-26 11:23:32",909672.001,5,vaibhav9849
471,14582221,"Prajwal Dongre","2025-10-24 04:43:11",909560.001,2,prajwaldongre
472,14533573,BPHUCKHMT,"2025-10-16 17:44:39",909493.000,7,bphuckhmt
473,14434619,"Sijin Yu","2025-10-21 11:38:57",909493.000,5,"hongyaoyu,sijinyu"
474,14540876,郭奕,"2025-10-16 08:23:09",909467.000,1,weishida
475,14417794,"Djuliansah Alwin","2025-10-16 11:46:11",909467.000,17,dardrich
476,14301162,"Jay Minjae Park","2025-10-16 02:04:20",909372.000,4,minjae
477,14540403,"Blue Light","2025-10-16 06:52:07",909372.000,1,bluelight22
478,14538258,Quigs,"2025-10-15 20:24:44",909371.000,2,natequigley
479,14538462,"hongyi shui","2025-10-15 20:44:06",909371.000,1,shyhandsome
480,14413618,"Yuan Shuaizhuo","2025-10-16 00:22:47",909371.000,5,sutakwon
481,14338744,Hannminn,"2025-10-16 06:21:58",909371.000,1,hannminn
482,14244487,ommo007,"2025-10-15 11:59:44",909255.000,46,ommo0047
483,14496349,"Golf Beginner","2025-10-15 13:44:56",909243.000,3,k0tame
484,14538874,jucious,"2025-10-15 23:48:16",909210.000,1,nepalnishant
485,14538601,"seddik turki","2025-10-15 23:55:53",909210.000,1,seddiktrk
486,14246769,"Gautam Gottipati","2025-10-16 03:20:21",909210.000,1,gautamgottipati
487,14492136,MessiKing,"2025-10-16 03:42:26",909210.000,5,haozhou718
488,14340124,Couhp19,"2025-10-15 02:00:24",909199.000,30,phcnguynbo
489,14289769,"[Deleted] f3728d87-a654-490a-ab18-6b7fcb1c9c96","2025-10-15 04:00:49",909199.000,1,del=f0bd57b4af36f344
490,14518688,Ttkuma,"2025-10-15 10:20:37",909199.000,2,ttkuma
491,14210521,YeonwooSung,"2025-10-15 12:34:41",909199.000,3,neos960518
492,14323437,greedsearch,"2025-10-14 12:15:35",909104.000,1,greedsearch
493,14524684,Vee,"2025-10-14 13:46:51",909104.000,3,watzisname
494,14530542,HeHAO111,"2025-10-14 14:45:58",909104.000,1,hehao111
495,14537441,"Raed Ennab","2025-10-26 20:27:07",909104.000,2,raedennab
496,14528294,andrew.matte,"2025-10-14 06:34:49",908915.000,1,andrewmatte
497,14441076,"Sheyda Asadi","2025-10-14 09:43:04",908915.000,11,sheydaasadii
498,14208848,"Alexander Suzdal","2025-10-30 21:22:39",908486.002,1,alexandersuzdal2
499,14346078,野獸先輩,"2025-10-13 16:26:56",908191.000,13,rayyen216
500,14516842,jang42,"2025-10-12 04:03:03",907974.000,2,jang42
501,14482958,ああ,"2025-10-12 14:43:43",907974.000,5,kiimiisiima
502,14521649,"Mohammed Abdullah","2025-10-13 09:10:51",907974.000,1,curiousmohammed
503,14518831,Songqiping,"2025-10-12 12:37:56",907894.000,1,songqiping
504,14511574,Oliver,"2025-10-11 13:55:54",907421.000,2,wangzn0410
505,14512948,"Lawrence Chernin","2025-10-11 08:31:54",907416.000,2,lawrencechernin
506,14204718,"Kumaran K","2025-10-11 11:08:49",907416.000,5,kumarandatascientist
507,14203953,Niclo,"2025-10-11 03:58:16",907409.000,26,midcarryhz
508,14228378,"Paolo Antonuccio","2025-10-17 19:41:10",907100.001,52,paoloantonuccio
509,14480212,"Cem Birler","2025-10-08 17:48:02",906833.000,5,ozgurcem
510,14505117,"Aarav Ankola","2025-10-09 23:36:06",906784.000,1,aaravankola
511,14508062,sanyul,"2025-10-10 13:57:58",906749.000,5,sanyul
512,14487627,"Thien Nguyen","2025-10-08 22:59:59",906747.000,1,ntthientn
513,14500301,"Taichi Kitajima","2025-10-09 03:49:23",906747.000,2,taichikitajima
514,14277158,ThufailAhamedVJ,"2025-10-09 08:05:00",906747.000,3,thufailahamedvj
515,14495791,"Soe Thandar Lwin","2025-10-08 06:10:46",906741.000,1,soethandar
516,14195495,"Muhammad Qasim Shabbir","2025-10-09 03:42:21",906715.000,112,muhammadqasimshabbir
517,14496883,U.zgkun,"2025-10-08 10:39:59",906708.000,1,asd242538a
518,14284467,"Alex Zverkov","2025-10-07 19:04:23",906100.000,2,alexanderzv
519,14411838,"Free Solo","2025-09-23 20:01:13",905591.000,17,elfsong
520,14486958,Auravana,"2025-10-06 15:46:47",905149.000,4,fountainheadle
521,14292407,"Pushkar Ambastha","2025-10-08 12:23:36",905145.000,3,pushkar007
522,14486183,"Max YUAN","2025-10-06 08:16:10",905132.000,1,yuantianzuo
523,14487514,Ant,"2025-10-06 13:55:44",905132.000,1,anthonytrevino
524,14487625,"YOTA TANIGUCHI","2025-10-06 14:35:55",905132.000,2,obungu
525,14488037,"Labib Shahriar","2025-10-06 15:43:02",905132.000,3,labibshahriar
526,14218370,"Xinlong Zhang","2025-10-06 16:58:37",905132.000,7,zxl2022
527,14489612,Myasui,"2025-10-07 00:36:39",905132.000,1,zaki38
528,14259015,MuonChaser,"2025-10-07 03:51:18",905132.000,2,muonchaser
529,14491495,"Shubham Patel","2025-10-07 12:43:56",905132.000,2,shubham1111
530,14276625,"Luo RuoFei","2025-10-07 14:24:26",905132.000,16,luoruofei
531,14270021,TAMIYA_GE,"2025-10-10 13:35:20",905023.001,21,tamiyage
532,14483539,tkr1205,"2025-10-10 17:00:54",904955.001,4,tkr1205
533,14410823,Pat,"2025-10-04 01:12:40",904518.001,8,junseia
534,14464684,"Reda Chenna","2025-10-30 15:44:04",904515.004,3,redachenna
535,14368500,"Yasser Othman","2025-10-07 19:52:01",904432.000,9,yasserothman
536,14295953,"Omar Khatib","2025-10-02 10:01:23",904378.000,2,omarhkh
537,14263158,"Dalia Mowafy","2025-10-30 19:44:07",904036.000,2,daliamowafy7
538,14321350,LIH.YUN,"2025-10-05 03:00:03",904034.000,16,"flowersbytree,fxlcee,guming886,xieshuai,yyyfznc"
539,14445467,"Jeff Borschowa","2025-10-05 16:00:10",904034.000,11,jeffborschowa
540,14244557,"star #2","2025-10-05 06:33:56",904034.000,4,liangruiqi
541,14483512,"kazuki tejima","2025-10-05 18:04:24",904034.000,2,kazukitejima
542,14243813,"Smart Manoj","2025-10-30 02:59:54",903721.004,3,smartmanoj
543,14306581,John,"2025-10-30 03:40:22",903721.004,2,jxiesd
544,14516157,Zeq,"2025-10-23 15:31:50",903692.000,2,zequanliu
545,14358641,"h yh273279","2025-10-02 11:40:09",903664.000,5,hyh273279
546,14251928,"Yash Marathe","2025-10-02 14:25:57",903664.000,3,maratheyash
547,14417111,xing~xin~xing,"2025-10-02 22:49:53",903664.000,7,xingxinxing
548,14417031,Wasser,"2025-10-03 08:05:49",903664.000,5,yuansimiao
549,14394758,"Srihith Chennareddy","2025-10-03 17:42:01",903664.000,4,"ahanafariq,ahmedwez,srihithchennareddy"
550,14467031,"Henry Michaelson","2025-10-04 23:17:21",903664.000,10,henrymichaelson
551,14277147,"Zirui Yan","2025-10-04 03:17:19",903664.000,5,zincrain
552,14468434,HuyNguyen1902,"2025-10-04 04:09:51",903664.000,2,huynguyen1902
553,14269281,kenhoriu,"2025-10-04 08:26:43",903664.000,1,keta108
554,14225820,"Gabriel Preda","2025-10-04 15:35:15",903664.000,1,gpreda
555,14479200,CodeHacker,"2025-10-04 16:10:53",903664.000,1,junhanzangai
556,14342086,"[Deleted] f61bbd71-bcef-434c-9359-24d3ed16a66b","2025-10-04 23:25:14",903664.000,2,del=0012062f9ec55962
557,14494944,"Ishan Pakuwal","2025-10-08 05:39:44",903664.000,1,ipakuwal
558,14561210,KaitoKusumoto,"2025-10-24 06:55:53",903664.000,1,kaitokusumoto
559,14255829,Neutrinos,"2025-09-22 02:13:13",903491.000,27,"chakriyvs,darshanvipreshsheth,swapnilkannojia"
560,14462128,Raghul,"2025-10-01 03:28:06",902920.000,1,itsraghul
561,14405349,"Pragati Yadav","2025-10-01 03:45:05",902920.000,43,pragatiyadav39
562,14464453,"Firat Gonen","2025-10-01 12:26:20",902920.000,1,frtgnn
563,14469663,nvsrevanth,"2025-10-02 13:49:51",902920.000,1,nvsrevanth
564,14217302,"Deepfield Minds","2025-09-30 11:21:14",902514.000,2,rahuljaisy
565,14441649,pop,"2025-10-01 03:04:40",902514.000,9,yolov5ssd
566,14256069,"Albab Hasan","2025-09-30 15:58:38",902514.000,6,albab12
567,14349321,Slomna,"2025-09-30 16:33:06",902514.000,6,slomna
568,14456140,zhuwenxuan,"2025-10-04 15:50:49",902514.000,4,zhuwenxuan
569,14226466,KoolDrip,"2025-09-30 17:27:41",902514.000,21,kooldrip
570,14461007,CloveXZ,"2025-09-30 20:35:15",902514.000,1,clovexz
571,14453554,JasonEran,"2025-09-30 08:02:22",902512.000,3,jasoneran
572,14522344,INT-GWU-MI,"2025-10-30 22:36:06",902104.005,23,"isabellayeboah,nuttapoljiamruen,tapiwamutodza"
573,14300901,"Ahmad Farooq","2025-10-10 13:26:55",900688.000,8,ahmadfarooq08
574,14203846,"Darshan Makwana","2025-09-28 13:30:20",900594.000,65,ellipticaloranges
575,14458186,"Vladimir Larin","2025-09-30 10:12:51",899591.000,1,vlarine
576,14357624,"Cristiano Calcagno","2025-09-29 16:47:27",899523.000,17,cristianocalcagno
577,14451113,"Sam AZ","2025-09-29 08:08:49",899409.000,1,hesamalizadeh
578,14451642,xTimeCrystal,"2025-09-29 10:27:11",899409.000,2,xtimecrystalalt
579,14354469,"Setec Astronomy","2025-09-19 19:04:56",898079.002,9,deathsend
580,14326172,"Kibrom kidane ","2025-10-01 09:42:10",897834.003,16,kuwrom
581,14267164,TNA,"2025-09-27 14:03:58",897745.000,11,"berlinchen1999,judith007"
582,14280597,"Jonathan Zunxian Siew","2025-09-26 09:38:17",897743.000,7,johnnyrobs19
583,14440455,Lisongze,"2025-09-26 16:41:51",897743.000,2,lisongze
584,14217223,"Dva Cheng","2025-09-28 12:56:22",897743.000,2,dvacheng
585,14442072,"Yoko Inaba","2025-09-27 03:56:16",897734.000,1,yokoinaba
586,14381300,"Wang Zhiyao (王致尧)","2025-09-26 08:01:07",897556.000,2,wzyfromhust
587,14402109,"Alf Erik Berg","2025-10-06 19:41:04",897425.000,1,alferikberg
588,14447470,"Josip Vukušić","2025-10-01 06:49:02",896886.000,8,josipvukui
589,14196381,"Pavel Orlov","2025-09-23 05:08:39",896660.000,56,sapr3s
590,14215248,"Martin Mbalkam","2025-09-24 17:10:11",896015.000,5,martinmbalkam
591,14211765,"Fabian Henning","2025-09-24 18:03:27",896015.000,1,crustacean
592,14430831,"Quang Anh Đặng","2025-09-24 18:05:12",896015.000,1,quanganh27th
593,14421632,"Kush Trivedi","2025-09-24 19:38:35",896015.000,1,kushtrivedi14728
594,14445530,"Roland Luethy","2025-09-27 23:24:47",895201.000,1,rluethy
595,14435238,"Jerry Wang0429","2025-09-28 16:32:04",895201.000,1,jerrywang0429
596,14405823,"Tom W","2025-10-04 19:47:01",895201.000,1,tomwwwww
597,14433100,SUPERadonai,"2025-09-25 07:16:49",895185.000,1,trumpadonai
598,14392123,"Deep Ribadia","2025-09-23 10:39:29",894929.000,6,deepribadia
599,14383145,leventilo,"2025-09-23 17:56:52",894929.000,56,leventilo
600,14203627,thechint,"2025-09-24 05:02:12",894929.000,3,thechint
601,14395749,"Mikhail Kotyushev","2025-09-23 21:45:27",894726.000,4,mkotyushev
602,14289639,"Vibe Coder","2025-09-19 02:27:38",894504.000,2,ctlllll
603,14337118,DeMoN_2202,"2025-10-30 08:54:23",893681.008,1,harshit22020
604,14420780,HineMusk,"2025-09-23 02:26:07",893426.000,2,hinemusk
605,14417622,levihe23,"2025-09-22 13:39:08",893120.000,1,levihe23
606,14418587,AbhilashVJ,"2025-09-22 19:51:41",893120.000,2,abh001
607,14416175,zhouhandsome,"2025-09-22 08:30:45",892852.000,2,zhouhandsome
608,14198808,"Taylor S. Amarel","2025-09-22 12:15:28",892852.000,80,taylorsamarel
609,14212956,kmdkagglecomp,"2025-09-21 20:54:45",892527.000,524,kmdkagglecomp
610,14279606,Yamachan,"2025-10-15 02:07:48",892169.000,15,yamagatafairy96
611,14262497,bobdobbob,"2025-09-12 14:50:03",891402.006,51,bobdobbob
612,14227031,"Ndièye Diop","2025-10-25 12:05:14",890771.000,17,ndiyediop
613,14488699,"Ajay Sawandkar","2025-10-06 20:24:48",887773.000,2,ajaysawandkar
614,14474890,"Naga Venkat Marneni","2025-10-04 22:31:01",887602.000,1,marneninagavenkat
615,14246650,yarntime,"2025-09-22 02:49:54",886841.000,4,yarntime
616,14408998,ParvChavda01,"2025-09-22 08:11:41",886840.000,1,parvchavda01
617,14197304,"Ansh Kushwaha","2025-09-20 17:28:37",886721.000,2,anshkushwaha
618,14228965,"Dhavan Shah","2025-09-20 20:32:57",886721.000,2,dhavanshah99
619,14376723,"never played golf","2025-09-18 23:05:41",885546.000,7,"anokas,joeoconnor"
620,14242138,"Masanori Nakazato","2025-10-25 00:27:17",884973.000,160,nak326
621,14226184,"AMIT GEHLOT","2025-09-24 11:20:53",884694.003,29,amitgehlot
622,14407842,kwa,"2025-09-23 13:34:12",883962.000,3,ikaroskaggle
623,14407717,ygswysk,"2025-09-20 07:01:41",883644.000,2,ygswysk
624,14407236,"Thinh RE","2025-09-20 07:59:03",883644.000,1,thinhhuynh3108
625,14408174,"Uwe Knopf","2025-09-20 09:03:12",883644.000,2,uweknopf
626,14580939,"Machine Minds","2025-10-30 23:56:11",882665.001,48,"ahmeteminyilmaz,allentmaraire,munashekabuya"
627,14472972,Vi,"2025-10-11 09:50:46",880863.000,24,vhdrostami
628,14339643,kgrou0,"2025-09-22 09:15:27",880335.000,5,kgrou0
629,14402502,MohammedSwelem1,"2025-09-19 00:35:01",880211.000,1,mohammedswelem1
630,14382078,"Ilya Turaev","2025-09-21 09:14:06",880048.003,2,ilya2raev
631,14387561,mqxx,"2025-10-29 17:34:28",879149.000,15,"chunlaiwu,qiyii7,sunyxin,zhengwenfeng"
632,14229132,"Benjamin Kovacs","2025-09-22 07:00:00",878031.007,1,benjaminkovacs
633,14345878,"Nelson Daniel","2025-09-22 05:01:02",874977.000,7,mkdirsrc
634,14415353,"Alexander R Luz","2025-09-23 03:08:25",872735.000,3,alexanderrluz
635,14379782,"Ayushi Bhandari","2025-10-30 23:21:58",870339.002,46,ayushibhandari26
636,14226049,Golfer_ck,"2025-10-27 21:10:14",867614.000,3,ckskaggle
637,14216791,mynameisjeff,"2025-08-20 10:25:12",866740.003,32,"hieulee,minhtungnguyen8021"
638,14268218,CorneliusRising,"2025-09-18 12:26:16",866185.019,107,corneliusrising
639,14348353,"Anoop Sabir","2025-10-28 06:01:15",858170.000,2,anoopsabir
640,14264223,Kendamarron,"2025-09-08 22:10:49",854760.001,29,kazuhirokuriyama
641,14288882,"danielle Ange","2025-10-17 22:49:14",853438.000,14,danielleange
642,14473265,"Lichang Liang","2025-10-27 12:13:42",852341.000,20,lichangliang535
643,14375478,Satoshi_SsSs,"2025-09-30 16:17:13",852237.009,65,satoshissss
644,14518839,LEEGIY,"2025-10-14 16:18:20",852153.000,4,leegiy
645,14527156,naoya,"2025-10-14 23:35:04",851425.000,2,naoyay
646,14461682,"Neel Djofang","2025-10-01 00:47:27",848968.000,1,neeldjofang
647,14225880,elmafia,"2025-10-30 22:22:39",840624.000,351,tumbarell
648,14206208,Sup-a-solv-a,"2025-08-18 02:58:43",840186.019,30,sethmoudry
649,14247079,CQUPT_CZL,"2025-09-30 08:00:51",837796.000,3,cquptczl
650,14411243,TiHAOCHAN,"2025-09-24 02:41:52",829713.000,2,tihaochan
651,14378782,"Mikołaj Sacha","2025-09-15 12:47:58",826453.035,6,mikolajsacha
652,14254400,"Marco Casparriello","2025-09-06 15:23:13",826148.002,51,marcocasparriello
653,14213381,CucaSF,"2025-08-23 17:58:40",823527.033,23,cucasf
654,14247475,ryuusukekun,"2025-10-13 12:47:35",822995.013,6,ryuusukekun
655,14455760,"David V","2025-10-16 04:26:53",820496.000,15,davidrv000
656,14397173,"Scenery SunFireInk","2025-09-18 01:38:12",820002.039,1,scenerysunfireink
657,14208861,"[Deleted] ab315f53-6ee4-4f32-85e8-c3f241ab2392","2025-09-16 01:12:43",819265.002,3,del=43999be63defacd2
658,14199697,pushkin05,"2025-09-16 19:35:35",819265.002,3,pushkin05
659,14372360,"Siddharth Kaushik","2025-09-19 10:53:52",819265.002,7,siddharth776
660,14352957,"Arshad Shemil k","2025-09-15 17:37:12",819255.002,1,arshadshemilk
661,14388889,dnipro,"2025-09-16 16:41:45",819255.002,1,onedash
662,14389551,"Garima Singla44345","2025-09-16 19:44:05",819255.002,1,garimasingla44345
663,14297676,"S .Iwata","2025-09-14 15:27:33",819231.003,9,"hikarufukui,shunsukeiwata2128668"
664,14380704,SherlockAllanChen,"2025-09-15 11:38:32",819231.002,2,allanchen2024
665,14361039,"Dhana Abhiraj","2025-09-15 02:32:52",819231.002,3,dhanaabhiraj
666,14383948,"Ananya Kaushal","2025-09-15 17:10:54",819231.002,1,ananyakaushal
667,14475604,"Karl #2","2025-10-04 10:10:08",819231.002,4,karl0215
668,14342437,hdv250202,"2025-10-04 13:47:23",819231.002,1,hdv250202
669,14497182,"Akriti Singh @08 ","2025-10-08 11:38:34",819231.002,1,akritisingh08
670,14226870,"Roy Lampe","2025-10-06 12:45:50",818520.000,22,roylampe
671,14230084,uoscar,"2025-10-25 19:37:39",815619.000,6,uoscar
672,14376703,Jaso1024,"2025-09-13 22:07:15",815241.003,2,jaso1024
673,14196040,"David List","2025-09-13 06:54:45",799972.006,57,davidlist
674,14573047,"Troy Fields","2025-10-30 21:05:04",798830.000,7,troyjfields
675,14230520,goosehaaan,"2025-08-16 17:53:22",793480.005,7,goosehaaan
676,14228616,"Tomasz Piwowarczyk","2025-09-14 11:00:34",793345.000,52,tomaszpiwowarczyk
677,14216919,BlueSky_sora,"2025-10-27 15:01:17",791599.006,1,blueskysora
678,14342453,"AYUSH KUMAR(Alpfha)","2025-10-01 12:54:51",787399.003,5,"ayush225,ayushkumaralpfha"
679,14306596,"Idea Stormers","2025-10-17 10:20:39",780977.017,34,"pamodadilranga,vihindikotalawala"
680,14514487,CAB314,"2025-10-11 15:58:28",779164.000,2,cabbageburger
681,14373109,"zy (brealid)","2025-09-12 16:46:48",771438.000,1,zybrealid
682,14293261,"Amon Kizawa","2025-09-09 03:53:49",762421.017,20,amonkizawa
683,14318215,ll,"2025-09-24 22:24:56",762082.007,14,sergeevii123
684,14372193,"Lei Ming","2025-09-12 12:53:40",752514.003,2,reigns10086
685,14398173,"Alex D","2025-10-14 08:54:26",746663.000,7,alexdunegan
686,14233476,"Ilmari Vahteristo","2025-08-09 13:14:01",743982.003,3,ilmarivahteristo
687,14361646,"Gleb Anferov","2025-09-09 22:47:02",739405.018,2,hitman47
688,14351601,Tia_0311,"2025-09-08 22:28:12",737616.018,2,owo123456
689,14229564,"Byte Me","2025-09-06 19:38:10",737616.018,12,"gauravnandan881,rynemac"
690,14357902,"ge yk h_h","2025-09-09 03:51:44",737616.018,1,geykhh
691,14369172,weiwei.pan,"2025-09-11 14:34:47",737616.018,2,panweiw
692,14580128,moat,"2025-10-22 20:57:29",737616.018,1,itigo10303
693,14233405,"angelee morquin","2025-09-05 21:54:05",737616.018,38,angeleemorquin
694,14327720,"Yi-Chia Chen","2025-09-08 04:52:14",737616.018,2,threerabbits
695,14353157,"The Pwo","2025-09-08 16:38:37",737616.018,4,thepwo
696,14340732,成吉思汗,"2025-09-11 10:20:48",737616.018,1,jddhhdh
697,14370686,snoozingnewt,"2025-09-12 02:12:43",737616.018,3,snoozingnewt
698,14363119,阳光开朗大男孩,"2025-09-12 06:21:51",737616.018,1,wqx20000115
699,14353507,WanHin,"2025-09-13 07:13:23",737616.018,3,wanhin
700,14340927,shoji,"2025-09-05 14:31:41",737616.018,1,shoiwa
701,14339233,"Carter Tran","2025-09-05 17:02:22",737616.018,1,cartertran
702,14343435,"Rive Chen","2025-09-06 11:48:04",737616.018,1,rivechen
703,14365962,"Nu Hoang","2025-09-10 20:08:14",737616.018,1,thinnhong
704,14236860,"the monARChs","2025-09-01 18:07:47",737491.016,7,"levinms,niceguy0104,tanetisanjay,theperiperi"
705,14335425,"Oussama Abdaoui","2025-09-04 07:18:49",737201.018,1,oussamaabdaoui
706,14198881,"Fedor Grigorev","2025-09-04 18:27:22",737201.018,7,fedorgrigorev
707,14327325,xcape74,"2025-09-02 09:04:41",735367.019,1,xcape74
708,14279056,Leisurely123,"2025-09-02 11:19:41",735367.019,11,leisurely123
709,14297942,"Zie Chan","2025-09-02 15:19:33",735367.019,3,ziechan
710,14195919,"GolFRs ⛳️🇫🇷","2025-10-20 15:07:59",732102.001,16,"cupoftea,gaubian,mathishammel,pierretestart,redelghazi"
711,14265017,"Zihe Wang","2025-09-01 16:51:53",730928.016,41,zihewang123456
712,14511339,"Hongli Jiao","2025-10-23 07:14:33",730515.021,60,jackyjiao
713,14194621,Aphrodite,"2025-10-15 01:02:34",730515.021,15,aphrodite874
714,14511334,"Hongfei Jiao","2025-10-22 23:26:05",730515.021,24,hongfeijiao
715,14322234,"Toan Doan","2025-09-01 13:35:57",728769.017,2,tononnh
716,14231168,NQQ,"2025-10-14 03:43:23",726578.075,37,"khngqungb22dccn654,nvquang2k3,pearpn25"
717,14403274,"Fidencio Monroy","2025-10-21 07:45:34",724632.004,4,fmonroy
718,14238771,Doctor,"2025-09-04 22:00:34",721286.020,25,vuk1998
719,14246686,"Roy Lo TW","2025-09-08 09:49:20",719220.020,3,"liuyingyen,roylotw,tunkaiyang"
720,14319928,sim1n9,"2025-08-31 07:32:40",710938.016,1,sim1n9
721,14425470,BLVD,"2025-09-27 10:18:18",708159.000,6,"deraralnakeb,martincolot"
722,14517492,"MOHAMMADJAFAR ZAMANI","2025-10-30 03:33:52",707030.000,323,mohammadjafarzamani
723,14240745,"Jinsu Son","2025-10-13 07:18:40",704931.063,103,jinsuson
724,14292571,"Muhammed Ömer ERKOÇ","2025-08-30 15:33:20",697703.013,3,momerer
725,14196250,"Power of a Tourney","2025-10-30 17:41:29",687213.035,51,christoferohlsson
726,14209526,DePie,"2025-08-28 02:36:06",684908.011,65,phucthaiv02
727,14207428,George.Z,"2025-08-28 07:43:22",677728.013,1,persistz
728,14311559,"Kartik Garg","2025-08-28 10:40:56",677725.013,1,bigochampion
729,14314582,"Saif Ali77","2025-08-29 16:16:55",677725.013,1,saifali77
730,14235569,airomance,"2025-08-29 13:53:13",677090.013,16,airomance
731,14249650,"Anthony Chiu","2025-08-16 08:33:46",676646.013,9,kingychiu
732,14269071,guanjingwang,"2025-08-27 08:07:53",675424.013,2,guanjingwang
733,14309417,"Vladislav Averett","2025-08-27 17:41:26",675424.013,1,lenferdetroud
734,14229863,Federico,"2025-08-24 16:09:16",672736.006,18,federicozb
735,14305821,lkevincc,"2025-08-27 04:58:00",664798.010,3,jjsdfd22
736,14236583,TheDarkHole,"2025-08-26 20:47:27",663741.010,5,deepblack
737,14194856,"Tetsuro Tsuda","2025-08-15 17:39:12",653494.113,61,katsuyanomura
738,14295879,"Radu Ghenea","2025-08-24 19:56:20",649667.013,2,radughenea
739,14288409,"Chu-Hsuan Abraham Lin","2025-09-06 15:56:36",649653.119,5,chuhsuanabrahamlin
740,14287074,"Trial and Success","2025-08-28 21:45:10",649653.014,3,"celiksemih,emrahyigit"
741,14292938,"Alberto MV","2025-08-23 20:17:46",649653.013,1,albertomv
742,14257719,r-4981,"2025-08-21 15:42:11",649653.013,2,arusyukuhai
743,14283789,Holsoul,"2025-08-22 07:31:20",649653.013,4,holsoul
744,14344865,"Ahmed Karim","2025-09-06 16:01:44",649653.013,6,versusic
745,14376428,"Kazi Aishikuzzaman","2025-09-13 19:02:51",649653.013,1,kaziaishikuzzaman
746,14285803,TuMinhDang,"2025-08-21 13:00:31",649653.013,1,darkswordmg
747,14279962,BogdanNet,"2025-08-22 11:43:27",649653.013,2,bogdanturbal
748,14291799,.,"2025-08-23 14:48:35",649653.013,1,robertjoo
749,14293380,"Billy Toth","2025-08-24 00:53:13",649653.013,1,willtoth
750,14250404,"Dimas Pasha Akrilian","2025-08-24 07:13:07",649653.013,51,dimaspashaakrilian
751,14351151,JamesLearnsToCode,"2025-09-10 08:30:01",649653.013,8,james8lo
752,14230911,"Faruk Beygo","2025-08-21 13:51:20",649653.013,4,"farukece,sindhujatiwari"
753,14243598,"dragon zhang","2025-08-23 13:20:13",649653.013,3,dragonzhang
754,14216589,"SUJIB BARMAN","2025-09-01 23:38:44",649653.013,2,cardata
755,14285389,Alok,"2025-08-23 19:43:38",649653.013,5,alokevil
756,14279032,DECEM,"2025-08-22 10:06:53",649564.013,3,zy1343930734
757,14196356,sb3,"2025-08-21 08:07:09",648793.002,20,tkc6022
758,14284216,Kenj,"2025-08-21 14:32:52",647417.120,4,kiritoooooooo
759,14292491,"Dry Sponge","2025-08-24 21:10:55",645195.121,6,drysponge
760,14225501,"Sefineh Tesfa","2025-09-12 08:28:38",643719.000,82,sefinehtesfa
761,14212705,"Panagiotis Toloudis","2025-08-22 09:25:46",642486.016,2,panagiotistoloudis
762,14245878,cm391,"2025-08-15 19:00:43",641971.010,17,mccocoful
763,14251743,"Wonjin Nam","2025-09-03 04:35:03",640393.013,1,wonjinnam1201
764,14194918,Liah,"2025-08-19 06:14:35",640225.123,83,bibanh
765,14212370,curiosity,"2025-08-19 20:00:07",640225.014,3,chmffwn1
766,14297416,rara-kiyo,"2025-08-25 07:48:20",634602.125,1,rarakiyo
767,14280740,Guehak,"2025-08-20 14:58:22",633236.016,2,hakimguedjou
768,14330289,__,"2025-09-03 00:37:27",622953.131,1,higenkoku
769,14228553,"Kevin Zhu","2025-08-23 18:27:12",617866.133,4,zhukv98
770,14294061,jade290395,"2025-08-24 07:23:20",611453.136,1,jade290395
771,14208884,Gui,"2025-08-20 09:19:12",611386.136,6,asdasdsadsa
772,14226789,"Praneeth Palugula","2025-08-21 05:11:51",611386.136,14,praneethpalugula
773,14264367,lucvan68,"2025-08-19 10:00:25",611386.136,4,lucvan68
774,14257278,Afordancja,"2025-09-10 19:52:26",610357.002,16,afordancja
775,14243103,XiaopKE,"2025-09-03 05:23:51",607348.133,7,xiaopke
776,14211506,"Maksym Manko","2025-08-17 13:57:25",607005.136,10,maxmanko
777,14194459,edsrzf,"2025-08-14 09:26:07",605121.002,189,edsrzf
778,14205836,"jialiang qiu","2025-08-20 02:25:38",601544.140,8,jialiangqiu
779,14266680,"CHEN Xiang","2025-08-17 08:30:51",601544.140,1,intoxicatinglips
780,14276245,"Krzysztof Tomala","2025-08-19 13:59:48",601544.140,1,krzysztoftomala
781,14343794,aronml,"2025-09-06 07:36:00",601544.140,1,aronml
782,14225658,Prabhpreet_Singh5,"2025-08-16 19:15:29",601544.140,6,prabhpreetsingh5
783,14314861,"Meiqi Zhang0330","2025-08-29 11:39:48",601433.004,2,meiqizhang0330
784,14202944,ianchute,"2025-09-01 00:20:29",600879.135,1,ianchute
785,14258203,Hydrazer,"2025-08-16 07:32:59",599498.002,32,hydrazer
786,14209123,"Shiva Kintali","2025-08-18 21:56:18",599490.004,6,shivakintali
787,14265760,MIQ,"2025-08-17 00:01:27",597225.004,1,ibrahimqasimi
788,14195294,yshinok,"2025-08-19 09:43:01",595105.142,24,yukishinohara0114
789,14197372,"Devin Anzelmo","2025-08-10 20:21:49",592890.080,8,devinanzelmo
790,14226447,"Joyful Dolphins","2025-10-28 22:53:24",590882.142,1,dmytrobog
791,14197493,"Quan Nguyen","2025-08-15 07:49:16",589184.142,174,quannguyn12
792,14263430,Anji_2705,"2025-08-16 09:13:32",589030.142,4,anji2705
793,14238721,"The Overfitters","2025-08-15 18:58:04",584561.142,18,"ashishbisht5995,bhuvneshsahu,vishalmaurya0906"
794,14233220,arcmax,"2025-08-14 13:33:25",577119.003,18,abdurrezak
795,14223526,Eashwar_1234,"2025-09-04 21:39:43",575349.136,13,eashwar1234
796,14217194,DeadKey,"2025-08-11 19:23:45",569481.003,2,dettki
797,14251637,"Serhii Kharchuk","2025-08-13 04:51:52",568724.004,4,serhiikharchuk
798,14253379,liying0620,"2025-08-13 12:47:32",568724.004,1,liying0620
799,14211982,"Marc Poirier","2025-08-12 08:43:09",566354.003,1,marcpoirier
800,14195588,LWOLWO,"2025-08-12 19:45:03",563309.150,19,lwolwo
801,14244664,strombom,"2025-08-11 15:21:21",560657.003,1,strombom
802,14195136,"Youssef Ouertani","2025-09-09 20:09:41",557664.002,72,"ezzeddineouertani,youssefouertani"
803,14227411,"Bod Golf","2025-10-01 12:55:09",557134.031,8,borisdjagou
804,14223286,"Funmatu Funmatu","2025-08-10 23:27:35",547005.159,1,funmatufunmatu
805,14223479,"Jagrat Patel","2025-08-08 02:44:53",544212.001,16,jagratblenderrender
806,14300429,wkdrbwnd1,"2025-08-25 23:17:57",540598.061,2,wkdrbwnd1
807,14290765,kenzout,"2025-09-02 19:13:13",499928.184,12,kenzout
808,14238870,"Max Strome","2025-08-09 22:23:05",496702.183,1,mstrome
809,14248786,"Suhrid Abrar","2025-10-26 02:58:30",491255.041,14,"ahsantariq099,nafis8284,suhridabrar,tioluwanienoch"
810,14241939,SGSS,"2025-09-12 15:29:56",490428.000,10,"matteozappia,paolopellizzoni,simonemoretti"
811,14289193,"Mikael Törni","2025-08-23 21:56:28",490367.003,3,mikaeltorni
812,14212353,"Ketan Suhaas","2025-08-24 14:01:46",490366.186,2,qondojanfaf
813,14223522,"Dmytro Fedoriaka","2025-08-09 03:57:41",490366.186,32,fedimser
814,14329987,"Ray Ashby","2025-09-06 21:15:27",487970.002,3,rayashby
815,14199466,A.K.NITHIN,"2025-10-10 20:56:58",487884.003,3,"aknithin,kishorer24"
816,14213671,"Jeremy Sequeira","2025-08-09 22:26:55",477106.004,23,jeremysequeira
817,14202445,Light,"2025-08-07 19:48:42",442834.210,25,lightmk
818,14210446,Hestu,"2025-08-22 01:03:29",441138.213,29,myeongkyuncho
819,14360025,Philfarbig,"2025-10-16 13:02:44",436547.000,234,philfarbig
820,14194530,duckyluuk,"2025-08-28 07:54:09",431823.001,34,duckyluuk
821,14236504,Skyens_,"2025-08-09 08:44:33",431074.214,1,slyens
822,14235510,"Carlos Henrique C. Matos","2025-08-10 12:52:15",431074.214,2,carlosmatos97
823,14210935,"Mohamed Hethat","2025-08-21 23:42:24",429557.003,5,mohamedhethat
824,14199042,"Oleg X","2025-08-07 19:38:31",429068.215,13,allegich
825,14226867,"Far & Away","2025-08-07 23:05:49",426812.216,17,nina2025
826,14200008,drdbdr,"2025-08-12 16:11:32",425766.002,27,drdbdr
827,14364056,YuyaSuzuki,"2025-09-16 04:47:22",418062.216,12,yututapp
828,14208611,"Ahmet Kacmaz","2025-08-09 16:41:35",415468.221,62,ahmetkacmaz
829,14225889,"Evgeniy Molozhenko","2025-08-07 11:01:00",409351.224,1,molozhenko
830,14224830,DRLiyy,"2025-08-07 05:36:47",400019.228,3,drliyy
831,14225757,"Slawek Biel","2025-08-07 08:15:30",398089.227,1,slawekbiel
832,14326613,"Neil Patel","2025-09-10 03:11:26",395272.004,23,neil564
833,14217462,Bulmenisaurus,"2025-08-21 06:40:02",393322.000,79,bulmenisaurus
834,14225158,"Ycn Liu","2025-08-07 06:04:59",392080.227,1,ycnliu
835,14226267,PlayInDarkness,"2025-08-07 09:54:04",392080.227,3,mfarfora
836,14302096,ellie_2811,"2025-08-26 09:04:06",382422.238,2,ellie2811
837,14248600,"Yihan Zhao","2025-08-26 14:08:28",375165.000,39,yihanzhao99
838,14418572,"Erum Saba","2025-10-28 15:57:33",360373.145,9,erumsaba
839,14234085,"Nimish Purohit","2025-08-19 15:04:18",349947.249,3,nimishpurohit4
840,14223551,"Millie Wu","2025-08-07 00:18:35",328844.258,1,milliewu1
841,14223848,"Sebastián Portela","2025-08-07 01:05:28",324245.260,2,sebastinportela
842,14205560,Liao,"2025-08-05 04:25:49",322855.114,3,alexanderliao
843,14475134,jhchun,"2025-10-06 09:42:07",317432.032,2,roha2i
844,14207633,DeepChonky,"2025-08-09 03:49:43",300261.003,47,edward3
845,14517377,"LV Meimei is me","2025-10-29 09:18:21",299658.033,7,lvmeimeiisme
846,14221231,$3ab1rd5h0r3,"2025-08-07 15:41:12",284650.278,1,siboxiao
847,14220786,Pavel,"2025-08-06 11:30:30",284650.278,1,no1gr8r
848,14215706,"Tino Chan","2025-08-06 15:25:39",284643.278,3,tinochan
849,14205008,"Animesh Kumar","2025-08-05 19:21:15",272670.283,8,animeshkumar187
850,14217773,Kan,"2025-08-19 13:50:45",272654.283,1,teppeisakai
851,14218934,"Denny Loevlie","2025-08-06 03:52:36",268341.285,1,dennyloevlie
852,14216407,curv5s,"2025-08-05 13:48:11",260859.288,1,curv5s
853,14424245,"Mikhail Yutman","2025-10-04 08:36:51",258937.000,8,myutman
854,14206162,Savy,"2025-08-05 00:57:56",255040.288,21,savchenko
855,14213997,jdcl945,"2025-08-07 23:58:24",251134.005,8,jdcl945
856,14210112,"Limalka Sadith","2025-08-07 01:24:09",250940.291,2,limalkasadith
857,14228271,blurrylogic,"2025-08-07 16:47:03",249670.004,1,jainam213
858,14213455,"Hira Norm","2025-08-04 23:11:34",247744.005,1,hiranorm
859,14214396,vividmind,"2025-08-05 05:55:20",246644.293,1,frozenorb
860,14219735,"Imaad Mahmood","2025-08-06 07:33:43",246644.293,1,imaadmahmood
861,14208092,AnpAn_Men,"2025-08-04 11:51:49",241209.005,3,anpanmen
862,14202652,"Junhyeong Park","2025-08-04 12:19:30",241198.295,2,junhyeongpark96
863,14209241,"Ethan Gao","2025-08-08 01:06:08",241094.005,2,ethangaozy
864,14292286,MarkV,"2025-09-08 13:50:36",234499.001,14,markvoi
865,14218349,karesz,"2025-10-27 17:32:02",230557.000,6,karesz0
866,14350675,not_today,"2025-09-19 06:37:19",193610.000,23,"aswinkumar1999,hemanthramgk,illestgansta,kaousheikjayakumar,maheshramesh1"
867,14208159,Telegolf,"2025-08-15 17:13:05",177395.001,15,"antoninperonnet,nathanroos"
868,14560739,singharjun2020,"2025-10-30 21:46:32",160565.290,3,singharjun2020
869,14441534,KhoooooshiAsmi,"2025-10-07 05:13:46",158340.000,8,khoooooshiasmi
870,14196051,"Kasper Kivimäki","2025-08-03 18:55:41",157238.001,11,kasperkivimaki
871,14329775,"Alex Schiaucu","2025-10-30 13:04:21",148195.326,20,alexsch86
872,14208765,Aderfish,"2025-08-09 11:36:45",144413.120,6,aderfish
873,14347146,"Tiny Gamma","2025-09-14 07:12:26",140495.119,5,tinygamma
874,14259056,T_T,"2025-08-21 05:25:07",130417.000,18,"eliothall,krtk0c,mhwen1,theonolaivar"
875,14245485,wanderer,"2025-09-09 18:13:55",117580.000,12,davidonyeali
876,14225085,"Stanislav Obrazcoff","2025-08-14 16:41:13",116621.007,19,stanislavobrazcoff
877,14205669,Ezra,"2025-08-03 14:41:13",115529.351,5,ezberch
878,14207936,"DongGeon Han","2025-08-03 14:41:02",115188.351,1,donggeonhan
879,14202563,kebishpius1,"2025-08-03 00:05:20",112419.352,11,kebishpius1
880,14567468,"Variation Scorpio","2025-10-21 23:13:47",110329.019,8,todd841026
881,14197177,"Hıdır Demir","2025-09-15 18:02:19",102848.354,15,hdrdmr
882,14297504,begv,"2025-09-01 21:07:32",101310.000,57,begv0212
883,14196383,Andrij,"2025-08-02 18:22:20",100743.357,2,aikhmelnytskyy
884,14459989,uef-neurIPS-2025,"2025-10-28 20:11:03",97262.000,1,joshualukak
885,14438387,"Yitzchak Damen","2025-10-04 20:40:50",93810.004,16,yitzchakdamen
886,14203848,"Razvan-Mihai Hanghicel","2025-08-02 18:01:05",91906.361,6,razvanmihaihanghicel
887,14218435,huzhang,"2025-08-27 08:58:33",91773.000,1,huzhang123
888,14341388,"Derek Li","2025-09-10 03:15:35",87030.000,16,derekli20
889,14203458,Lonnie,"2025-08-02 11:09:01",85150.364,2,lonnieqin
890,14203422,zz,"2025-08-02 07:28:40",83160.364,1,evilpegasus
891,14488999,"Pravan Gorthy","2025-10-07 01:34:12",79931.000,9,pravangorthy
892,14263437,"Chitranjan Singh","2025-08-26 23:06:47",77338.365,3,chitranjansingh
893,14230150,"Nihal Jain","2025-08-08 21:11:56",76727.366,3,eulerian
894,14213711,hyacinth-lastname,"2025-08-05 10:45:35",74716.000,7,hyacinthlastname
895,14202877,Shin7jp,"2025-08-02 03:56:52",73434.368,1,shin7jp
896,14581890,"Mrityunjai Rathore","2025-10-25 04:18:27",73260.368,2,mrityunjairathore
897,14200023,"Baseline Junkie","2025-09-20 17:51:56",71422.369,4,dolphininacoma
898,14195219,"[Deleted] 619b2f69-65b1-4832-a20e-a5be1f1ccf20","2025-08-01 17:38:48",71422.369,1,del=733c8fe13b72a400
899,14225217,"Akila Lourdes","2025-08-28 17:47:50",71367.366,2,"akilalourdes,akilanmannivannan"
900,14281321,Fernandosr85,"2025-09-21 23:20:02",70315.369,9,fernandosr85
901,14364696,"Joanna C.","2025-10-05 02:27:00",69215.369,55,joannaciesielski
902,14215343,Garv88,"2025-08-19 04:25:55",66843.370,3,garv88
903,14269608,"Kuntal Maity","2025-08-19 10:37:47",66843.370,5,kuntalmaity
904,14343199,"Priyanshu Sharma","2025-09-06 05:07:47",66843.370,1,priyanshujiiii
905,14261659,tententgc,"2025-08-29 19:51:33",66843.370,1,tententgc
906,14199412,"Samrat Ghorui","2025-08-01 16:04:41",64843.372,1,samratghorui003
907,14476209,"Ali Zahrani","2025-10-04 12:12:45",61189.373,14,alizahrani
908,14370148,shanaka95,"2025-09-13 13:14:45",59499.374,7,shanaka95
909,14361134,MapLoc,"2025-09-13 00:32:23",59494.000,10,"davidemmerichs,ordinarydev83,ptrbaur,robinloujun,yinglaiyang"
910,14202578,KenO14146,"2025-08-16 06:58:00",59366.359,1,keno14146
911,14224335,"Happy Gilmore","2025-08-11 19:28:16",58750.000,14,kshitijmakwana
912,14226940,"Jayaprakash Kallega","2025-08-29 20:51:27",58514.013,13,jayaprakashkallega
913,14230627,UchihaMadara,"2025-08-15 10:33:56",58035.375,3,tarun9897298587
914,14321687,"Gerald Programmer","2025-09-06 09:30:59",57869.013,2,geraldwambui
915,14549164,"Güliz Konca","2025-10-30 20:13:00",57775.375,16,glizkonca
916,14234355,PRJ,"2025-08-23 18:12:57",56878.000,34,paulajimenez
917,14216571,Axone,"2025-08-07 13:27:31",55868.002,1,nomisslazac
918,14195545,"Jeroen Cottaar","2025-08-06 17:38:10",55448.001,12,jeroencottaar
919,14223259,conorwalsh16,"2025-09-09 12:59:25",55436.001,12,conorwalsh16
920,14225935,"Ashutosh Kumar","2025-09-05 20:32:58",53735.005,3,ashutoshkumar432
921,14589225,"aroneatty pro","2025-10-24 23:32:51",53181.375,13,aroneattypro
922,14378672,Chen_zj,"2025-10-03 14:37:23",51796.000,17,lossweight
923,14205884,PizzaPeep,"2025-10-30 01:03:13",50685.000,12,pizzapeep
924,14194897,MichaelSmith,"2025-08-14 03:26:23",49756.376,8,thiscuriousquest
925,14232157,Jo,"2025-09-23 19:02:25",49391.001,44,jbrans
926,14460045,"Gaurav jangra23424rte","2025-10-17 12:58:39",48198.026,50,gauravjangra23424rte
927,14342529,"shafai syed","2025-09-14 02:23:08",43979.380,17,shafaisyed
928,14356317,-Jiří-,"2025-09-09 12:25:06",43863.000,5,vymetal
929,14556966,"roberto ulises quiroz","2025-10-28 13:09:43",43845.381,10,robertoulisesquiroz
930,14199992,"Ivan Tretyakov 叶仁安","2025-08-01 18:50:55",43607.381,1,hopeofchange
931,14227014,"Jayakara Kini","2025-09-25 05:48:14",43523.000,2,jayakarakini
932,14194797,fusionfool,"2025-08-15 07:05:34",42854.000,17,soumoo
933,14230492,"Nick Golebiewski","2025-09-11 16:41:01",42055.001,12,nickgolebiewski
934,14203946,"Niek Drenth","2025-09-04 18:37:40",38372.005,5,niekdrenth
935,14225119,"Sweety Seelam","2025-10-30 21:38:34",36530.385,10,sweetyseelam
936,14241336,"Kenneth Leung","2025-08-10 18:26:27",36174.385,6,kennethr
937,14429099,"Rodolfo Etore","2025-09-24 20:37:22",34484.386,6,rodolfoetore
938,14198983,cchrisaa,"2025-10-26 03:23:08",34223.385,33,cchrisaa
939,14511249,"Luis Rodrigues","2025-10-26 17:19:04",33954.385,13,lcrodriguesresearch
940,14223209,Demirio,"2025-08-09 13:31:32",33543.001,6,demirio
941,14316203,"Fatma Nur Sakal","2025-08-29 22:21:00",33501.386,5,fatmanursakal
942,14236668,"Quentin TRAN HUU","2025-08-11 22:33:41",33119.000,39,quentintranhuu
943,14276381,"Joshua Wabulo","2025-09-05 17:18:07",30653.387,41,joshuawabulo
944,14196974,"Unnati Gupta","2025-08-01 09:08:28",29259.388,1,unnatigds
945,14220661,Khlaifiabilel,"2025-08-08 16:24:51",29236.388,9,khlaifiabilel
946,14436740,"Ricardo Fierro","2025-09-28 15:56:12",29199.006,17,ricardofierro
947,14515437,"Sagar Verma 2004","2025-10-21 04:14:50",28775.388,1,sagarverma2004
948,14296450,mattsu2020,"2025-08-25 03:53:34",27024.389,11,mattsu2020
949,14224764,"Tarek Mohamed","2025-08-08 06:13:31",27007.389,10,tarekkhallaf
950,14195379,"Yogesh Jadhav","2025-08-01 05:23:14",26938.389,3,dynamo14324
951,14196483,stpete_ishii,"2025-08-15 09:57:46",26935.389,1,stpeteishii
952,14225338,AbsoluteVolatility,"2025-08-14 08:12:12",26839.389,5,absolutevolatility
953,14472647,"Ankh_Mathematician ","2025-10-03 06:34:43",26715.389,1,raiankush
954,14303453,"Aaima Azharuddin Sheikh","2025-08-28 14:13:40",26126.389,26,aaimaazharsheikh
955,14256229,NecroSean38,"2025-08-23 07:41:21",25513.000,17,sean38
956,14321941,NahomAW,"2025-09-06 23:59:13",24634.390,6,nahomaw
957,14274094,九億少女的夢,"2025-08-21 07:27:11",24483.390,3,patrickpan410
958,14526807,mmtmn,"2025-10-14 02:19:11",24429.390,6,thiagommtmn
959,14224377,"Dung Claire Tran","2025-08-07 20:39:59",24241.390,3,dungclairetran
960,14449701,"chris keel","2025-10-30 23:51:00",24187.390,18,chriskeel
961,14270965,"Aarav Gupta","2025-09-03 10:49:53",24156.000,7,"aaravgupta21,swapnilksingh"
962,14304742,lp,"2025-08-27 13:52:28",23409.000,2,lucaspesenti
963,14464553,"Shyam Sathish","2025-10-02 05:59:48",23061.390,3,shyamsathish
964,14231330,carmel26,"2025-08-08 06:46:58",22121.000,1,carmel26
965,14567854,TixMinds,"2025-10-30 12:03:53",21365.091,6,"manojn476,tanmaygt77,vineetkamath46"
966,14338814,"Mitsuhiro Iizuka","2025-09-15 05:08:02",20231.374,30,mitsuhiroiizuka
967,14202296,"Robert Cruse Jr","2025-08-01 22:07:06",19716.392,2,robertcrusejr
968,14243912,"vincent michelangeli","2025-08-11 21:09:25",19562.001,2,vincemichelangeli
969,14308321,Koooooooooooooooo,"2025-09-03 12:37:54",18897.000,2,koooooooooooooooo
970,14231941,"Ihar Bury","2025-10-23 22:26:02",18038.000,1,iharbury
971,14457940,"nathanael rk","2025-10-02 10:46:50",17506.000,1,nathanaelrk
972,14537860,"Shusmit Sarkar","2025-10-15 20:16:53",17237.393,1,shusmitsarkar
973,14588514,"Harsh Rajbhar","2025-10-25 19:45:11",17237.000,1,harshrajbhar
974,14264009,kmedoid,"2025-08-16 12:29:52",17210.393,1,kmedoid
975,14214830,mknzfr,"2025-09-17 14:09:53",16918.000,7,mknzfr
976,14312553,"Ashish Saini","2025-08-30 10:55:44",15990.000,21,sainiash
977,14248245,"Portia Ward","2025-09-02 10:31:22",15980.000,4,portiaward
978,14348415,"Kunal Lal","2025-10-21 17:29:30",15525.387,16,kunallal1
979,14562824,prajak13,"2025-10-22 15:16:46",15419.005,8,prajak13
980,14236485,"jojoiensue silva","2025-08-09 08:41:11",14722.394,1,jojoiensuesilva
981,14241118,ADADU,"2025-08-18 22:39:43",14336.000,4,"asadullo,azimjonn,davlatbekmirakilov,drdilyor,ulugbekabdimanabov"
982,14239595,"Nilidon Pepushaj","2025-08-10 09:35:13",14264.000,12,nilidonpepushaj
983,14483272,"souvik chand","2025-10-24 12:19:02",13896.000,3,souvikchand
984,14233873,"Krishna Yadu","2025-10-07 09:47:35",12317.395,3,krishnayadav456wrsty
985,14199334,"Inzaghi M","2025-08-02 00:21:16",12269.395,1,inzaghim
986,14199387,"Maksim 1 - 0 RL","2025-08-01 19:55:30",11789.000,4,"maksim1744,scanhex"
987,14223775,Riaz,"2025-08-09 14:50:39",11685.000,8,riazjahangir
988,14274881,"Md. Rasel Meya","2025-08-21 03:52:47",11411.000,2,raselmeya
989,14205727,KostasMouratidis,"2025-10-30 19:26:06",10740.000,15,kostasmouratidis
990,14501069,"david vib","2025-10-09 08:23:34",9855.396,6,davidvib
991,14237573,"Lamiaa Mohamed Asem ","2025-10-26 16:25:57",9621.396,2,lamiaamohamedasem
992,14203908,ULS,"2025-08-08 18:11:11",9530.396,14,"prabhanjanprabhu,sriprad"
993,14213458,"Srikar Gouru","2025-08-05 01:23:44",9414.000,5,epicsg99
994,14203088,WoosukKwak,"2025-08-03 07:58:54",9355.396,4,bubbler
995,14224378,ZZZZGOD,"2025-08-28 15:11:21",9324.000,4,zzzzgod
996,14196543,"Milan Peelman","2025-08-01 16:50:31",9054.008,15,milanpeelman
997,14226658,OMETS,"2025-08-08 12:56:14",9048.000,9,ojavee
998,14224214,Zollkron,"2025-08-08 03:50:09",8953.396,3,zollkron
999,14224696,"Pratyush Kumar Jha","2025-08-14 17:10:09",8918.000,5,pratyushkumarjha01
1000,14419937,"Tate Meyer","2025-09-23 00:33:26",8917.000,1,tatemeyer
1001,14194507,alphagolf,"2025-08-01 02:00:42",8720.000,9,maho213
1002,14224824,"David Adams","2025-09-08 23:44:42",8585.000,1,davidadams1
1003,14242217,"Jae-min Cha","2025-08-11 15:06:54",8436.000,6,jaemincha1
1004,14213392,"Mouna El Majdaki","2025-08-27 15:27:31",8089.000,40,mounaelmajdaki
1005,14544382,"Erfan Hormozizadeh","2025-10-16 21:37:59",7991.000,1,erfanhormozizadeh
1006,14258458,riddle,"2025-08-24 07:35:02",7809.000,1,riddle90
1007,14562952,JJChen20220823,"2025-10-30 11:19:24",7106.397,24,jjchen20220823
1008,14443436,"Turhan TAS","2025-10-04 07:18:48",7077.000,5,turhantas
1009,14308754,"Shivank Garg","2025-09-02 11:30:48",6904.397,8,shivankgarg21
1010,14332167,"Koala Coders","2025-09-05 10:56:48",6610.003,14,koalacoders
1011,14209777,"Leo Tom","2025-08-14 05:37:07",6436.000,3,leotom
1012,14240807,JJPather,"2025-08-18 16:14:55",6050.000,4,jjpather
1013,14327527,Wade10729,"2025-09-08 09:21:57",5266.001,3,wade10729
1014,14206309,stunningvn,"2025-08-05 07:24:25",4902.398,1,dedquoc
1015,14561613,"Mohd Kamran Alam","2025-10-21 21:44:59",4880.398,15,mohdkamranalam
1016,14371852,"Tahseen Rasheed","2025-09-12 13:30:09",4737.000,2,tahseenrasheed
1017,14253315,"Sergiu Puscas","2025-08-13 13:27:04",4655.000,4,harababurel
1018,14231158,"Vinaya Bhushan M","2025-08-10 21:20:50",4643.008,10,vinayabhushanm
1019,14469451,Karna,"2025-10-10 05:48:36",4639.000,3,johnabe
1020,14194639,"Abraham Linares","2025-08-01 17:57:04",4594.000,7,abrahamjlr
1021,14223471,"Michael Yu vanderbilt","2025-08-07 00:34:18",4493.398,1,michaelyuvanderbilt
1022,14213160,"DIVYANSH KUMAR SINGH CHAUHAN","2025-08-04 22:35:05",4489.000,5,"arnavsuiiiiiiiiiiii,capdiv"
1023,14254695,"Recep Barkın Topcu","2025-08-24 09:13:32",4488.000,2,recepbarkntopcu
1024,14228202,"Kunal Kumar","2025-08-07 19:42:54",4405.000,3,kunalcrlbel
1025,14228022,touch_fishhh,"2025-08-07 18:31:54",4388.001,2,teddyziyyyu
1026,14252602,"Liudmyla Kaluzhynova","2025-08-14 13:53:25",4359.000,4,lyudmylakaluzhynova
1027,14572662,Anurag12d,"2025-10-23 17:42:28",4357.000,4,anurag12d
1028,14223327,"Benedikt Fadel","2025-08-10 14:55:27",4280.002,1,benediktfadel
1029,14258928,shrishanthattarki,"2025-08-14 23:41:59",4228.398,1,shrishanthattarki
1030,14224894,"Vivek Saurabh","2025-08-30 09:47:56",4165.000,10,viveksaurabh
1031,14336358,"Chris Turnbull","2025-09-12 17:13:54",4085.000,34,christurnbull
1032,14366714,"What is this? Code for ants?","2025-09-20 21:10:43",3604.000,4,"frankohlmann,mmeziere"
1033,14352004,"Baria ritu ratibhai","2025-10-30 19:26:15",2466.399,9,bariarituratibhai
1034,14227550,"Viktor Korsun","2025-08-09 13:20:57",2446.000,1,viktorkorsun
1035,14194685,xnor,"2025-08-01 18:55:36",2439.000,3,strictlybetter
1036,14194541,pardouin,"2025-08-01 00:47:12",2428.000,1,pardouin
1037,14329925,Sarah,"2025-09-02 21:33:56",2428.000,1,schsara
1038,14581648,Pramodk,"2025-10-23 15:16:12",2425.000,16,pramodti
1039,14344003,"Muhammad Sohaib Siddiqui","2025-09-15 13:54:02",2419.002,1,msohaibsiddiqui
1040,14207792,"Filip Muller","2025-08-03 16:11:08",2413.000,1,filipmuller
1041,14211365,numpy1.0,"2025-08-08 11:10:31",2408.000,5,numpy10
1042,14507188,chowvillain,"2025-10-10 11:03:31",2400.000,1,chowvillain
1043,14229486,noobcg,"2025-08-07 20:46:20",2395.000,2,b10011
1044,14224560,Haker_Sam,"2025-08-07 10:17:58",2387.399,3,hakersam
1045,14195386,"Alexander Pfefferle","2025-08-01 05:38:57",2376.000,1,alexanderpfefferle
1046,14327239,"Karen Ueda","2025-09-02 08:17:19",2356.000,4,karenueda
1047,14195528,"Leon Verdin","2025-09-12 05:46:32",2326.000,1,leonverdin
1048,14212183,Abhi,"2025-08-05 03:49:05",2319.000,1,zeroday19
1049,14225559,"Mark Diamond","2025-08-07 07:20:39",2319.000,1,ponkle
1050,14329315,mh755628,"2025-09-02 19:38:38",2310.000,1,mh755628
1051,14458128,"yakov matan","2025-09-30 10:36:26",2299.000,1,yakovmatan
1052,14228028,manojkanna04,"2025-08-08 03:57:28",2295.399,3,manojkanna04
1053,14572325,Sieges,"2025-10-30 17:48:09",2294.003,1,sieges
1054,14215254,akash0893,"2025-08-05 12:09:30",2292.001,3,akash8492
1055,14231517,"বঙ্গদেশীয় মহাকাশযাত্রী","2025-08-12 07:16:11",2291.000,3,"jacsadi,pritomda"
1056,14493286,aman,"2025-10-07 17:22:16",2282.000,1,amansoni25
1057,14355001,"Сергей Панкратов","2025-09-13 20:04:33",2270.000,2,serp88
1058,14385923,"Yanxin Feng","2025-09-16 16:28:58",2268.000,1,yanxinfeng
0,14194314,ludicrous_score.zip,"2025-07-31 22:21:50",2232.002,1,
1059,14237208,"Mattias Nordstrand","2025-08-09 13:22:47",2232.000,2,mattiasnordstrand
1060,14244679,cyberia,"2025-08-11 14:12:48",2225.399,1,cyberia
1061,14244991,"SeongHun Jeong","2025-08-11 15:27:44",2225.399,1,sunghun
1062,14223053,"Abhi Roop Reddy T","2025-08-09 05:00:23",2225.399,1,abhiroopreddyt
1063,14272344,Pitohu,"2025-08-18 17:30:55",2225.399,1,pitohu
1064,14264508,"Izzan S. A.","2025-08-16 14:08:42",2225.399,1,isamobagaming
1065,14245899,CodeGolfer,"2025-08-11 20:58:00",2225.399,1,pandajr
1066,14236251,"Aryaman Vaishya","2025-08-09 07:06:19",2225.399,1,aryamanvaishya
1067,14210458,"Géraldine Maurer","2025-08-04 18:02:25",2222.000,1,graldinemaurer
1068,14217496,"Solarus Blank","2025-08-06 01:13:48",2216.000,1,solarusblank
1069,14373599,NinSonXbo,"2025-09-12 22:28:05",2117.000,2,ninsonxbo
1070,14229222,noob,"2025-08-07 19:31:49",2071.399,2,dhakseshrch24b006
1071,14557762,"Vakacharla Anoop Gupta","2025-10-19 12:35:43",2067.000,9,vakacharlaanoopgupta
1072,14576631,appleba,"2025-10-23 13:53:32",2040.001,1,appleba
1073,14359778,"Artem Smirnov","2025-09-10 19:31:00",1914.000,2,artsmirnovch
1074,14374960,"Darya VV","2025-09-14 10:15:27",1588.000,2,daryavv
1075,14576961,Avishkar17062004,"2025-10-26 19:23:46",1222.001,1,avishkar17062004
1076,14206936,Robina_,"2025-08-03 15:28:44",0.400,2,robinamirbahar
1077,14210731,"TANISHK BHANAGE","2025-08-04 10:08:16",0.400,2,tanishkvirajbhanage
1078,14206390,"Sahwaj Alam","2025-08-05 18:39:43",0.400,2,sahwajalam
1079,14227664,"Devansh Shukla@123","2025-08-08 01:27:28",0.400,2,devanshshukla123
1080,14231971,"HARSHA VARDHAN G","2025-08-08 10:16:09",0.400,3,iamhg1
1081,14240542,akmonymous,"2025-08-10 12:04:36",0.400,1,anantamanoranjan
1082,14240622,"Ernst Ashurov","2025-08-11 19:16:41",0.400,2,vet231199
1083,14244418,"jinwon baek","2025-08-18 15:16:49",0.400,8,jinwonbaek
1084,14244101,rk,"2025-08-12 10:17:01",0.400,2,ramonakuehlechner
1085,14258012,"Anshika Moundekar","2025-08-15 06:18:59",0.400,4,anshikamoundekar
1086,14241414,"Ronald Kalani","2025-08-17 00:19:52",0.400,1,ronaldkalani
1087,14285408,"Tamanas Sahana","2025-08-22 07:33:34",0.400,8,tamanassahana
1088,14287785,"Tsung-Ta Wu","2025-08-22 08:29:47",0.400,1,tsungtawu
1089,14303711,LAWSA07,"2025-08-26 16:57:45",0.400,2,lawsaaswal
1090,14313481,asphyxia,"2025-08-30 01:16:53",0.400,1,ridhoalfattaah
1091,14319573,JavaZero,"2025-08-31 06:22:07",0.400,3,jimmyisme1
1092,14385553,"Aahil nizar Momin","2025-09-16 04:33:27",0.400,1,aahilnizarmomin
1093,14224102,Boruiyang21,"2025-09-18 17:06:46",0.400,1,boruiyang21
1094,14408491,"Gaith Krakdia (Gaith123)","2025-09-20 12:32:43",0.400,2,gaithkrakdiagaith123
1095,14403731,aaa99606,"2025-09-24 07:57:30",0.400,1,aaa99606
1096,14437317,"Rapid hunter","2025-09-26 03:32:05",0.400,2,rapidhunter
1097,14450380,BUNNY'S,"2025-09-29 06:03:36",0.400,1,tsasidharreddybunny
1098,14433127,"Retty V","2025-10-02 14:16:00",0.400,1,rettyv
1099,14481554,batman.onion,"2025-10-05 08:21:19",0.400,1,sanjayikify
1100,14203620,"Saugata Malakar","2025-10-06 18:50:23",0.400,1,saugatamalakar
1101,14485228,"Balaji J B","2025-10-07 03:48:37",0.400,7,balajijb
1102,14280719,"Syukur Daulay","2025-10-10 16:04:06",0.400,1,syukurdaulay
1103,14521026,KikiBouba,"2025-10-13 00:52:24",0.400,1,kikibouba
1104,14525711,"Trust Museta","2025-10-13 18:34:17",0.400,1,trustmuseta
1105,14535847,"Virgiliu Gabriel Gheorghe","2025-10-15 12:21:22",0.400,1,virgiliugabriel
1106,14558012,NEILB,"2025-10-19 15:31:17",0.400,2,iamneil
1107,14562650,"Ebadul Mallick","2025-10-20 06:31:12",0.400,2,ebadulmallick
1108,14583215,"TdlD lD","2025-10-29 00:28:53",0.400,3,tdldld
1109,14588076,"Maguluri Naveen","2025-10-23 19:24:45",0.400,3,magulurinaveen
1110,14520169,"Fernando Liazar Luemba Salvador","2025-10-29 23:45:05",0.400,4,fernandollsalvador
1111,14554317,sage,"2025-10-26 06:32:37",0.400,7,sunnyy06
1112,14302714,"Steven Schryba","2025-10-25 02:08:44",0.400,2,stevenschryba
1113,14573243,"Samer Attrah","2025-10-29 02:11:35",0.400,2,samerattrah
1114,14410467,"Tejas Gupta me24b173","2025-09-20 20:31:32",0.046,4,tejasguptame24b173
1115,14233197,"Bharat Dehingia","2025-08-08 13:39:31",0.015,1,bharatdehingia
1116,14213606,"Buchanan Liang","2025-08-05 06:18:43",0.010,6,buchananliang
1117,14224530,5D,"2025-08-11 18:02:20",0.007,1,"omkarprasadrout,rohitpattanaik,shreshthakumar63,sudhanshukumarjha004,yashsharma73"
1118,14256919,"Priya Garg","2025-10-28 17:02:35",0.006,5,priyagarg1412
1119,14225492,Cjitendr,"2025-08-07 07:56:37",0.004,2,cjitendr
1120,14459740,"Anaj Pravin","2025-10-09 09:50:22",0.004,2,anajpravin
1121,14299625,"Atul Boyal","2025-09-05 19:17:36",0.003,3,atulboyal
1122,14226723,"Nigar Hajiyeva","2025-08-07 11:55:12",0.002,5,nigarhprogrammer
1123,14228262,BlessingSamuel,"2025-08-07 18:51:57",0.002,2,blessingsamuel1
1124,14369568,"Sergey Arefjev","2025-09-11 17:50:44",0.002,2,sergeyarefjev
1125,14369677,"aya salah","2025-09-15 14:24:34",0.002,1,aya555
1126,14474967,"Charan Raj Kandula","2025-10-03 19:40:22",0.002,1,charanrajkandula
1127,14512335,"VoltAir Global Hub","2025-10-30 23:56:24",0.002,20,voltairglobalhub
1128,14225281,"Bermal Demirtaş","2025-10-30 19:08:10",0.002,1,bermaldemirtas
1129,14210062,"m u | Data Science Student","2025-08-04 14:16:59",0.001,1,mu24680
1130,14226990,"David Omondi","2025-08-07 12:41:00",0.001,1,nyongus
1131,14227138,"Anurag Mishra","2025-08-11 09:12:30",0.001,4,anuragmishra3334
1132,14228166,tpatrick15,"2025-08-07 18:09:41",0.001,1,ptagny
1133,14226429,exception002,"2025-08-08 05:53:31",0.001,1,exception002
1134,14231868,"Chintan Solanke","2025-08-08 10:28:04",0.001,2,chintansolanke
1135,14298424,"Barkat Ali Arbab","2025-08-26 05:28:47",0.001,2,barkataliarbab
1136,14290061,"Alpha Coders","2025-09-22 17:23:24",0.001,7,"aryanbhardwaj2024,atul12rajput"
1137,14382258,"Максим Карпенко","2025-09-21 16:42:02",0.001,1,maksimkarpenko1305
1138,14480299,"nithya swaminathan121","2025-10-05 00:05:32",0.001,2,nithyaswaminathan121
1139,14505429,"-FOXXX ERP (FOXXX)","2025-10-11 14:36:26",0.001,1,foxxxerpfoxxx
1140,14547786,"RupeshReddy C","2025-10-18 15:08:55",0.001,4,rupeshreddyc
1141,14573365,"Emre Altay","2025-10-21 23:03:55",0.001,1,emrealty
1142,14227238,GOC,"2025-10-29 00:55:24",0.001,3,patelpal
