source,task_id,public_onnx_path,public_correctness,public_score,current_score,delta_score,public_total_cost,current_total_cost,delta_cost,public_memory_bytes,current_memory_bytes,public_params,current_params,better_than_current,verify_error
jonathanchan__ngc26-constraint-smart-logic-mix-blending,task000,data/kaggle_code_single_task/extracted_onnx/jonathanchan__ngc26-constraint-smart-logic-mix-blending/task000.onnx,fail,0.0,,0.0,,,,,,,,false,FileNotFoundError: [Errno 2] No such file or directory: 'E:\\kagglegolf\\data\\raw\\neurogolf-2026\\task000.json'
jonathanchan__ngc26-constraint-smart-logic-mix-blending,task001,data/kaggle_code_single_task/extracted_onnx/jonathanchan__ngc26-constraint-smart-logic-mix-blending/task001.onnx,pass,16.62460081420165,17.047384888349,-0.4227840741473514,4339,2843.0,1496.0,4315,2819.0,24,24.0,false,
jonathanchan__ngc26-constraint-smart-logic-mix-blending,task002,data/kaggle_code_single_task/extracted_onnx/jonathanchan__ngc26-constraint-smart-logic-mix-blending/task002.onnx,pass,12.457330125660462,13.514517676859928,-1.0571875511994655,280035,97293.0,182742.0,279600,97200.0,435,93.0,false,
jonathanchan__ngc26-constraint-smart-logic-mix-blending,task003,data/kaggle_code_single_task/extracted_onnx/jonathanchan__ngc26-constraint-smart-logic-mix-blending/task003.onnx,pass,15.786066092513687,17.918291413894426,-2.132225321380739,10036,1190.0,8846.0,10026,1172.0,10,18.0,false,
jonathanchan__ngc26-constraint-smart-logic-mix-blending,task004,data/kaggle_code_single_task/extracted_onnx/jonathanchan__ngc26-constraint-smart-logic-mix-blending/task004.onnx,pass,13.388977333490157,14.084547965521434,-0.6955706320312771,110307,55020.0,55287.0,109988,54000.0,319,1020.0,false,
jonathanchan__ngc26-constraint-smart-logic-mix-blending,task005,data/kaggle_code_single_task/extracted_onnx/jonathanchan__ngc26-constraint-smart-logic-mix-blending/task005.onnx,pass,12.224893201761136,13.328149556042213,-1.1032563542810774,353312,117225.0,236087.0,353090,116889.0,222,336.0,false,
jonathanchan__ngc26-constraint-smart-logic-mix-blending,task006,data/kaggle_code_single_task/extracted_onnx/jonathanchan__ngc26-constraint-smart-logic-mix-blending/task006.onnx,pass,17.4404405039923,17.603051397378987,-0.1626108933866881,1919,1631.0,288.0,1872,1584.0,47,47.0,false,
jonathanchan__ngc26-constraint-smart-logic-mix-blending,task007,data/kaggle_code_single_task/extracted_onnx/jonathanchan__ngc26-constraint-smart-logic-mix-blending/task007.onnx,pass,15.869677336009849,16.108350887349943,-0.23867355134009394,9231,7271.0,1960.0,9200,7240.0,31,31.0,false,
jonathanchan__ngc26-constraint-smart-logic-mix-blending,task008,data/kaggle_code_single_task/extracted_onnx/jonathanchan__ngc26-constraint-smart-logic-mix-blending/task008.onnx,pass,12.656533431031006,14.94430651457454,-2.2877730835435344,229456,23288.0,206168.0,229347,23228.0,109,60.0,false,
jonathanchan__ngc26-constraint-smart-logic-mix-blending,task009,data/kaggle_code_single_task/extracted_onnx/jonathanchan__ngc26-constraint-smart-logic-mix-blending/task009.onnx,pass,13.343485144081104,13.69482467517415,-0.3513395310930463,115441,81241.0,34200.0,111600,77400.0,3841,3841.0,false,
jonathanchan__ngc26-constraint-smart-logic-mix-blending,task010,data/kaggle_code_single_task/extracted_onnx/jonathanchan__ngc26-constraint-smart-logic-mix-blending/task010.onnx,pass,15.983001688101238,16.479811299603966,-0.4968096115027283,8242,5015.0,3227.0,8165,4939.0,77,76.0,false,
jonathanchan__ngc26-constraint-smart-logic-mix-blending,task011,data/kaggle_code_single_task/extracted_onnx/jonathanchan__ngc26-constraint-smart-logic-mix-blending/task011.onnx,pass,13.658491760727989,13.898854540195707,-0.2403627794677181,84247,66247.0,18000.0,81916,63916.0,2331,2331.0,false,
jonathanchan__ngc26-constraint-smart-logic-mix-blending,task012,data/kaggle_code_single_task/extracted_onnx/jonathanchan__ngc26-constraint-smart-logic-mix-blending/task012.onnx,pass,15.18038330650102,15.555457449352874,-0.3750741428518545,18391,12639.0,5752.0,18288,12536.0,103,103.0,false,
jonathanchan__ngc26-constraint-smart-logic-mix-blending,task013,data/kaggle_code_single_task/extracted_onnx/jonathanchan__ngc26-constraint-smart-logic-mix-blending/task013.onnx,pass,12.452094511606518,13.3310798421544,-0.8789853305478825,281505,116882.0,164623.0,281277,114625.0,228,2257.0,false,
jonathanchan__ngc26-constraint-smart-logic-mix-blending,task014,data/kaggle_code_single_task/extracted_onnx/jonathanchan__ngc26-constraint-smart-logic-mix-blending/task014.onnx,pass,12.415614214021364,14.427427453254685,-2.0118132392333212,291964,39049.0,252915.0,291880,38399.0,84,650.0,false,
jonathanchan__ngc26-constraint-smart-logic-mix-blending,task015,data/kaggle_code_single_task/extracted_onnx/jonathanchan__ngc26-constraint-smart-logic-mix-blending/task015.onnx,pass,16.58816732424159,18.197605236675688,-1.6094379124340996,4500,900.0,3600.0,3600,0.0,900,900.0,false,
jonathanchan__ngc26-constraint-smart-logic-mix-blending,task016,data/kaggle_code_single_task/extracted_onnx/jonathanchan__ngc26-constraint-smart-logic-mix-blending/task016.onnx,pass,22.697414907005953,22.697414907005953,0.0,10,10.0,0.0,0,0.0,10,10.0,false,
jonathanchan__ngc26-constraint-smart-logic-mix-blending,task017,data/kaggle_code_single_task/extracted_onnx/jonathanchan__ngc26-constraint-smart-logic-mix-blending/task017.onnx,pass,11.449761831001151,14.57051253772697,-3.1207507067258184,766997,33843.0,733154.0,766020,33657.0,977,186.0,false,
jonathanchan__ngc26-constraint-smart-logic-mix-blending,task018,data/kaggle_code_single_task/extracted_onnx/jonathanchan__ngc26-constraint-smart-logic-mix-blending/task018.onnx,pass,13.35098890724301,11.926440386857584,1.424548520385427,114578,476184.0,-361606.0,102648,475190.0,11930,994.0,true,
jonathanchan__ngc26-constraint-smart-logic-mix-blending,task019,data/kaggle_code_single_task/extracted_onnx/jonathanchan__ngc26-constraint-smart-logic-mix-blending/task019.onnx,pass,,13.69353305881371,,,81346.0,,232692,81276.0,,70.0,false,official scorer returned missing params/memory
jonathanchan__ngc26-constraint-smart-logic-mix-blending,task020,data/kaggle_code_single_task/extracted_onnx/jonathanchan__ngc26-constraint-smart-logic-mix-blending/task020.onnx,pass,13.156591627255297,16.061599593526992,-2.905007966271695,139164,7619.0,131545.0,138893,7564.0,271,55.0,false,
jonathanchan__ngc26-constraint-smart-logic-mix-blending,task021,data/kaggle_code_single_task/extracted_onnx/jonathanchan__ngc26-constraint-smart-logic-mix-blending/task021.onnx,pass,13.82393284616816,14.156056071090937,-0.33212322492277657,71401,51223.0,20178.0,69540,49362.0,1861,1861.0,false,
jonathanchan__ngc26-constraint-smart-logic-mix-blending,task022,data/kaggle_code_single_task/extracted_onnx/jonathanchan__ngc26-constraint-smart-logic-mix-blending/task022.onnx,pass,13.53842046238136,14.542024067963268,-1.0036036055819082,94995,34821.0,60174.0,94793,34628.0,202,193.0,false,
jonathanchan__ngc26-constraint-smart-logic-mix-blending,task023,data/kaggle_code_single_task/extracted_onnx/jonathanchan__ngc26-constraint-smart-logic-mix-blending/task023.onnx,pass,15.027312930662868,13.863194455943471,1.1641184747193964,21433,68652.0,-47219.0,20943,68607.0,490,45.0,true,
jonathanchan__ngc26-constraint-smart-logic-mix-blending,task024,data/kaggle_code_single_task/extracted_onnx/jonathanchan__ngc26-constraint-smart-logic-mix-blending/task024.onnx,pass,15.88617052840466,15.88617052840466,0.0,9080,9080.0,0.0,8820,8820.0,260,260.0,false,
jonathanchan__ngc26-constraint-smart-logic-mix-blending,task025,data/kaggle_code_single_task/extracted_onnx/jonathanchan__ngc26-constraint-smart-logic-mix-blending/task025.onnx,pass,13.600400020341894,13.149938233234366,0.45046178710752827,89286,140093.0,-50807.0,74054,140028.0,15232,65.0,true,
jonathanchan__ngc26-constraint-smart-logic-mix-blending,task026,data/kaggle_code_single_task/extracted_onnx/jonathanchan__ngc26-constraint-smart-logic-mix-blending/task026.onnx,pass,17.91997350007741,18.415208607614282,-0.49523510753687106,1188,724.0,464.0,1140,690.0,48,34.0,false,
jonathanchan__ngc26-constraint-smart-logic-mix-blending,task027,data/kaggle_code_single_task/extracted_onnx/jonathanchan__ngc26-constraint-smart-logic-mix-blending/task027.onnx,pass,14.063416936047632,16.331975918881177,-2.268558982833545,56195,5814.0,50381.0,48977,5777.0,7218,37.0,false,
jonathanchan__ngc26-constraint-smart-logic-mix-blending,task028,data/kaggle_code_single_task/extracted_onnx/jonathanchan__ngc26-constraint-smart-logic-mix-blending/task028.onnx,pass,15.093118214395856,16.51553663320668,-1.4224184188108229,20068,4839.0,15229.0,19752,4510.0,316,329.0,false,
jonathanchan__ngc26-constraint-smart-logic-mix-blending,task029,data/kaggle_code_single_task/extracted_onnx/jonathanchan__ngc26-constraint-smart-logic-mix-blending/task029.onnx,pass,12.294686576649289,13.516328283804857,-1.2216417071555679,329494,97117.0,232377.0,329325,96947.0,169,170.0,false,
jonathanchan__ngc26-constraint-smart-logic-mix-blending,task030,data/kaggle_code_single_task/extracted_onnx/jonathanchan__ngc26-constraint-smart-logic-mix-blending/task030.onnx,pass,14.088974323195158,15.69453128293224,-1.6055569597370827,54777,10998.0,43779.0,53802,10828.0,975,170.0,false,
jonathanchan__ngc26-constraint-smart-logic-mix-blending,task031,data/kaggle_code_single_task/extracted_onnx/jonathanchan__ngc26-constraint-smart-logic-mix-blending/task031.onnx,pass,15.149755008859591,15.168223295017873,-0.018468286158281444,18963,18616.0,347.0,18903,18558.0,60,58.0,false,
jonathanchan__ngc26-constraint-smart-logic-mix-blending,task032,data/kaggle_code_single_task/extracted_onnx/jonathanchan__ngc26-constraint-smart-logic-mix-blending/task032.onnx,pass,16.86699978141639,16.86699978141639,0.0,3405,3405.0,0.0,3336,3336.0,69,69.0,false,
jonathanchan__ngc26-constraint-smart-logic-mix-blending,task033,data/kaggle_code_single_task/extracted_onnx/jonathanchan__ngc26-constraint-smart-logic-mix-blending/task033.onnx,pass,13.001800592748191,14.081988539178049,-1.0801879464298576,162462,55161.0,107301.0,162404,55112.0,58,49.0,false,
jonathanchan__ngc26-constraint-smart-logic-mix-blending,task034,data/kaggle_code_single_task/extracted_onnx/jonathanchan__ngc26-constraint-smart-logic-mix-blending/task034.onnx,pass,12.855834673590822,13.425828929592994,-0.5699942560021718,187994,106316.0,81678.0,186037,103469.0,1957,2847.0,false,
jonathanchan__ngc26-constraint-smart-logic-mix-blending,task035,data/kaggle_code_single_task/extracted_onnx/jonathanchan__ngc26-constraint-smart-logic-mix-blending/task035.onnx,pass,14.312953428043675,15.36028269986934,-1.0473292718256637,43785,15363.0,28422.0,43556,15312.0,229,51.0,false,
jonathanchan__ngc26-constraint-smart-logic-mix-blending,task036,data/kaggle_code_single_task/extracted_onnx/jonathanchan__ngc26-constraint-smart-logic-mix-blending/task036.onnx,pass,13.289109314247797,13.710918331458375,-0.4218090172105775,121892,79944.0,41948.0,121732,79832.0,160,112.0,false,
jonathanchan__ngc26-constraint-smart-logic-mix-blending,task037,data/kaggle_code_single_task/extracted_onnx/jonathanchan__ngc26-constraint-smart-logic-mix-blending/task037.onnx,pass,13.464462133359127,13.937652078450405,-0.47318994509127776,102287,63726.0,38561.0,98676,55400.0,3611,8326.0,false,
jonathanchan__ngc26-constraint-smart-logic-mix-blending,task038,data/kaggle_code_single_task/extracted_onnx/jonathanchan__ngc26-constraint-smart-logic-mix-blending/task038.onnx,pass,16.05206389329133,17.315675932318847,-1.2636120390275174,7692,2174.0,5518.0,7636,2136.0,56,38.0,false,
jonathanchan__ngc26-constraint-smart-logic-mix-blending,task039,data/kaggle_code_single_task/extracted_onnx/jonathanchan__ngc26-constraint-smart-logic-mix-blending/task039.onnx,pass,16.033899142632762,16.04171718950267,-0.007818046869907391,7833,7772.0,61.0,7804,7744.0,29,28.0,false,
jonathanchan__ngc26-constraint-smart-logic-mix-blending,task040,data/kaggle_code_single_task/extracted_onnx/jonathanchan__ngc26-constraint-smart-logic-mix-blending/task040.onnx,pass,14.05632407893348,16.02944082049105,-1.97311674155757,56595,7868.0,48727.0,56180,7806.0,415,62.0,false,
jonathanchan__ngc26-constraint-smart-logic-mix-blending,task041,data/kaggle_code_single_task/extracted_onnx/jonathanchan__ngc26-constraint-smart-logic-mix-blending/task041.onnx,pass,15.299424541873835,15.626775765122337,-0.3273512232485025,16327,11769.0,4558.0,16300,11740.0,27,29.0,false,
jonathanchan__ngc26-constraint-smart-logic-mix-blending,task042,data/kaggle_code_single_task/extracted_onnx/jonathanchan__ngc26-constraint-smart-logic-mix-blending/task042.onnx,pass,14.3744620192972,15.95018055485892,-1.5757185355617196,41173,8517.0,32656.0,40829,7790.0,344,727.0,false,
jonathanchan__ngc26-constraint-smart-logic-mix-blending,task043,data/kaggle_code_single_task/extracted_onnx/jonathanchan__ngc26-constraint-smart-logic-mix-blending/task043.onnx,pass,15.881884572066335,16.129617933929865,-0.24773336186352957,9119,7118.0,2001.0,8980,6980.0,139,138.0,false,
jonathanchan__ngc26-constraint-smart-logic-mix-blending,task044,data/kaggle_code_single_task/extracted_onnx/jonathanchan__ngc26-constraint-smart-logic-mix-blending/task044.onnx,pass,14.632621210887095,14.354527484820627,0.27809372606646754,31805,42002.0,-10197.0,20902,41796.0,10903,206.0,true,
jonathanchan__ngc26-constraint-smart-logic-mix-blending,task045,data/kaggle_code_single_task/extracted_onnx/jonathanchan__ngc26-constraint-smart-logic-mix-blending/task045.onnx,pass,15.821976229500361,16.0873920363291,-0.265415806828738,9682,7425.0,2257.0,9650,7400.0,32,25.0,false,
jonathanchan__ngc26-constraint-smart-logic-mix-blending,task046,data/kaggle_code_single_task/extracted_onnx/jonathanchan__ngc26-constraint-smart-logic-mix-blending/task046.onnx,pass,14.058960292100226,14.58291068075113,-0.5239503886509045,56446,33426.0,23020.0,55580,32560.0,866,866.0,false,
jonathanchan__ngc26-constraint-smart-logic-mix-blending,task047,data/kaggle_code_single_task/extracted_onnx/jonathanchan__ngc26-constraint-smart-logic-mix-blending/task047.onnx,pass,16.070697157756932,16.985664262700574,-0.9149671049436421,7550,3024.0,4526.0,7423,2988.0,127,36.0,false,
jonathanchan__ngc26-constraint-smart-logic-mix-blending,task048,data/kaggle_code_single_task/extracted_onnx/jonathanchan__ngc26-constraint-smart-logic-mix-blending/task048.onnx,pass,15.913863231483123,16.367872270491663,-0.4540090390085396,8832,5609.0,3223.0,8765,5543.0,67,66.0,false,
jonathanchan__ngc26-constraint-smart-logic-mix-blending,task049,data/kaggle_code_single_task/extracted_onnx/jonathanchan__ngc26-constraint-smart-logic-mix-blending/task049.onnx,pass,14.132880219280667,14.674878758194124,-0.5419985389134574,52424,30489.0,21935.0,52273,30339.0,151,150.0,false,
jonathanchan__ngc26-constraint-smart-logic-mix-blending,task050,data/kaggle_code_single_task/extracted_onnx/jonathanchan__ngc26-constraint-smart-logic-mix-blending/task050.onnx,pass,15.752845654901101,15.843587970049374,-0.09074231514827247,10375,9475.0,900.0,10125,9225.0,250,250.0,false,
jonathanchan__ngc26-constraint-smart-logic-mix-blending,task051,data/kaggle_code_single_task/extracted_onnx/jonathanchan__ngc26-constraint-smart-logic-mix-blending/task051.onnx,pass,12.508455222137874,13.866448009633856,-1.3579927874959825,266078,68429.0,197649.0,266006,68359.0,72,70.0,false,
jonathanchan__ngc26-constraint-smart-logic-mix-blending,task052,data/kaggle_code_single_task/extracted_onnx/jonathanchan__ngc26-constraint-smart-logic-mix-blending/task052.onnx,pass,17.56751619208288,17.886857891292912,-0.31934169921003175,1690,1228.0,462.0,1647,1185.0,43,43.0,false,
jonathanchan__ngc26-constraint-smart-logic-mix-blending,task053,data/kaggle_code_single_task/extracted_onnx/jonathanchan__ngc26-constraint-smart-logic-mix-blending/task053.onnx,pass,21.598802618337846,21.598802618337846,0.0,30,30.0,0.0,0,0.0,30,30.0,false,
jonathanchan__ngc26-constraint-smart-logic-mix-blending,task054,data/kaggle_code_single_task/extracted_onnx/jonathanchan__ngc26-constraint-smart-logic-mix-blending/task054.onnx,pass,12.367552389133587,13.07796275080141,-0.7104103616678223,306339,150548.0,155791.0,306187,150387.0,152,161.0,false,
jonathanchan__ngc26-constraint-smart-logic-mix-blending,task055,data/kaggle_code_single_task/extracted_onnx/jonathanchan__ngc26-constraint-smart-logic-mix-blending/task055.onnx,pass,14.219253646563475,14.820017720652668,-0.6007640740891933,48086,26370.0,21716.0,47092,25376.0,994,994.0,false,
jonathanchan__ngc26-constraint-smart-logic-mix-blending,task056,data/kaggle_code_single_task/extracted_onnx/jonathanchan__ngc26-constraint-smart-logic-mix-blending/task056.onnx,pass,18.672063216270807,19.638707834290575,-0.9666446180197674,560,213.0,347.0,460,136.0,100,77.0,false,
jonathanchan__ngc26-constraint-smart-logic-mix-blending,task057,data/kaggle_code_single_task/extracted_onnx/jonathanchan__ngc26-constraint-smart-logic-mix-blending/task057.onnx,pass,13.698351276279148,15.354118052333183,-1.655766776054035,80955,15458.0,65497.0,80944,15448.0,11,10.0,false,
jonathanchan__ngc26-constraint-smart-logic-mix-blending,task058,data/kaggle_code_single_task/extracted_onnx/jonathanchan__ngc26-constraint-smart-logic-mix-blending/task058.onnx,pass,14.825798523242245,15.314295392535985,-0.4884968692937406,26218,16086.0,10132.0,10900,9660.0,15318,6426.0,false,
jonathanchan__ngc26-constraint-smart-logic-mix-blending,task059,data/kaggle_code_single_task/extracted_onnx/jonathanchan__ngc26-constraint-smart-logic-mix-blending/task059.onnx,pass,14.739222692560139,15.077347278202861,-0.3381245856427224,28589,20387.0,8202.0,26035,17840.0,2554,2547.0,false,
jonathanchan__ngc26-constraint-smart-logic-mix-blending,task060,data/kaggle_code_single_task/extracted_onnx/jonathanchan__ngc26-constraint-smart-logic-mix-blending/task060.onnx,pass,15.575112923935126,16.372876749211567,-0.7977638252764407,12393,5581.0,6812.0,12320,5400.0,73,181.0,false,
jonathanchan__ngc26-constraint-smart-logic-mix-blending,task061,data/kaggle_code_single_task/extracted_onnx/jonathanchan__ngc26-constraint-smart-logic-mix-blending/task061.onnx,pass,14.857771175526608,15.152342332424542,-0.2945711568979341,25393,18914.0,6479.0,23422,16942.0,1971,1972.0,false,
jonathanchan__ngc26-constraint-smart-logic-mix-blending,task062,data/kaggle_code_single_task/extracted_onnx/jonathanchan__ngc26-constraint-smart-logic-mix-blending/task062.onnx,pass,14.23174661574318,14.810807327896311,-0.5790607121531313,47489,26614.0,20875.0,46560,25680.0,929,934.0,false,
jonathanchan__ngc26-constraint-smart-logic-mix-blending,task063,data/kaggle_code_single_task/extracted_onnx/jonathanchan__ngc26-constraint-smart-logic-mix-blending/task063.onnx,pass,14.666940264012474,14.666940264012474,0.0,30732,30732.0,0.0,30700,30700.0,32,32.0,false,
jonathanchan__ngc26-constraint-smart-logic-mix-blending,task064,data/kaggle_code_single_task/extracted_onnx/jonathanchan__ngc26-constraint-smart-logic-mix-blending/task064.onnx,pass,12.535308557053478,13.354705067178468,-0.8193965101249905,259028,114153.0,144875.0,258798,114061.0,230,92.0,false,
jonathanchan__ngc26-constraint-smart-logic-mix-blending,task065,data/kaggle_code_single_task/extracted_onnx/jonathanchan__ngc26-constraint-smart-logic-mix-blending/task065.onnx,pass,14.15231476233671,14.534186050835478,-0.3818712884987683,51415,35095.0,16320.0,51338,35032.0,77,63.0,false,
jonathanchan__ngc26-constraint-smart-logic-mix-blending,task066,data/kaggle_code_single_task/extracted_onnx/jonathanchan__ngc26-constraint-smart-logic-mix-blending/task066.onnx,pass,15.028480037072045,13.455382088297283,1.5730979487747625,21408,103220.0,-81812.0,16962,103082.0,4446,138.0,true,
jonathanchan__ngc26-constraint-smart-logic-mix-blending,task067,data/kaggle_code_single_task/extracted_onnx/jonathanchan__ngc26-constraint-smart-logic-mix-blending/task067.onnx,pass,18.926955465899596,19.247427361174367,-0.32047189527477116,434,315.0,119.0,402,282.0,32,33.0,false,
jonathanchan__ngc26-constraint-smart-logic-mix-blending,task068,data/kaggle_code_single_task/extracted_onnx/jonathanchan__ngc26-constraint-smart-logic-mix-blending/task068.onnx,pass,15.20459889732893,15.55942130423374,-0.3548224069048107,17951,12589.0,5362.0,17924,12562.0,27,27.0,false,
jonathanchan__ngc26-constraint-smart-logic-mix-blending,task069,data/kaggle_code_single_task/extracted_onnx/jonathanchan__ngc26-constraint-smart-logic-mix-blending/task069.onnx,pass,13.142414481681753,13.658456151785392,-0.5160416701036397,141151,84250.0,56901.0,138839,82858.0,2312,1392.0,false,
jonathanchan__ngc26-constraint-smart-logic-mix-blending,task070,data/kaggle_code_single_task/extracted_onnx/jonathanchan__ngc26-constraint-smart-logic-mix-blending/task070.onnx,pass,13.505330159552033,15.910020984695,-2.4046908251429677,98191,8866.0,89325.0,98176,8792.0,15,74.0,false,
jonathanchan__ngc26-constraint-smart-logic-mix-blending,task071,data/kaggle_code_single_task/extracted_onnx/jonathanchan__ngc26-constraint-smart-logic-mix-blending/task071.onnx,pass,,13.238317819353261,,,128243.0,,219800,128190.0,,53.0,false,official scorer returned missing params/memory
jonathanchan__ngc26-constraint-smart-logic-mix-blending,task072,data/kaggle_code_single_task/extracted_onnx/jonathanchan__ngc26-constraint-smart-logic-mix-blending/task072.onnx,pass,17.34177247383865,17.8229812340901,-0.48120876025145165,2118,1309.0,809.0,2040,1260.0,78,49.0,false,
jonathanchan__ngc26-constraint-smart-logic-mix-blending,task073,data/kaggle_code_single_task/extracted_onnx/jonathanchan__ngc26-constraint-smart-logic-mix-blending/task073.onnx,pass,17.747946048147185,18.186555400489105,-0.43860935234192056,1411,910.0,501.0,1340,0.0,71,910.0,false,
jonathanchan__ngc26-constraint-smart-logic-mix-blending,task074,data/kaggle_code_single_task/extracted_onnx/jonathanchan__ngc26-constraint-smart-logic-mix-blending/task074.onnx,pass,12.128976479771318,15.009188619292196,-2.8802121395208786,388879,21825.0,367054.0,388800,21780.0,79,45.0,false,
jonathanchan__ngc26-constraint-smart-logic-mix-blending,task075,data/kaggle_code_single_task/extracted_onnx/jonathanchan__ngc26-constraint-smart-logic-mix-blending/task075.onnx,pass,14.128217673842922,14.742796878157792,-0.6145792043148699,52669,28487.0,24182.0,52612,28430.0,57,57.0,false,
jonathanchan__ngc26-constraint-smart-logic-mix-blending,task076,data/kaggle_code_single_task/extracted_onnx/jonathanchan__ngc26-constraint-smart-logic-mix-blending/task076.onnx,pass,14.503627688842322,12.292867258634116,2.2107604302082056,36184,330094.0,-293910.0,31154,329755.0,5030,339.0,true,
jonathanchan__ngc26-constraint-smart-logic-mix-blending,task077,data/kaggle_code_single_task/extracted_onnx/jonathanchan__ngc26-constraint-smart-logic-mix-blending/task077.onnx,pass,11.822156505196544,13.032857358715912,-1.2107008535193682,528524,157494.0,371030.0,526740,155700.0,1784,1794.0,false,
jonathanchan__ngc26-constraint-smart-logic-mix-blending,task078,data/kaggle_code_single_task/extracted_onnx/jonathanchan__ngc26-constraint-smart-logic-mix-blending/task078.onnx,pass,15.335023475909203,15.65024557224114,-0.31522209633193654,15756,11496.0,4260.0,15720,11460.0,36,36.0,false,
jonathanchan__ngc26-constraint-smart-logic-mix-blending,task079,data/kaggle_code_single_task/extracted_onnx/jonathanchan__ngc26-constraint-smart-logic-mix-blending/task079.onnx,pass,14.87525066556768,15.029648507210364,-0.1543978416426839,24953,21383.0,3570.0,24708,21138.0,245,245.0,false,
jonathanchan__ngc26-constraint-smart-logic-mix-blending,task080,data/kaggle_code_single_task/extracted_onnx/jonathanchan__ngc26-constraint-smart-logic-mix-blending/task080.onnx,pass,11.797074665140254,14.353266435603462,-2.556191770463208,541948,42055.0,499893.0,540724,41838.0,1224,217.0,false,
jonathanchan__ngc26-constraint-smart-logic-mix-blending,task081,data/kaggle_code_single_task/extracted_onnx/jonathanchan__ngc26-constraint-smart-logic-mix-blending/task081.onnx,pass,16.07827546963569,17.256296741826247,-1.1780212721905556,7493,2307.0,5186.0,7350,2198.0,143,109.0,false,
jonathanchan__ngc26-constraint-smart-logic-mix-blending,task082,data/kaggle_code_single_task/extracted_onnx/jonathanchan__ngc26-constraint-smart-logic-mix-blending/task082.onnx,pass,14.347008563236603,15.818470709877937,-1.4714621466413345,42319,9716.0,32603.0,42240,9660.0,79,56.0,false,
jonathanchan__ngc26-constraint-smart-logic-mix-blending,task083,data/kaggle_code_single_task/extracted_onnx/jonathanchan__ngc26-constraint-smart-logic-mix-blending/task083.onnx,pass,17.504458056115745,17.504458056115745,0.0,1800,1800.0,0.0,0,0.0,1800,1800.0,false,
jonathanchan__ngc26-constraint-smart-logic-mix-blending,task084,data/kaggle_code_single_task/extracted_onnx/jonathanchan__ngc26-constraint-smart-logic-mix-blending/task084.onnx,pass,15.121163810905001,15.121163810905001,0.0,19513,19513.0,0.0,19400,19400.0,113,113.0,false,
jonathanchan__ngc26-constraint-smart-logic-mix-blending,task085,data/kaggle_code_single_task/extracted_onnx/jonathanchan__ngc26-constraint-smart-logic-mix-blending/task085.onnx,pass,12.844073938160419,13.36328292042622,-0.5192089822658019,190218,113178.0,77040.0,190080,113040.0,138,138.0,false,
jonathanchan__ngc26-constraint-smart-logic-mix-blending,task086,data/kaggle_code_single_task/extracted_onnx/jonathanchan__ngc26-constraint-smart-logic-mix-blending/task086.onnx,pass,14.455711747276135,14.83966336368449,-0.3839516164083552,37960,25857.0,12103.0,37728,25632.0,232,225.0,false,
jonathanchan__ngc26-constraint-smart-logic-mix-blending,task087,data/kaggle_code_single_task/extracted_onnx/jonathanchan__ngc26-constraint-smart-logic-mix-blending/task087.onnx,pass,19.070410856610106,19.09191706183107,-0.02150620522096247,376,368.0,8.0,360,360.0,16,8.0,false,
jonathanchan__ngc26-constraint-smart-logic-mix-blending,task088,data/kaggle_code_single_task/extracted_onnx/jonathanchan__ngc26-constraint-smart-logic-mix-blending/task088.onnx,pass,12.984730780834171,13.80499590787612,-0.8202651270419494,165259,72766.0,92493.0,164006,72646.0,1253,120.0,false,
jonathanchan__ngc26-constraint-smart-logic-mix-blending,task089,data/kaggle_code_single_task/extracted_onnx/jonathanchan__ngc26-constraint-smart-logic-mix-blending/task089.onnx,pass,11.078265399324728,14.186179427563964,-3.107914028239236,1112071,49703.0,1062368.0,1111795,49605.0,276,98.0,false,
jonathanchan__ngc26-constraint-smart-logic-mix-blending,task090,data/kaggle_code_single_task/extracted_onnx/jonathanchan__ngc26-constraint-smart-logic-mix-blending/task090.onnx,pass,13.585746358833141,13.94350667496543,-0.3577603161322891,90604,63354.0,27250.0,90500,63250.0,104,104.0,false,
jonathanchan__ngc26-constraint-smart-logic-mix-blending,task091,data/kaggle_code_single_task/extracted_onnx/jonathanchan__ngc26-constraint-smart-logic-mix-blending/task091.onnx,pass,13.687295331711558,14.151323325547068,-0.46402799383550963,81855,51466.0,30389.0,81748,51388.0,107,78.0,false,
jonathanchan__ngc26-constraint-smart-logic-mix-blending,task092,data/kaggle_code_single_task/extracted_onnx/jonathanchan__ngc26-constraint-smart-logic-mix-blending/task092.onnx,pass,12.267992452903293,14.25734036914603,-1.9893479162427372,338408,46289.0,292119.0,338400,46260.0,8,29.0,false,
jonathanchan__ngc26-constraint-smart-logic-mix-blending,task093,data/kaggle_code_single_task/extracted_onnx/jonathanchan__ngc26-constraint-smart-logic-mix-blending/task093.onnx,pass,14.23410784214752,15.354118052333183,-1.1200102101856633,47377,15458.0,31919.0,47264,15400.0,113,58.0,false,
jonathanchan__ngc26-constraint-smart-logic-mix-blending,task094,data/kaggle_code_single_task/extracted_onnx/jonathanchan__ngc26-constraint-smart-logic-mix-blending/task094.onnx,pass,14.217653629598582,15.745451373359497,-1.5277977437609156,48163,10452.0,37711.0,48060,10340.0,103,112.0,false,
jonathanchan__ngc26-constraint-smart-logic-mix-blending,task095,data/kaggle_code_single_task/extracted_onnx/jonathanchan__ngc26-constraint-smart-logic-mix-blending/task095.onnx,pass,16.577117488055002,18.186555400489105,-1.6094379124341032,4550,910.0,3640.0,3640,0.0,910,910.0,false,
jonathanchan__ngc26-constraint-smart-logic-mix-blending,task096,data/kaggle_code_single_task/extracted_onnx/jonathanchan__ngc26-constraint-smart-logic-mix-blending/task096.onnx,pass,14.71233907482333,12.827184286371278,1.885154788452052,29368,193458.0,-164090.0,12725,192521.0,16643,937.0,true,
jonathanchan__ngc26-constraint-smart-logic-mix-blending,task097,data/kaggle_code_single_task/extracted_onnx/jonathanchan__ngc26-constraint-smart-logic-mix-blending/task097.onnx,pass,12.556802005635198,15.20070697648173,-2.643904970846531,253520,18021.0,235499.0,253456,18000.0,64,21.0,false,
jonathanchan__ngc26-constraint-smart-logic-mix-blending,task098,data/kaggle_code_single_task/extracted_onnx/jonathanchan__ngc26-constraint-smart-logic-mix-blending/task098.onnx,pass,15.408145740738167,18.186555400489105,-2.7784096597509382,14645,910.0,13735.0,14600,0.0,45,910.0,false,
jonathanchan__ngc26-constraint-smart-logic-mix-blending,task099,data/kaggle_code_single_task/extracted_onnx/jonathanchan__ngc26-constraint-smart-logic-mix-blending/task099.onnx,pass,14.891532866777334,16.500970779211436,-1.6094379124341014,24550,4910.0,19640.0,19640,0.0,4910,4910.0,false,
jonathanchan__ngc26-constraint-smart-logic-mix-blending,task100,data/kaggle_code_single_task/extracted_onnx/jonathanchan__ngc26-constraint-smart-logic-mix-blending/task100.onnx,pass,16.135394631924214,16.21491936346016,-0.07952473153594752,7077,6536.0,541.0,7033,6493.0,44,43.0,false,
jonathanchan__ngc26-constraint-smart-logic-mix-blending,task101,data/kaggle_code_single_task/extracted_onnx/jonathanchan__ngc26-constraint-smart-logic-mix-blending/task101.onnx,pass,13.904485714156337,12.166837180696787,1.7376485334595504,65875,374431.0,-308556.0,54322,374325.0,11553,106.0,true,
jonathanchan__ngc26-constraint-smart-logic-mix-blending,task102,data/kaggle_code_single_task/extracted_onnx/jonathanchan__ngc26-constraint-smart-logic-mix-blending/task102.onnx,pass,13.20302404881204,15.558071829926945,-2.355047781114905,132850,12606.0,120244.0,132140,12075.0,710,531.0,false,
jonathanchan__ngc26-constraint-smart-logic-mix-blending,task103,data/kaggle_code_single_task/extracted_onnx/jonathanchan__ngc26-constraint-smart-logic-mix-blending/task103.onnx,pass,19.372378886309363,19.737309811095116,-0.36493092478575306,278,193.0,85.0,221,159.0,57,34.0,false,
jonathanchan__ngc26-constraint-smart-logic-mix-blending,task104,data/kaggle_code_single_task/extracted_onnx/jonathanchan__ngc26-constraint-smart-logic-mix-blending/task104.onnx,pass,16.23876319316181,16.788788638206977,-0.5500254450451685,6382,3682.0,2700.0,5312,2692.0,1070,990.0,false,
jonathanchan__ngc26-constraint-smart-logic-mix-blending,task105,data/kaggle_code_single_task/extracted_onnx/jonathanchan__ngc26-constraint-smart-logic-mix-blending/task105.onnx,pass,14.15588038420356,16.138508135713085,-1.9826277515095256,51232,7055.0,44177.0,43964,6987.0,7268,68.0,false,
jonathanchan__ngc26-constraint-smart-logic-mix-blending,task106,data/kaggle_code_single_task/extracted_onnx/jonathanchan__ngc26-constraint-smart-logic-mix-blending/task106.onnx,pass,13.492077026652563,17.940382371708615,-4.448305345056053,99501,1164.0,98337.0,95854,1039.0,3647,125.0,false,
jonathanchan__ngc26-constraint-smart-logic-mix-blending,task107,data/kaggle_code_single_task/extracted_onnx/jonathanchan__ngc26-constraint-smart-logic-mix-blending/task107.onnx,pass,13.315552753097748,13.799992367549814,-0.4844396144520662,118711,73131.0,45580.0,105030,59450.0,13681,13681.0,false,
jonathanchan__ngc26-constraint-smart-logic-mix-blending,task108,data/kaggle_code_single_task/extracted_onnx/jonathanchan__ngc26-constraint-smart-logic-mix-blending/task108.onnx,pass,17.504458056115745,17.504458056115745,0.0,1800,1800.0,0.0,0,0.0,1800,1800.0,false,
jonathanchan__ngc26-constraint-smart-logic-mix-blending,task109,data/kaggle_code_single_task/extracted_onnx/jonathanchan__ngc26-constraint-smart-logic-mix-blending/task109.onnx,pass,12.878679467337893,13.539652865248629,-0.6609733979107357,183748,94878.0,88870.0,183656,93924.0,92,954.0,false,
jonathanchan__ngc26-constraint-smart-logic-mix-blending,task110,data/kaggle_code_single_task/extracted_onnx/jonathanchan__ngc26-constraint-smart-logic-mix-blending/task110.onnx,pass,11.835629410723072,13.411104725742392,-1.57547531501932,521451,107893.0,413558.0,520352,107543.0,1099,350.0,false,
jonathanchan__ngc26-constraint-smart-logic-mix-blending,task111,data/kaggle_code_single_task/extracted_onnx/jonathanchan__ngc26-constraint-smart-logic-mix-blending/task111.onnx,pass,16.5810813778521,18.319145321209785,-1.7380639433576839,4532,797.0,3735.0,4504,772.0,28,25.0,false,
jonathanchan__ngc26-constraint-smart-logic-mix-blending,task112,data/kaggle_code_single_task/extracted_onnx/jonathanchan__ngc26-constraint-smart-logic-mix-blending/task112.onnx,pass,13.68170351844578,14.010141445218116,-0.3284379267723363,82314,59270.0,23044.0,82208,59164.0,106,106.0,false,
jonathanchan__ngc26-constraint-smart-logic-mix-blending,task113,data/kaggle_code_single_task/extracted_onnx/jonathanchan__ngc26-constraint-smart-logic-mix-blending/task113.onnx,pass,21.598802618337846,21.598802618337846,0.0,30,30.0,0.0,0,0.0,30,30.0,false,
jonathanchan__ngc26-constraint-smart-logic-mix-blending,task114,data/kaggle_code_single_task/extracted_onnx/jonathanchan__ngc26-constraint-smart-logic-mix-blending/task114.onnx,pass,15.466851753596663,17.869901489874422,-2.40304973627776,13810,1249.0,12561.0,13592,1091.0,218,158.0,false,
jonathanchan__ngc26-constraint-smart-logic-mix-blending,task115,data/kaggle_code_single_task/extracted_onnx/jonathanchan__ngc26-constraint-smart-logic-mix-blending/task115.onnx,pass,13.083698273710484,16.67663430556392,-3.5929360318534354,149687,4119.0,145568.0,149495,4042.0,192,77.0,false,
jonathanchan__ngc26-constraint-smart-logic-mix-blending,task116,data/kaggle_code_single_task/extracted_onnx/jonathanchan__ngc26-constraint-smart-logic-mix-blending/task116.onnx,pass,21.598802618337846,21.598802618337846,0.0,30,30.0,0.0,0,0.0,30,30.0,false,
jonathanchan__ngc26-constraint-smart-logic-mix-blending,task117,data/kaggle_code_single_task/extracted_onnx/jonathanchan__ngc26-constraint-smart-logic-mix-blending/task117.onnx,pass,12.681952263429764,15.202317506360849,-2.520365242931085,223697,17992.0,205705.0,223638,17835.0,59,157.0,false,
jonathanchan__ngc26-constraint-smart-logic-mix-blending,task118,data/kaggle_code_single_task/extracted_onnx/jonathanchan__ngc26-constraint-smart-logic-mix-blending/task118.onnx,pass,13.997466919324204,13.336192047071197,0.6612748722530064,60026,116286.0,-56260.0,49986,116144.0,10040,142.0,true,
jonathanchan__ngc26-constraint-smart-logic-mix-blending,task119,data/kaggle_code_single_task/extracted_onnx/jonathanchan__ngc26-constraint-smart-logic-mix-blending/task119.onnx,pass,12.171795625147235,15.297955663465414,-3.1261600383181793,372579,16351.0,356228.0,371232,16251.0,1347,100.0,false,
jonathanchan__ngc26-constraint-smart-logic-mix-blending,task120,data/kaggle_code_single_task/extracted_onnx/jonathanchan__ngc26-constraint-smart-logic-mix-blending/task120.onnx,pass,16.577117488055002,18.186555400489105,-1.6094379124341032,4550,910.0,3640.0,3640,0.0,910,910.0,false,
jonathanchan__ngc26-constraint-smart-logic-mix-blending,task121,data/kaggle_code_single_task/extracted_onnx/jonathanchan__ngc26-constraint-smart-logic-mix-blending/task121.onnx,pass,16.215837777729526,16.215837777729526,0.0,6530,6530.0,0.0,6484,6484.0,46,46.0,false,
jonathanchan__ngc26-constraint-smart-logic-mix-blending,task122,data/kaggle_code_single_task/extracted_onnx/jonathanchan__ngc26-constraint-smart-logic-mix-blending/task122.onnx,pass,13.883247944977253,17.17196196787417,-3.2887140228969187,67289,2510.0,64779.0,67241,0.0,48,2510.0,false,
jonathanchan__ngc26-constraint-smart-logic-mix-blending,task123,data/kaggle_code_single_task/extracted_onnx/jonathanchan__ngc26-constraint-smart-logic-mix-blending/task123.onnx,pass,16.630379173050898,16.680526307557813,-0.05014713450691488,4314,4103.0,211.0,3365,3155.0,949,948.0,false,
jonathanchan__ngc26-constraint-smart-logic-mix-blending,task124,data/kaggle_code_single_task/extracted_onnx/jonathanchan__ngc26-constraint-smart-logic-mix-blending/task124.onnx,pass,15.23652192047221,15.634966238347337,-0.3984443178751267,17387,11673.0,5714.0,17034,11320.0,353,353.0,false,
jonathanchan__ngc26-constraint-smart-logic-mix-blending,task125,data/kaggle_code_single_task/extracted_onnx/jonathanchan__ngc26-constraint-smart-logic-mix-blending/task125.onnx,pass,14.768972845438666,15.495796696496955,-0.7268238510582883,27751,13416.0,14335.0,27000,13170.0,751,246.0,false,
jonathanchan__ngc26-constraint-smart-logic-mix-blending,task126,data/kaggle_code_single_task/extracted_onnx/jonathanchan__ngc26-constraint-smart-logic-mix-blending/task126.onnx,pass,13.066169242433729,13.636839844664504,-0.5706706022307753,152334,86091.0,66243.0,152288,86044.0,46,47.0,false,
jonathanchan__ngc26-constraint-smart-logic-mix-blending,task127,data/kaggle_code_single_task/extracted_onnx/jonathanchan__ngc26-constraint-smart-logic-mix-blending/task127.onnx,pass,18.197605236675688,18.197605236675688,0.0,900,900.0,0.0,0,0.0,900,900.0,false,
jonathanchan__ngc26-constraint-smart-logic-mix-blending,task128,data/kaggle_code_single_task/extracted_onnx/jonathanchan__ngc26-constraint-smart-logic-mix-blending/task128.onnx,pass,12.923119603380998,13.693373260405208,-0.7702536570242096,175761,81359.0,94402.0,175660,81285.0,101,74.0,false,
jonathanchan__ngc26-constraint-smart-logic-mix-blending,task129,data/kaggle_code_single_task/extracted_onnx/jonathanchan__ngc26-constraint-smart-logic-mix-blending/task129.onnx,pass,18.22235340636488,18.306676331730053,-0.08432292536517139,878,807.0,71.0,848,778.0,30,29.0,false,
jonathanchan__ngc26-constraint-smart-logic-mix-blending,task130,data/kaggle_code_single_task/extracted_onnx/jonathanchan__ngc26-constraint-smart-logic-mix-blending/task130.onnx,pass,15.322911291498754,15.323538526042306,-0.0006272345435522908,15948,15938.0,10.0,15840,15840.0,108,98.0,false,
jonathanchan__ngc26-constraint-smart-logic-mix-blending,task131,data/kaggle_code_single_task/extracted_onnx/jonathanchan__ngc26-constraint-smart-logic-mix-blending/task131.onnx,pass,13.935363640328864,14.295632567101045,-0.36026892677218036,63872,44550.0,19322.0,62923,43599.0,949,951.0,false,
jonathanchan__ngc26-constraint-smart-logic-mix-blending,task132,data/kaggle_code_single_task/extracted_onnx/jonathanchan__ngc26-constraint-smart-logic-mix-blending/task132.onnx,pass,14.38162823726114,14.709279200950512,-0.3276509636893721,40879,29458.0,11421.0,40815,29394.0,64,64.0,false,
jonathanchan__ngc26-constraint-smart-logic-mix-blending,task133,data/kaggle_code_single_task/extracted_onnx/jonathanchan__ngc26-constraint-smart-logic-mix-blending/task133.onnx,fail,0.0,12.810671762888107,-12.810671762888107,151176,196679.0,-45503.0,132444,196254.0,18732,425.0,false,
jonathanchan__ngc26-constraint-smart-logic-mix-blending,task134,data/kaggle_code_single_task/extracted_onnx/jonathanchan__ngc26-constraint-smart-logic-mix-blending/task134.onnx,pass,15.255039355692109,15.576162453761413,-0.32112309806930384,17068,12380.0,4688.0,16987,12300.0,81,80.0,false,
jonathanchan__ngc26-constraint-smart-logic-mix-blending,task135,data/kaggle_code_single_task/extracted_onnx/jonathanchan__ngc26-constraint-smart-logic-mix-blending/task135.onnx,pass,19.097366666598635,19.113895968549844,-0.016529301951209163,366,360.0,6.0,360,360.0,6,0.0,false,
jonathanchan__ngc26-constraint-smart-logic-mix-blending,task136,data/kaggle_code_single_task/extracted_onnx/jonathanchan__ngc26-constraint-smart-logic-mix-blending/task136.onnx,pass,14.741814456409362,16.516156788265317,-1.774342331855955,28515,4836.0,23679.0,28128,4700.0,387,136.0,false,
jonathanchan__ngc26-constraint-smart-logic-mix-blending,task137,data/kaggle_code_single_task/extracted_onnx/jonathanchan__ngc26-constraint-smart-logic-mix-blending/task137.onnx,pass,13.188281913948728,13.821401075304742,-0.6331191613560136,134823,71582.0,63241.0,134746,71506.0,77,76.0,false,
jonathanchan__ngc26-constraint-smart-logic-mix-blending,task138,data/kaggle_code_single_task/extracted_onnx/jonathanchan__ngc26-constraint-smart-logic-mix-blending/task138.onnx,pass,11.831184427442354,14.211361567031112,-2.380177139588758,523774,48467.0,475307.0,523628,48342.0,146,125.0,false,
jonathanchan__ngc26-constraint-smart-logic-mix-blending,task139,data/kaggle_code_single_task/extracted_onnx/jonathanchan__ngc26-constraint-smart-logic-mix-blending/task139.onnx,pass,15.5902351633302,16.803012072741105,-1.2127769094109038,12207,3630.0,8577.0,12069,3456.0,138,174.0,false,
jonathanchan__ngc26-constraint-smart-logic-mix-blending,task140,data/kaggle_code_single_task/extracted_onnx/jonathanchan__ngc26-constraint-smart-logic-mix-blending/task140.onnx,pass,19.070410856610106,19.09191706183107,-0.02150620522096247,376,368.0,8.0,360,360.0,16,8.0,false,
jonathanchan__ngc26-constraint-smart-logic-mix-blending,task141,data/kaggle_code_single_task/extracted_onnx/jonathanchan__ngc26-constraint-smart-logic-mix-blending/task141.onnx,pass,15.330274677926223,15.33103297180142,-0.0007582938751973245,15831,15819.0,12.0,15750,15750.0,81,69.0,false,
jonathanchan__ngc26-constraint-smart-logic-mix-blending,task142,data/kaggle_code_single_task/extracted_onnx/jonathanchan__ngc26-constraint-smart-logic-mix-blending/task142.onnx,pass,17.504458056115745,17.504458056115745,0.0,1800,1800.0,0.0,0,0.0,1800,1800.0,false,
jonathanchan__ngc26-constraint-smart-logic-mix-blending,task143,data/kaggle_code_single_task/extracted_onnx/jonathanchan__ngc26-constraint-smart-logic-mix-blending/task143.onnx,pass,14.956098543748658,15.12486048297936,-0.16876193923070204,23015,19441.0,3574.0,22956,19384.0,59,57.0,false,
jonathanchan__ngc26-constraint-smart-logic-mix-blending,task144,data/kaggle_code_single_task/extracted_onnx/jonathanchan__ngc26-constraint-smart-logic-mix-blending/task144.onnx,pass,17.856382397295878,18.93621479131239,-1.0798323940165133,1266,430.0,836.0,1216,384.0,50,46.0,false,
jonathanchan__ngc26-constraint-smart-logic-mix-blending,task145,data/kaggle_code_single_task/extracted_onnx/jonathanchan__ngc26-constraint-smart-logic-mix-blending/task145.onnx,pass,13.187110693225081,13.847226946929018,-0.6601162537039365,134981,69757.0,65224.0,134048,68824.0,933,933.0,false,
jonathanchan__ngc26-constraint-smart-logic-mix-blending,task146,data/kaggle_code_single_task/extracted_onnx/jonathanchan__ngc26-constraint-smart-logic-mix-blending/task146.onnx,pass,12.697022991505538,17.27865138738205,-4.581628395876514,220351,2256.0,218095.0,220335,2232.0,16,24.0,false,
jonathanchan__ngc26-constraint-smart-logic-mix-blending,task147,data/kaggle_code_single_task/extracted_onnx/jonathanchan__ngc26-constraint-smart-logic-mix-blending/task147.onnx,pass,17.110540850595477,18.186555400489105,-1.0760145498936282,2669,910.0,1759.0,2592,0.0,77,910.0,false,
jonathanchan__ngc26-constraint-smart-logic-mix-blending,task148,data/kaggle_code_single_task/extracted_onnx/jonathanchan__ngc26-constraint-smart-logic-mix-blending/task148.onnx,pass,14.51170243060831,14.99988495388028,-0.48818252327196987,35893,22029.0,13864.0,35540,21676.0,353,353.0,false,
jonathanchan__ngc26-constraint-smart-logic-mix-blending,task149,data/kaggle_code_single_task/extracted_onnx/jonathanchan__ngc26-constraint-smart-logic-mix-blending/task149.onnx,pass,16.4432015539914,19.54041448585584,-3.0972129318644406,5202,235.0,4967.0,5158,144.0,44,91.0,false,
jonathanchan__ngc26-constraint-smart-logic-mix-blending,task150,data/kaggle_code_single_task/extracted_onnx/jonathanchan__ngc26-constraint-smart-logic-mix-blending/task150.onnx,pass,16.549587842274114,18.47643769385049,-1.9268498515763746,4677,681.0,3996.0,4640,650.0,37,31.0,false,
jonathanchan__ngc26-constraint-smart-logic-mix-blending,task151,data/kaggle_code_single_task/extracted_onnx/jonathanchan__ngc26-constraint-smart-logic-mix-blending/task151.onnx,pass,14.951287195311092,18.186555400489105,-3.235268205178013,23126,910.0,22216.0,23040,0.0,86,910.0,false,
jonathanchan__ngc26-constraint-smart-logic-mix-blending,task152,data/kaggle_code_single_task/extracted_onnx/jonathanchan__ngc26-constraint-smart-logic-mix-blending/task152.onnx,pass,17.504458056115745,17.504458056115745,0.0,1800,1800.0,0.0,0,0.0,1800,1800.0,false,
jonathanchan__ngc26-constraint-smart-logic-mix-blending,task153,data/kaggle_code_single_task/extracted_onnx/jonathanchan__ngc26-constraint-smart-logic-mix-blending/task153.onnx,pass,15.649897685648659,15.029134212133924,0.6207634735147352,11500,21394.0,-9894.0,8721,21213.0,2779,181.0,true,
jonathanchan__ngc26-constraint-smart-logic-mix-blending,task154,data/kaggle_code_single_task/extracted_onnx/jonathanchan__ngc26-constraint-smart-logic-mix-blending/task154.onnx,pass,13.783461048111699,14.596525348878876,-0.8130643007671772,74350,32974.0,41376.0,73384,31984.0,966,990.0,false,
jonathanchan__ngc26-constraint-smart-logic-mix-blending,task155,data/kaggle_code_single_task/extracted_onnx/jonathanchan__ngc26-constraint-smart-logic-mix-blending/task155.onnx,pass,16.549587842274114,18.47643769385049,-1.9268498515763746,4677,681.0,3996.0,4640,650.0,37,31.0,false,
jonathanchan__ngc26-constraint-smart-logic-mix-blending,task156,data/kaggle_code_single_task/extracted_onnx/jonathanchan__ngc26-constraint-smart-logic-mix-blending/task156.onnx,pass,13.708494572447707,14.813177309255789,-1.1046827368080816,80138,26551.0,53587.0,79171,24653.0,967,1898.0,false,
jonathanchan__ngc26-constraint-smart-logic-mix-blending,task157,data/kaggle_code_single_task/extracted_onnx/jonathanchan__ngc26-constraint-smart-logic-mix-blending/task157.onnx,pass,13.646762182274843,13.72024316999107,-0.07348098771622702,85241,79202.0,6039.0,61323,78551.0,23918,651.0,false,
jonathanchan__ngc26-constraint-smart-logic-mix-blending,task158,data/kaggle_code_single_task/extracted_onnx/jonathanchan__ngc26-constraint-smart-logic-mix-blending/task158.onnx,pass,12.883972419349877,12.837576257600388,0.046396161749489906,182778,191458.0,-8680.0,146688,191092.0,36090,366.0,true,
jonathanchan__ngc26-constraint-smart-logic-mix-blending,task159,data/kaggle_code_single_task/extracted_onnx/jonathanchan__ngc26-constraint-smart-logic-mix-blending/task159.onnx,pass,12.564209461576487,15.067099286895523,-2.502889825319036,251649,20597.0,231052.0,247544,20519.0,4105,78.0,false,
jonathanchan__ngc26-constraint-smart-logic-mix-blending,task160,data/kaggle_code_single_task/extracted_onnx/jonathanchan__ngc26-constraint-smart-logic-mix-blending/task160.onnx,pass,15.453401700079354,16.569454615309432,-1.1160529152300782,13997,4585.0,9412.0,13900,4520.0,97,65.0,false,
jonathanchan__ngc26-constraint-smart-logic-mix-blending,task161,data/kaggle_code_single_task/extracted_onnx/jonathanchan__ngc26-constraint-smart-logic-mix-blending/task161.onnx,pass,12.79585420966354,13.923426777221719,-1.127572567558179,199615,64639.0,134976.0,199535,64611.0,80,28.0,false,
jonathanchan__ngc26-constraint-smart-logic-mix-blending,task162,data/kaggle_code_single_task/extracted_onnx/jonathanchan__ngc26-constraint-smart-logic-mix-blending/task162.onnx,pass,13.606488900581505,13.944501582071068,-0.33801268148956254,88744,63291.0,25453.0,88696,63248.0,48,43.0,false,
jonathanchan__ngc26-constraint-smart-logic-mix-blending,task163,data/kaggle_code_single_task/extracted_onnx/jonathanchan__ngc26-constraint-smart-logic-mix-blending/task163.onnx,pass,14.390078922578192,14.911070763333674,-0.5209918407554817,40535,24075.0,16460.0,38890,22430.0,1645,1645.0,false,
jonathanchan__ngc26-constraint-smart-logic-mix-blending,task164,data/kaggle_code_single_task/extracted_onnx/jonathanchan__ngc26-constraint-smart-logic-mix-blending/task164.onnx,pass,21.598802618337846,21.598802618337846,0.0,30,30.0,0.0,0,0.0,30,30.0,false,
jonathanchan__ngc26-constraint-smart-logic-mix-blending,task165,data/kaggle_code_single_task/extracted_onnx/jonathanchan__ngc26-constraint-smart-logic-mix-blending/task165.onnx,pass,13.360503560007135,13.87976163077872,-0.5192580707715848,113493,67524.0,45969.0,112500,66530.0,993,994.0,false,
jonathanchan__ngc26-constraint-smart-logic-mix-blending,task166,data/kaggle_code_single_task/extracted_onnx/jonathanchan__ngc26-constraint-smart-logic-mix-blending/task166.onnx,pass,14.569980811376263,14.881844714630706,-0.3118639032544426,33861,24789.0,9072.0,33824,24752.0,37,37.0,false,
jonathanchan__ngc26-constraint-smart-logic-mix-blending,task167,data/kaggle_code_single_task/extracted_onnx/jonathanchan__ngc26-constraint-smart-logic-mix-blending/task167.onnx,pass,18.294360905139996,18.470581161737776,-0.17622025659778018,817,685.0,132.0,523,391.0,294,294.0,false,
jonathanchan__ngc26-constraint-smart-logic-mix-blending,task168,data/kaggle_code_single_task/extracted_onnx/jonathanchan__ngc26-constraint-smart-logic-mix-blending/task168.onnx,pass,14.099453117592168,15.076562772156251,-0.9771096545640834,54206,20403.0,33803.0,53692,20218.0,514,185.0,false,
jonathanchan__ngc26-constraint-smart-logic-mix-blending,task169,data/kaggle_code_single_task/extracted_onnx/jonathanchan__ngc26-constraint-smart-logic-mix-blending/task169.onnx,pass,14.018323978992306,14.929812271572874,-0.9114882925805681,58787,23628.0,35159.0,57816,22973.0,971,655.0,false,
jonathanchan__ngc26-constraint-smart-logic-mix-blending,task170,data/kaggle_code_single_task/extracted_onnx/jonathanchan__ngc26-constraint-smart-logic-mix-blending/task170.onnx,pass,13.683929187521063,13.728331141770909,-0.04440195424984594,82131,78564.0,3567.0,78315,78315.0,3816,249.0,false,
jonathanchan__ngc26-constraint-smart-logic-mix-blending,task171,data/kaggle_code_single_task/extracted_onnx/jonathanchan__ngc26-constraint-smart-logic-mix-blending/task171.onnx,pass,17.308799902477137,18.186555400489105,-0.8777554980119682,2189,910.0,1279.0,2065,0.0,124,910.0,false,
jonathanchan__ngc26-constraint-smart-logic-mix-blending,task172,data/kaggle_code_single_task/extracted_onnx/jonathanchan__ngc26-constraint-smart-logic-mix-blending/task172.onnx,pass,21.598802618337846,21.598802618337846,0.0,30,30.0,0.0,0,0.0,30,30.0,false,
jonathanchan__ngc26-constraint-smart-logic-mix-blending,task173,data/kaggle_code_single_task/extracted_onnx/jonathanchan__ngc26-constraint-smart-logic-mix-blending/task173.onnx,pass,12.001579843290845,12.926071138839562,-0.9244912955487177,441715,175243.0,266472.0,441500,175026.0,215,217.0,false,
jonathanchan__ngc26-constraint-smart-logic-mix-blending,task174,data/kaggle_code_single_task/extracted_onnx/jonathanchan__ngc26-constraint-smart-logic-mix-blending/task174.onnx,pass,13.829973378119483,14.140635684557754,-0.310662306438271,70971,52019.0,18952.0,70899,51945.0,72,74.0,false,
jonathanchan__ngc26-constraint-smart-logic-mix-blending,task175,data/kaggle_code_single_task/extracted_onnx/jonathanchan__ngc26-constraint-smart-logic-mix-blending/task175.onnx,pass,14.60554265240923,13.54026436354389,1.0652782888653398,32678,94820.0,-62142.0,32176,92072.0,502,2748.0,true,
jonathanchan__ngc26-constraint-smart-logic-mix-blending,task176,data/kaggle_code_single_task/extracted_onnx/jonathanchan__ngc26-constraint-smart-logic-mix-blending/task176.onnx,pass,15.818059102545515,16.022853515191528,-0.20479441264601306,9720,7920.0,1800.0,9600,7800.0,120,120.0,false,
jonathanchan__ngc26-constraint-smart-logic-mix-blending,task177,data/kaggle_code_single_task/extracted_onnx/jonathanchan__ngc26-constraint-smart-logic-mix-blending/task177.onnx,pass,13.355476259673026,13.978195575521427,-0.6227193158484017,114065,61194.0,52871.0,113960,61092.0,105,102.0,false,
jonathanchan__ngc26-constraint-smart-logic-mix-blending,task178,data/kaggle_code_single_task/extracted_onnx/jonathanchan__ngc26-constraint-smart-logic-mix-blending/task178.onnx,pass,14.383195060114543,15.478065735525723,-1.0948706754111797,40815,13656.0,27159.0,40246,13569.0,569,87.0,false,
jonathanchan__ngc26-constraint-smart-logic-mix-blending,task179,data/kaggle_code_single_task/extracted_onnx/jonathanchan__ngc26-constraint-smart-logic-mix-blending/task179.onnx,pass,25.0,25.0,0.0,0,0.0,0.0,0,0.0,0,0.0,false,
jonathanchan__ngc26-constraint-smart-logic-mix-blending,task180,data/kaggle_code_single_task/extracted_onnx/jonathanchan__ngc26-constraint-smart-logic-mix-blending/task180.onnx,pass,15.440764871404047,16.084030688626395,-0.643265817222348,14175,7450.0,6725.0,14096,6528.0,79,922.0,false,
jonathanchan__ngc26-constraint-smart-logic-mix-blending,task181,data/kaggle_code_single_task/extracted_onnx/jonathanchan__ngc26-constraint-smart-logic-mix-blending/task181.onnx,pass,13.794850477184685,17.91493570604745,-4.1200852288627665,73508,1194.0,72314.0,73448,1108.0,60,86.0,false,
jonathanchan__ngc26-constraint-smart-logic-mix-blending,task182,data/kaggle_code_single_task/extracted_onnx/jonathanchan__ngc26-constraint-smart-logic-mix-blending/task182.onnx,pass,12.748719790632219,14.22901287975965,-1.4802930891274304,209249,47619.0,161630.0,93891,46580.0,115358,1039.0,false,
jonathanchan__ngc26-constraint-smart-logic-mix-blending,task183,data/kaggle_code_single_task/extracted_onnx/jonathanchan__ngc26-constraint-smart-logic-mix-blending/task183.onnx,pass,14.712543399700595,14.878662884610772,-0.16611948491017792,29362,24868.0,4494.0,29324,24840.0,38,28.0,false,
jonathanchan__ngc26-constraint-smart-logic-mix-blending,task184,data/kaggle_code_single_task/extracted_onnx/jonathanchan__ngc26-constraint-smart-logic-mix-blending/task184.onnx,pass,14.12182074071524,14.432407952356657,-0.3105872116414172,53007,38855.0,14152.0,52971,28880.0,36,9975.0,false,
jonathanchan__ngc26-constraint-smart-logic-mix-blending,task185,data/kaggle_code_single_task/extracted_onnx/jonathanchan__ngc26-constraint-smart-logic-mix-blending/task185.onnx,pass,13.763645234726843,14.00485763936326,-0.2412124046364177,75838,59584.0,16254.0,75771,59517.0,67,67.0,false,
jonathanchan__ngc26-constraint-smart-logic-mix-blending,task186,data/kaggle_code_single_task/extracted_onnx/jonathanchan__ngc26-constraint-smart-logic-mix-blending/task186.onnx,pass,18.31789140255019,19.10284613236326,-0.7849547298130695,798,364.0,434.0,416,318.0,382,46.0,false,
jonathanchan__ngc26-constraint-smart-logic-mix-blending,task187,data/kaggle_code_single_task/extracted_onnx/jonathanchan__ngc26-constraint-smart-logic-mix-blending/task187.onnx,pass,12.46251432264169,13.654168620492959,-1.1916542978512688,278587,84612.0,193975.0,277916,83700.0,671,912.0,false,
jonathanchan__ngc26-constraint-smart-logic-mix-blending,task188,data/kaggle_code_single_task/extracted_onnx/jonathanchan__ngc26-constraint-smart-logic-mix-blending/task188.onnx,pass,15.692442177308457,15.692532917293095,-9.073998463726696e-05,11021,11020.0,1.0,10972,10972.0,49,48.0,false,
jonathanchan__ngc26-constraint-smart-logic-mix-blending,task189,data/kaggle_code_single_task/extracted_onnx/jonathanchan__ngc26-constraint-smart-logic-mix-blending/task189.onnx,pass,14.256239202013633,14.887914167591697,-0.631674965578064,46340,24639.0,21701.0,46036,24380.0,304,259.0,false,
jonathanchan__ngc26-constraint-smart-logic-mix-blending,task190,data/kaggle_code_single_task/extracted_onnx/jonathanchan__ngc26-constraint-smart-logic-mix-blending/task190.onnx,pass,15.670455380545341,15.675973863620001,-0.005518483074659741,11266,11204.0,62.0,11026,11026.0,240,178.0,false,
jonathanchan__ngc26-constraint-smart-logic-mix-blending,task191,data/kaggle_code_single_task/extracted_onnx/jonathanchan__ngc26-constraint-smart-logic-mix-blending/task191.onnx,pass,13.788274226882638,13.638839729058745,0.1494344978238935,73993,85919.0,-11926.0,55133,85432.0,18860,487.0,true,
jonathanchan__ngc26-constraint-smart-logic-mix-blending,task192,data/kaggle_code_single_task/extracted_onnx/jonathanchan__ngc26-constraint-smart-logic-mix-blending/task192.onnx,pass,13.758870135051794,14.14161657647865,-0.3827464414268569,76201,51968.0,24233.0,76138,51898.0,63,70.0,false,
jonathanchan__ngc26-constraint-smart-logic-mix-blending,task193,data/kaggle_code_single_task/extracted_onnx/jonathanchan__ngc26-constraint-smart-logic-mix-blending/task193.onnx,pass,13.781942363296277,14.109558240338645,-0.3276158770423674,74463,53661.0,20802.0,74400,53600.0,63,61.0,false,
jonathanchan__ngc26-constraint-smart-logic-mix-blending,task194,data/kaggle_code_single_task/extracted_onnx/jonathanchan__ngc26-constraint-smart-logic-mix-blending/task194.onnx,pass,17.504458056115745,17.504458056115745,0.0,1800,1800.0,0.0,0,0.0,1800,1800.0,false,
jonathanchan__ngc26-constraint-smart-logic-mix-blending,task195,data/kaggle_code_single_task/extracted_onnx/jonathanchan__ngc26-constraint-smart-logic-mix-blending/task195.onnx,pass,13.607571249383838,15.436962585454308,-1.8293913360704703,88648,14229.0,74419.0,87620,12310.0,1028,1919.0,false,
jonathanchan__ngc26-constraint-smart-logic-mix-blending,task196,data/kaggle_code_single_task/extracted_onnx/jonathanchan__ngc26-constraint-smart-logic-mix-blending/task196.onnx,pass,14.244909581211953,14.619005786490737,-0.37409620527878396,46868,32241.0,14627.0,46800,32175.0,68,66.0,false,
jonathanchan__ngc26-constraint-smart-logic-mix-blending,task197,data/kaggle_code_single_task/extracted_onnx/jonathanchan__ngc26-constraint-smart-logic-mix-blending/task197.onnx,pass,13.344698620753574,14.166555524825903,-0.8218569040723285,115301,50688.0,64613.0,112584,50672.0,2717,16.0,false,
jonathanchan__ngc26-constraint-smart-logic-mix-blending,task198,data/kaggle_code_single_task/extracted_onnx/jonathanchan__ngc26-constraint-smart-logic-mix-blending/task198.onnx,pass,12.931644638584075,13.449576458609688,-0.5179318200256127,174269,103821.0,70448.0,173356,102908.0,913,913.0,false,
jonathanchan__ngc26-constraint-smart-logic-mix-blending,task199,data/kaggle_code_single_task/extracted_onnx/jonathanchan__ngc26-constraint-smart-logic-mix-blending/task199.onnx,pass,15.309087047428848,15.30989132872317,-0.0008042812943216404,16170,16157.0,13.0,16103,16103.0,67,54.0,false,
jonathanchan__ngc26-constraint-smart-logic-mix-blending,task200,data/kaggle_code_single_task/extracted_onnx/jonathanchan__ngc26-constraint-smart-logic-mix-blending/task200.onnx,pass,13.982716023470722,16.90867872646959,-2.9259627029988664,60918,3266.0,57652.0,58866,3212.0,2052,54.0,false,
jonathanchan__ngc26-constraint-smart-logic-mix-blending,task201,data/kaggle_code_single_task/extracted_onnx/jonathanchan__ngc26-constraint-smart-logic-mix-blending/task201.onnx,pass,12.949289601281377,13.562876248446054,-0.6135866471646771,171221,92700.0,78521.0,170289,92392.0,932,308.0,false,
jonathanchan__ngc26-constraint-smart-logic-mix-blending,task202,data/kaggle_code_single_task/extracted_onnx/jonathanchan__ngc26-constraint-smart-logic-mix-blending/task202.onnx,pass,12.417777778195852,13.258187509088495,-0.8404097308926435,291333,125720.0,165613.0,291309,125706.0,24,14.0,false,
jonathanchan__ngc26-constraint-smart-logic-mix-blending,task203,data/kaggle_code_single_task/extracted_onnx/jonathanchan__ngc26-constraint-smart-logic-mix-blending/task203.onnx,pass,13.207626267505095,13.610350127195805,-0.4027238596907097,132240,88402.0,43838.0,131540,87712.0,700,690.0,false,
jonathanchan__ngc26-constraint-smart-logic-mix-blending,task204,data/kaggle_code_single_task/extracted_onnx/jonathanchan__ngc26-constraint-smart-logic-mix-blending/task204.onnx,pass,13.060866065783708,13.307707338062253,-0.24684127227854447,153144,119646.0,33498.0,152100,118400.0,1044,1246.0,false,
jonathanchan__ngc26-constraint-smart-logic-mix-blending,task205,data/kaggle_code_single_task/extracted_onnx/jonathanchan__ngc26-constraint-smart-logic-mix-blending/task205.onnx,pass,13.301375355497767,13.370955104619776,-0.06957974912200982,120406,112313.0,8093.0,99954,110591.0,20452,1722.0,false,
jonathanchan__ngc26-constraint-smart-logic-mix-blending,task206,data/kaggle_code_single_task/extracted_onnx/jonathanchan__ngc26-constraint-smart-logic-mix-blending/task206.onnx,pass,13.295908869581925,13.975062924893004,-0.6791540553110789,121066,61386.0,59680.0,120836,61296.0,230,90.0,false,
jonathanchan__ngc26-constraint-smart-logic-mix-blending,task207,data/kaggle_code_single_task/extracted_onnx/jonathanchan__ngc26-constraint-smart-logic-mix-blending/task207.onnx,pass,17.22220737366117,17.463636061595487,-0.2414286879343166,2387,1875.0,512.0,2352,1840.0,35,35.0,false,
jonathanchan__ngc26-constraint-smart-logic-mix-blending,task208,data/kaggle_code_single_task/extracted_onnx/jonathanchan__ngc26-constraint-smart-logic-mix-blending/task208.onnx,pass,13.123341557712477,14.236326566974489,-1.1129850092620117,143869,47272.0,96597.0,143353,47093.0,516,179.0,false,
jonathanchan__ngc26-constraint-smart-logic-mix-blending,task209,data/kaggle_code_single_task/extracted_onnx/jonathanchan__ngc26-constraint-smart-logic-mix-blending/task209.onnx,pass,13.757086972350876,13.28530989269121,0.47177707965966675,76337,122356.0,-46019.0,31494,122191.0,44843,165.0,true,
jonathanchan__ngc26-constraint-smart-logic-mix-blending,task210,data/kaggle_code_single_task/extracted_onnx/jonathanchan__ngc26-constraint-smart-logic-mix-blending/task210.onnx,pass,21.598802618337846,21.598802618337846,0.0,30,30.0,0.0,0,0.0,30,30.0,false,
jonathanchan__ngc26-constraint-smart-logic-mix-blending,task211,data/kaggle_code_single_task/extracted_onnx/jonathanchan__ngc26-constraint-smart-logic-mix-blending/task211.onnx,pass,17.504458056115745,17.504458056115745,0.0,1800,1800.0,0.0,0,0.0,1800,1800.0,false,
jonathanchan__ngc26-constraint-smart-logic-mix-blending,task212,data/kaggle_code_single_task/extracted_onnx/jonathanchan__ngc26-constraint-smart-logic-mix-blending/task212.onnx,pass,15.24669600673002,15.876307434749489,-0.6296114280194693,17211,9170.0,8041.0,16974,9032.0,237,138.0,false,
jonathanchan__ngc26-constraint-smart-logic-mix-blending,task213,data/kaggle_code_single_task/extracted_onnx/jonathanchan__ngc26-constraint-smart-logic-mix-blending/task213.onnx,pass,13.77674525018803,14.177325912477691,-0.40058066228966105,74851,50145.0,24706.0,74691,50005.0,160,140.0,false,
jonathanchan__ngc26-constraint-smart-logic-mix-blending,task214,data/kaggle_code_single_task/extracted_onnx/jonathanchan__ngc26-constraint-smart-logic-mix-blending/task214.onnx,pass,17.504458056115745,17.504458056115745,0.0,1800,1800.0,0.0,0,0.0,1800,1800.0,false,
jonathanchan__ngc26-constraint-smart-logic-mix-blending,task215,data/kaggle_code_single_task/extracted_onnx/jonathanchan__ngc26-constraint-smart-logic-mix-blending/task215.onnx,pass,13.619669223641367,14.452187931601495,-0.8325187079601282,87582,38094.0,49488.0,83964,37982.0,3618,112.0,false,
jonathanchan__ngc26-constraint-smart-logic-mix-blending,task216,data/kaggle_code_single_task/extracted_onnx/jonathanchan__ngc26-constraint-smart-logic-mix-blending/task216.onnx,pass,12.27378031044477,13.451977697992342,-1.1781973875475718,336455,103572.0,232883.0,336348,103472.0,107,100.0,false,
jonathanchan__ngc26-constraint-smart-logic-mix-blending,task217,data/kaggle_code_single_task/extracted_onnx/jonathanchan__ngc26-constraint-smart-logic-mix-blending/task217.onnx,pass,13.104264117486414,15.206104124093967,-2.101840006607553,146640,17924.0,128716.0,145596,17901.0,1044,23.0,false,
jonathanchan__ngc26-constraint-smart-logic-mix-blending,task218,data/kaggle_code_single_task/extracted_onnx/jonathanchan__ngc26-constraint-smart-logic-mix-blending/task218.onnx,pass,14.940834363284193,14.948006239164648,-0.007171875880455758,23369,23202.0,167.0,23324,23158.0,45,44.0,false,
jonathanchan__ngc26-constraint-smart-logic-mix-blending,task219,data/kaggle_code_single_task/extracted_onnx/jonathanchan__ngc26-constraint-smart-logic-mix-blending/task219.onnx,pass,14.218172835018288,13.651395086474174,0.5667777485441139,48138,84847.0,-36709.0,19856,84750.0,28282,97.0,true,
jonathanchan__ngc26-constraint-smart-logic-mix-blending,task220,data/kaggle_code_single_task/extracted_onnx/jonathanchan__ngc26-constraint-smart-logic-mix-blending/task220.onnx,pass,16.58816732424159,18.197605236675688,-1.6094379124340996,4500,900.0,3600.0,3600,0.0,900,900.0,false,
jonathanchan__ngc26-constraint-smart-logic-mix-blending,task221,data/kaggle_code_single_task/extracted_onnx/jonathanchan__ngc26-constraint-smart-logic-mix-blending/task221.onnx,pass,13.327151973179296,14.069235056400384,-0.7420830832210878,117342,55869.0,61473.0,112321,50841.0,5021,5028.0,false,
jonathanchan__ngc26-constraint-smart-logic-mix-blending,task222,data/kaggle_code_single_task/extracted_onnx/jonathanchan__ngc26-constraint-smart-logic-mix-blending/task222.onnx,pass,13.588288105607068,14.031198444197276,-0.4429103385902078,90374,58035.0,32339.0,90286,57948.0,88,87.0,false,
jonathanchan__ngc26-constraint-smart-logic-mix-blending,task223,data/kaggle_code_single_task/extracted_onnx/jonathanchan__ngc26-constraint-smart-logic-mix-blending/task223.onnx,pass,17.504458056115745,17.504458056115745,0.0,1800,1800.0,0.0,0,0.0,1800,1800.0,false,
jonathanchan__ngc26-constraint-smart-logic-mix-blending,task224,data/kaggle_code_single_task/extracted_onnx/jonathanchan__ngc26-constraint-smart-logic-mix-blending/task224.onnx,pass,13.825825365675732,14.275455898281896,-0.4496305326061645,71266,45458.0,25808.0,70958,45276.0,308,182.0,false,
jonathanchan__ngc26-constraint-smart-logic-mix-blending,task225,data/kaggle_code_single_task/extracted_onnx/jonathanchan__ngc26-constraint-smart-logic-mix-blending/task225.onnx,pass,15.148226883150551,15.68728356140695,-0.539056678256399,18992,11078.0,7914.0,18384,10428.0,608,650.0,false,
jonathanchan__ngc26-constraint-smart-logic-mix-blending,task226,data/kaggle_code_single_task/extracted_onnx/jonathanchan__ngc26-constraint-smart-logic-mix-blending/task226.onnx,pass,15.86147791581429,16.53220715887889,-0.670729243064601,9307,4759.0,4548.0,9156,4608.0,151,151.0,false,
jonathanchan__ngc26-constraint-smart-logic-mix-blending,task227,data/kaggle_code_single_task/extracted_onnx/jonathanchan__ngc26-constraint-smart-logic-mix-blending/task227.onnx,pass,16.838624976802514,17.018266713308115,-0.17964173650560156,3503,2927.0,576.0,3456,2880.0,47,47.0,false,
jonathanchan__ngc26-constraint-smart-logic-mix-blending,task228,data/kaggle_code_single_task/extracted_onnx/jonathanchan__ngc26-constraint-smart-logic-mix-blending/task228.onnx,pass,14.373952106335578,14.86993479941538,-0.495982693079803,41194,25086.0,16108.0,41116,25008.0,78,78.0,false,
jonathanchan__ngc26-constraint-smart-logic-mix-blending,task229,data/kaggle_code_single_task/extracted_onnx/jonathanchan__ngc26-constraint-smart-logic-mix-blending/task229.onnx,pass,17.35316860856952,17.74936448810132,-0.3961958795318026,2094,1409.0,685.0,2050,1364.0,44,45.0,false,
jonathanchan__ngc26-constraint-smart-logic-mix-blending,task230,data/kaggle_code_single_task/extracted_onnx/jonathanchan__ngc26-constraint-smart-logic-mix-blending/task230.onnx,pass,16.58816732424159,18.197605236675688,-1.6094379124340996,4500,900.0,3600.0,3600,0.0,900,900.0,false,
jonathanchan__ngc26-constraint-smart-logic-mix-blending,task231,data/kaggle_code_single_task/extracted_onnx/jonathanchan__ngc26-constraint-smart-logic-mix-blending/task231.onnx,pass,14.290527773640557,14.445698819920006,-0.1551710462794489,44778,38342.0,6436.0,44676,38241.0,102,101.0,false,
jonathanchan__ngc26-constraint-smart-logic-mix-blending,task232,data/kaggle_code_single_task/extracted_onnx/jonathanchan__ngc26-constraint-smart-logic-mix-blending/task232.onnx,pass,14.367009229943273,14.707956157758622,-0.34094692781534874,41481,29497.0,11984.0,41412,29428.0,69,69.0,false,
jonathanchan__ngc26-constraint-smart-logic-mix-blending,task233,data/kaggle_code_single_task/extracted_onnx/jonathanchan__ngc26-constraint-smart-logic-mix-blending/task233.onnx,pass,13.767555928044851,10.679645472747369,3.0879104552974823,75542,1656727.0,-1581185.0,61136,1646585.0,14406,10142.0,true,
jonathanchan__ngc26-constraint-smart-logic-mix-blending,task234,data/kaggle_code_single_task/extracted_onnx/jonathanchan__ngc26-constraint-smart-logic-mix-blending/task234.onnx,pass,12.440580442290464,13.689154000119816,-1.248573557829351,284765,81703.0,203062.0,283320,81621.0,1445,82.0,false,
jonathanchan__ngc26-constraint-smart-logic-mix-blending,task235,data/kaggle_code_single_task/extracted_onnx/jonathanchan__ngc26-constraint-smart-logic-mix-blending/task235.onnx,pass,17.32306285418192,17.801068759311825,-0.4780059051299048,2158,1338.0,820.0,2048,1224.0,110,114.0,false,
jonathanchan__ngc26-constraint-smart-logic-mix-blending,task236,data/kaggle_code_single_task/extracted_onnx/jonathanchan__ngc26-constraint-smart-logic-mix-blending/task236.onnx,pass,17.962972385313723,18.53385527576238,-0.570882890448658,1138,643.0,495.0,1088,642.0,50,1.0,false,
jonathanchan__ngc26-constraint-smart-logic-mix-blending,task237,data/kaggle_code_single_task/extracted_onnx/jonathanchan__ngc26-constraint-smart-logic-mix-blending/task237.onnx,pass,14.976110621611577,15.430308268881676,-0.4541976472700995,22559,14324.0,8235.0,22518,14283.0,41,41.0,false,
jonathanchan__ngc26-constraint-smart-logic-mix-blending,task238,data/kaggle_code_single_task/extracted_onnx/jonathanchan__ngc26-constraint-smart-logic-mix-blending/task238.onnx,pass,13.57790775140706,13.927876707427622,-0.349968956020561,91317,64352.0,26965.0,89802,62905.0,1515,1447.0,false,
jonathanchan__ngc26-constraint-smart-logic-mix-blending,task239,data/kaggle_code_single_task/extracted_onnx/jonathanchan__ngc26-constraint-smart-logic-mix-blending/task239.onnx,pass,12.827768563138598,13.54388830238479,-0.7161197392461922,193345,94477.0,98868.0,192959,94091.0,386,386.0,false,
jonathanchan__ngc26-constraint-smart-logic-mix-blending,task240,data/kaggle_code_single_task/extracted_onnx/jonathanchan__ngc26-constraint-smart-logic-mix-blending/task240.onnx,pass,13.893630237619966,14.765519480374964,-0.8718892427549978,66594,27847.0,38747.0,66520,14112.0,74,13735.0,false,
jonathanchan__ngc26-constraint-smart-logic-mix-blending,task241,data/kaggle_code_single_task/extracted_onnx/jonathanchan__ngc26-constraint-smart-logic-mix-blending/task241.onnx,pass,25.0,25.0,0.0,0,0.0,0.0,0,0.0,0,0.0,false,
jonathanchan__ngc26-constraint-smart-logic-mix-blending,task242,data/kaggle_code_single_task/extracted_onnx/jonathanchan__ngc26-constraint-smart-logic-mix-blending/task242.onnx,pass,14.304878320189273,16.02905960185755,-1.7241812816682778,44140,7871.0,36269.0,44104,7864.0,36,7.0,false,
jonathanchan__ngc26-constraint-smart-logic-mix-blending,task243,data/kaggle_code_single_task/extracted_onnx/jonathanchan__ngc26-constraint-smart-logic-mix-blending/task243.onnx,pass,13.874532744845478,13.401208814053447,0.4733239307920307,67878,108966.0,-41088.0,56051,108864.0,11827,102.0,true,
jonathanchan__ngc26-constraint-smart-logic-mix-blending,task244,data/kaggle_code_single_task/extracted_onnx/jonathanchan__ngc26-constraint-smart-logic-mix-blending/task244.onnx,pass,14.07943564677828,14.633344629227418,-0.553908982449137,55302,31782.0,23520.0,55217,31697.0,85,85.0,false,
jonathanchan__ngc26-constraint-smart-logic-mix-blending,task245,data/kaggle_code_single_task/extracted_onnx/jonathanchan__ngc26-constraint-smart-logic-mix-blending/task245.onnx,pass,12.92431512203685,14.724535183516696,-1.8002200614798465,175551,29012.0,146539.0,175444,28916.0,107,96.0,false,
jonathanchan__ngc26-constraint-smart-logic-mix-blending,task246,data/kaggle_code_single_task/extracted_onnx/jonathanchan__ngc26-constraint-smart-logic-mix-blending/task246.onnx,pass,15.497661881504435,15.497661881504435,0.0,13391,13391.0,0.0,12960,12960.0,431,431.0,false,
jonathanchan__ngc26-constraint-smart-logic-mix-blending,task247,data/kaggle_code_single_task/extracted_onnx/jonathanchan__ngc26-constraint-smart-logic-mix-blending/task247.onnx,pass,14.988016851310572,16.272870084756832,-1.2848532334462597,22292,6168.0,16124.0,22259,6142.0,33,26.0,false,
jonathanchan__ngc26-constraint-smart-logic-mix-blending,task248,data/kaggle_code_single_task/extracted_onnx/jonathanchan__ngc26-constraint-smart-logic-mix-blending/task248.onnx,pass,15.428564467651594,16.218905264797385,-0.7903407971457916,14349,6510.0,7839.0,13500,4698.0,849,1812.0,false,
jonathanchan__ngc26-constraint-smart-logic-mix-blending,task249,data/kaggle_code_single_task/extracted_onnx/jonathanchan__ngc26-constraint-smart-logic-mix-blending/task249.onnx,pass,15.207779259892458,18.477907201829847,-3.270127941937389,17894,680.0,17214.0,17846,650.0,48,30.0,false,
jonathanchan__ngc26-constraint-smart-logic-mix-blending,task250,data/kaggle_code_single_task/extracted_onnx/jonathanchan__ngc26-constraint-smart-logic-mix-blending/task250.onnx,pass,15.0650137804045,15.59573893538651,-0.5307251549820098,20640,12140.0,8500.0,20392,12072.0,248,68.0,false,
jonathanchan__ngc26-constraint-smart-logic-mix-blending,task251,data/kaggle_code_single_task/extracted_onnx/jonathanchan__ngc26-constraint-smart-logic-mix-blending/task251.onnx,pass,12.76612251670953,13.481291290274044,-0.715168773564514,205639,100580.0,105059.0,204720,100560.0,919,20.0,false,
jonathanchan__ngc26-constraint-smart-logic-mix-blending,task252,data/kaggle_code_single_task/extracted_onnx/jonathanchan__ngc26-constraint-smart-logic-mix-blending/task252.onnx,pass,14.401217574846468,14.453028311923028,-0.05181073707655948,40086,38062.0,2024.0,39600,37800.0,486,262.0,false,
jonathanchan__ngc26-constraint-smart-logic-mix-blending,task253,data/kaggle_code_single_task/extracted_onnx/jonathanchan__ngc26-constraint-smart-logic-mix-blending/task253.onnx,pass,14.189101020196311,14.215455188361384,-0.026354168165072522,49558,48269.0,1289.0,49120,47830.0,438,439.0,false,
jonathanchan__ngc26-constraint-smart-logic-mix-blending,task254,data/kaggle_code_single_task/extracted_onnx/jonathanchan__ngc26-constraint-smart-logic-mix-blending/task254.onnx,pass,15.865029935048593,16.018318360026136,-0.1532884249775428,9274,7956.0,1318.0,9116,7798.0,158,158.0,false,
jonathanchan__ngc26-constraint-smart-logic-mix-blending,task255,data/kaggle_code_single_task/extracted_onnx/jonathanchan__ngc26-constraint-smart-logic-mix-blending/task255.onnx,pass,13.130764657719753,11.62208628955128,1.5086783681684732,142805,645586.0,-502781.0,136233,643378.0,6572,2208.0,true,
jonathanchan__ngc26-constraint-smart-logic-mix-blending,task256,data/kaggle_code_single_task/extracted_onnx/jonathanchan__ngc26-constraint-smart-logic-mix-blending/task256.onnx,pass,14.816043829530393,15.197383057848846,-0.3813392283184527,26475,18081.0,8394.0,25228,18022.0,1247,59.0,false,
jonathanchan__ngc26-constraint-smart-logic-mix-blending,task257,data/kaggle_code_single_task/extracted_onnx/jonathanchan__ngc26-constraint-smart-logic-mix-blending/task257.onnx,pass,17.629139833463285,18.01806532284361,-0.3889254893803269,1589,1077.0,512.0,1536,1024.0,53,53.0,false,
jonathanchan__ngc26-constraint-smart-logic-mix-blending,task258,data/kaggle_code_single_task/extracted_onnx/jonathanchan__ngc26-constraint-smart-logic-mix-blending/task258.onnx,pass,14.593527481477043,19.924826184766175,-5.331298703289132,33073,160.0,32913.0,32160,0.0,913,160.0,false,
jonathanchan__ngc26-constraint-smart-logic-mix-blending,task259,data/kaggle_code_single_task/extracted_onnx/jonathanchan__ngc26-constraint-smart-logic-mix-blending/task259.onnx,pass,16.152783895642457,16.169018489047502,-0.01623459340504496,6955,6843.0,112.0,6904,6793.0,51,50.0,false,
jonathanchan__ngc26-constraint-smart-logic-mix-blending,task260,data/kaggle_code_single_task/extracted_onnx/jonathanchan__ngc26-constraint-smart-logic-mix-blending/task260.onnx,pass,15.377152705126607,15.568678412874291,-0.19152570774768485,15106,12473.0,2633.0,14962,12332.0,144,141.0,false,
jonathanchan__ngc26-constraint-smart-logic-mix-blending,task261,data/kaggle_code_single_task/extracted_onnx/jonathanchan__ngc26-constraint-smart-logic-mix-blending/task261.onnx,pass,16.58816732424159,19.701682633451963,-3.1135153092103742,4500,200.0,4300.0,3600,0.0,900,200.0,false,
jonathanchan__ngc26-constraint-smart-logic-mix-blending,task262,data/kaggle_code_single_task/extracted_onnx/jonathanchan__ngc26-constraint-smart-logic-mix-blending/task262.onnx,pass,16.086180649142804,16.765169719557946,-0.6789890704151418,7434,3770.0,3664.0,7404,3744.0,30,26.0,false,
jonathanchan__ngc26-constraint-smart-logic-mix-blending,task263,data/kaggle_code_single_task/extracted_onnx/jonathanchan__ngc26-constraint-smart-logic-mix-blending/task263.onnx,pass,15.976832935548796,16.006075858588602,-0.029242923039806357,8293,8054.0,239.0,8241,8002.0,52,52.0,false,
jonathanchan__ngc26-constraint-smart-logic-mix-blending,task264,data/kaggle_code_single_task/extracted_onnx/jonathanchan__ngc26-constraint-smart-logic-mix-blending/task264.onnx,pass,12.603224353647956,13.720116918523228,-1.1168925648752719,242020,79212.0,162808.0,241168,77040.0,852,2172.0,false,
jonathanchan__ngc26-constraint-smart-logic-mix-blending,task265,data/kaggle_code_single_task/extracted_onnx/jonathanchan__ngc26-constraint-smart-logic-mix-blending/task265.onnx,pass,13.729349938660008,14.424537832136728,-0.6951878934767208,78484,39162.0,39322.0,78353,39033.0,131,129.0,false,
jonathanchan__ngc26-constraint-smart-logic-mix-blending,task266,data/kaggle_code_single_task/extracted_onnx/jonathanchan__ngc26-constraint-smart-logic-mix-blending/task266.onnx,pass,17.91997350007741,18.186555400489105,-0.26658190041169405,1188,910.0,278.0,1088,0.0,100,910.0,false,
jonathanchan__ngc26-constraint-smart-logic-mix-blending,task267,data/kaggle_code_single_task/extracted_onnx/jonathanchan__ngc26-constraint-smart-logic-mix-blending/task267.onnx,pass,17.718614336429717,17.904106778902467,-0.18549244247274999,1453,1207.0,246.0,1358,1160.0,95,47.0,false,
jonathanchan__ngc26-constraint-smart-logic-mix-blending,task268,data/kaggle_code_single_task/extracted_onnx/jonathanchan__ngc26-constraint-smart-logic-mix-blending/task268.onnx,pass,14.816043829530393,14.983808957550787,-0.16776512802039356,26475,22386.0,4089.0,26376,22288.0,99,98.0,false,
jonathanchan__ngc26-constraint-smart-logic-mix-blending,task269,data/kaggle_code_single_task/extracted_onnx/jonathanchan__ngc26-constraint-smart-logic-mix-blending/task269.onnx,pass,14.061692291883542,15.940249986656319,-1.878557694772777,56292,8602.0,47690.0,43678,8506.0,12614,96.0,false,
jonathanchan__ngc26-constraint-smart-logic-mix-blending,task270,data/kaggle_code_single_task/extracted_onnx/jonathanchan__ngc26-constraint-smart-logic-mix-blending/task270.onnx,pass,14.235417351057666,14.853527053936123,-0.6181097028784563,47315,25501.0,21814.0,46815,24316.0,500,1185.0,false,
jonathanchan__ngc26-constraint-smart-logic-mix-blending,task271,data/kaggle_code_single_task/extracted_onnx/jonathanchan__ngc26-constraint-smart-logic-mix-blending/task271.onnx,pass,14.725259284025897,14.725259284025897,0.0,28991,28991.0,0.0,28928,28928.0,63,63.0,false,
jonathanchan__ngc26-constraint-smart-logic-mix-blending,task272,data/kaggle_code_single_task/extracted_onnx/jonathanchan__ngc26-constraint-smart-logic-mix-blending/task272.onnx,pass,17.41573518161094,18.86877351051686,-1.4530383289059188,1967,460.0,1507.0,1900,0.0,67,460.0,false,
jonathanchan__ngc26-constraint-smart-logic-mix-blending,task273,data/kaggle_code_single_task/extracted_onnx/jonathanchan__ngc26-constraint-smart-logic-mix-blending/task273.onnx,pass,15.786066092513687,16.311040765729324,-0.5249746732156364,10036,5937.0,4099.0,10000,5900.0,36,37.0,false,
jonathanchan__ngc26-constraint-smart-logic-mix-blending,task274,data/kaggle_code_single_task/extracted_onnx/jonathanchan__ngc26-constraint-smart-logic-mix-blending/task274.onnx,pass,15.921934667333636,15.942694264192879,-0.02075959685924289,8761,8581.0,180.0,8372,8192.0,389,389.0,false,
jonathanchan__ngc26-constraint-smart-logic-mix-blending,task275,data/kaggle_code_single_task/extracted_onnx/jonathanchan__ngc26-constraint-smart-logic-mix-blending/task275.onnx,pass,12.937289770779186,13.662869436848247,-0.725579666069061,173288,83879.0,89409.0,170514,81106.0,2774,2773.0,false,
jonathanchan__ngc26-constraint-smart-logic-mix-blending,task276,data/kaggle_code_single_task/extracted_onnx/jonathanchan__ngc26-constraint-smart-logic-mix-blending/task276.onnx,pass,22.697414907005953,22.697414907005953,0.0,10,10.0,0.0,0,0.0,10,10.0,false,
jonathanchan__ngc26-constraint-smart-logic-mix-blending,task277,data/kaggle_code_single_task/extracted_onnx/jonathanchan__ngc26-constraint-smart-logic-mix-blending/task277.onnx,pass,14.247708578819461,15.410059486110708,-1.1623509072912466,46737,14617.0,32120.0,10240,14367.0,36497,250.0,false,
jonathanchan__ngc26-constraint-smart-logic-mix-blending,task278,data/kaggle_code_single_task/extracted_onnx/jonathanchan__ngc26-constraint-smart-logic-mix-blending/task278.onnx,pass,14.414224010238803,14.864210958364897,-0.4499869481260941,39568,25230.0,14338.0,39204,25200.0,364,30.0,false,
jonathanchan__ngc26-constraint-smart-logic-mix-blending,task279,data/kaggle_code_single_task/extracted_onnx/jonathanchan__ngc26-constraint-smart-logic-mix-blending/task279.onnx,pass,14.171024143235675,14.821535747509644,-0.6505116042739694,50462,26330.0,24132.0,50176,25144.0,286,1186.0,false,
jonathanchan__ngc26-constraint-smart-logic-mix-blending,task280,data/kaggle_code_single_task/extracted_onnx/jonathanchan__ngc26-constraint-smart-logic-mix-blending/task280.onnx,pass,12.58478131279947,13.64132188619622,-1.0565405733967506,246525,85706.0,160819.0,246400,84826.0,125,880.0,false,
jonathanchan__ngc26-constraint-smart-logic-mix-blending,task281,data/kaggle_code_single_task/extracted_onnx/jonathanchan__ngc26-constraint-smart-logic-mix-blending/task281.onnx,pass,12.941905457241326,13.60794357751076,-0.6660381202694339,172490,88615.0,83875.0,172392,87628.0,98,987.0,false,
jonathanchan__ngc26-constraint-smart-logic-mix-blending,task282,data/kaggle_code_single_task/extracted_onnx/jonathanchan__ngc26-constraint-smart-logic-mix-blending/task282.onnx,pass,16.58816732424159,18.197605236675688,-1.6094379124340996,4500,900.0,3600.0,3600,0.0,900,900.0,false,
jonathanchan__ngc26-constraint-smart-logic-mix-blending,task283,data/kaggle_code_single_task/extracted_onnx/jonathanchan__ngc26-constraint-smart-logic-mix-blending/task283.onnx,pass,13.439790266056328,18.186555400489105,-4.746765134432778,104842,910.0,103932.0,103920,0.0,922,910.0,false,
jonathanchan__ngc26-constraint-smart-logic-mix-blending,task284,data/kaggle_code_single_task/extracted_onnx/jonathanchan__ngc26-constraint-smart-logic-mix-blending/task284.onnx,pass,12.354479586864198,13.475808238755878,-1.1213286518916803,310370,101133.0,209237.0,310301,99157.0,69,1976.0,false,
jonathanchan__ngc26-constraint-smart-logic-mix-blending,task285,data/kaggle_code_single_task/extracted_onnx/jonathanchan__ngc26-constraint-smart-logic-mix-blending/task285.onnx,pass,12.935513960531726,12.112179904635754,0.8233340558959714,173596,395466.0,-221870.0,149241,390848.0,24355,4618.0,true,
jonathanchan__ngc26-constraint-smart-logic-mix-blending,task286,data/kaggle_code_single_task/extracted_onnx/jonathanchan__ngc26-constraint-smart-logic-mix-blending/task286.onnx,pass,12.048911420130851,13.00342074458367,-0.9545093244528182,421295,162199.0,259096.0,420008,160895.0,1287,1304.0,false,
jonathanchan__ngc26-constraint-smart-logic-mix-blending,task287,data/kaggle_code_single_task/extracted_onnx/jonathanchan__ngc26-constraint-smart-logic-mix-blending/task287.onnx,pass,13.622779717195147,14.975800372301608,-1.3530206551064605,87310,22566.0,64744.0,87200,22528.0,110,38.0,false,
jonathanchan__ngc26-constraint-smart-logic-mix-blending,task288,data/kaggle_code_single_task/extracted_onnx/jonathanchan__ngc26-constraint-smart-logic-mix-blending/task288.onnx,pass,14.164584614810318,14.632558329669694,-0.4679737148593759,50788,31807.0,18981.0,50584,31766.0,204,41.0,false,
jonathanchan__ngc26-constraint-smart-logic-mix-blending,task289,data/kaggle_code_single_task/extracted_onnx/jonathanchan__ngc26-constraint-smart-logic-mix-blending/task289.onnx,pass,14.632967128279184,14.874489523818365,-0.24152239553918164,31794,24972.0,6822.0,31714,24892.0,80,80.0,false,
jonathanchan__ngc26-constraint-smart-logic-mix-blending,task290,data/kaggle_code_single_task/extracted_onnx/jonathanchan__ngc26-constraint-smart-logic-mix-blending/task290.onnx,pass,12.286709229911457,15.631972352188223,-3.3452631222767657,332133,11708.0,320425.0,331992,11614.0,141,94.0,false,
jonathanchan__ngc26-constraint-smart-logic-mix-blending,task291,data/kaggle_code_single_task/extracted_onnx/jonathanchan__ngc26-constraint-smart-logic-mix-blending/task291.onnx,pass,15.967829813695296,16.627370259775116,-0.65954044607982,8368,4327.0,4041.0,7432,3396.0,936,931.0,false,
jonathanchan__ngc26-constraint-smart-logic-mix-blending,task292,data/kaggle_code_single_task/extracted_onnx/jonathanchan__ngc26-constraint-smart-logic-mix-blending/task292.onnx,pass,16.040045915731902,16.250901751600978,-0.21085583586907575,7785,6305.0,1480.0,7680,6240.0,105,65.0,false,
jonathanchan__ngc26-constraint-smart-logic-mix-blending,task293,data/kaggle_code_single_task/extracted_onnx/jonathanchan__ngc26-constraint-smart-logic-mix-blending/task293.onnx,pass,14.254191235789891,14.882571106914462,-0.6283798711245705,46435,24771.0,21664.0,45939,24275.0,496,496.0,false,
jonathanchan__ngc26-constraint-smart-logic-mix-blending,task294,data/kaggle_code_single_task/extracted_onnx/jonathanchan__ngc26-constraint-smart-logic-mix-blending/task294.onnx,pass,17.474360024958465,18.186555400489105,-0.7121953755306407,1855,910.0,945.0,1720,0.0,135,910.0,false,
jonathanchan__ngc26-constraint-smart-logic-mix-blending,task295,data/kaggle_code_single_task/extracted_onnx/jonathanchan__ngc26-constraint-smart-logic-mix-blending/task295.onnx,pass,14.967723532630954,15.591628777524683,-0.623905244893729,22749,12190.0,10559.0,22683,12125.0,66,65.0,false,
jonathanchan__ngc26-constraint-smart-logic-mix-blending,task296,data/kaggle_code_single_task/extracted_onnx/jonathanchan__ngc26-constraint-smart-logic-mix-blending/task296.onnx,pass,16.62000204776161,16.67955188604344,-0.059549838281832024,4359,4107.0,252.0,4005,3762.0,354,345.0,false,
jonathanchan__ngc26-constraint-smart-logic-mix-blending,task297,data/kaggle_code_single_task/extracted_onnx/jonathanchan__ngc26-constraint-smart-logic-mix-blending/task297.onnx,pass,14.116984040185194,15.876198389441056,-1.7592143492558616,53264,9171.0,44093.0,48748,9076.0,4516,95.0,false,
jonathanchan__ngc26-constraint-smart-logic-mix-blending,task298,data/kaggle_code_single_task/extracted_onnx/jonathanchan__ngc26-constraint-smart-logic-mix-blending/task298.onnx,pass,14.958099240310245,15.387667209394625,-0.42956796908437944,22969,14948.0,8021.0,22434,14414.0,535,534.0,false,
jonathanchan__ngc26-constraint-smart-logic-mix-blending,task299,data/kaggle_code_single_task/extracted_onnx/jonathanchan__ngc26-constraint-smart-logic-mix-blending/task299.onnx,pass,17.107174473748884,17.5510838974558,-0.44390942370691633,2678,1718.0,960.0,2616,1656.0,62,62.0,false,
jonathanchan__ngc26-constraint-smart-logic-mix-blending,task300,data/kaggle_code_single_task/extracted_onnx/jonathanchan__ngc26-constraint-smart-logic-mix-blending/task300.onnx,pass,13.321941525219067,13.741373412351637,-0.4194318871325695,117955,77546.0,40409.0,117818,77438.0,137,108.0,false,
jonathanchan__ngc26-constraint-smart-logic-mix-blending,task301,data/kaggle_code_single_task/extracted_onnx/jonathanchan__ngc26-constraint-smart-logic-mix-blending/task301.onnx,pass,13.626888478756976,13.91804208355036,-0.2911536047933829,86952,64988.0,21964.0,85104,63140.0,1848,1848.0,false,
jonathanchan__ngc26-constraint-smart-logic-mix-blending,task302,data/kaggle_code_single_task/extracted_onnx/jonathanchan__ngc26-constraint-smart-logic-mix-blending/task302.onnx,pass,14.730862896060007,16.03863393937255,-1.3077710433125418,28829,7796.0,21033.0,28800,7776.0,29,20.0,false,
jonathanchan__ngc26-constraint-smart-logic-mix-blending,task303,data/kaggle_code_single_task/extracted_onnx/jonathanchan__ngc26-constraint-smart-logic-mix-blending/task303.onnx,pass,13.332552495593601,15.848136557782793,-2.515584062189191,116710,9432.0,107278.0,116400,9420.0,310,12.0,false,
jonathanchan__ngc26-constraint-smart-logic-mix-blending,task304,data/kaggle_code_single_task/extracted_onnx/jonathanchan__ngc26-constraint-smart-logic-mix-blending/task304.onnx,pass,15.413005601769772,15.708263989819823,-0.2952583880500512,14574,10848.0,3726.0,14476,10813.0,98,35.0,false,
jonathanchan__ngc26-constraint-smart-logic-mix-blending,task305,data/kaggle_code_single_task/extracted_onnx/jonathanchan__ngc26-constraint-smart-logic-mix-blending/task305.onnx,pass,16.71802294113224,16.71802294113224,0.0,3952,3952.0,0.0,3668,3668.0,284,284.0,false,
jonathanchan__ngc26-constraint-smart-logic-mix-blending,task306,data/kaggle_code_single_task/extracted_onnx/jonathanchan__ngc26-constraint-smart-logic-mix-blending/task306.onnx,pass,11.825089714310478,13.9264791265675,-2.1013894122570225,526976,64442.0,462534.0,526920,64374.0,56,68.0,false,
jonathanchan__ngc26-constraint-smart-logic-mix-blending,task307,data/kaggle_code_single_task/extracted_onnx/jonathanchan__ngc26-constraint-smart-logic-mix-blending/task307.onnx,pass,17.504458056115745,17.504458056115745,0.0,1800,1800.0,0.0,0,0.0,1800,1800.0,false,
jonathanchan__ngc26-constraint-smart-logic-mix-blending,task308,data/kaggle_code_single_task/extracted_onnx/jonathanchan__ngc26-constraint-smart-logic-mix-blending/task308.onnx,pass,14.492907115565421,15.010380623834585,-0.5174735082691644,36574,21799.0,14775.0,22828,21698.0,13746,101.0,false,
jonathanchan__ngc26-constraint-smart-logic-mix-blending,task309,data/kaggle_code_single_task/extracted_onnx/jonathanchan__ngc26-constraint-smart-logic-mix-blending/task309.onnx,pass,22.697414907005953,22.697414907005953,0.0,10,10.0,0.0,0,0.0,10,10.0,false,
jonathanchan__ngc26-constraint-smart-logic-mix-blending,task310,data/kaggle_code_single_task/extracted_onnx/jonathanchan__ngc26-constraint-smart-logic-mix-blending/task310.onnx,pass,12.964075311132092,15.11442186800744,-2.1503465568753484,168708,19645.0,149063.0,168636,19602.0,72,43.0,false,
jonathanchan__ngc26-constraint-smart-logic-mix-blending,task311,data/kaggle_code_single_task/extracted_onnx/jonathanchan__ngc26-constraint-smart-logic-mix-blending/task311.onnx,pass,21.598802618337846,21.598802618337846,0.0,30,30.0,0.0,0,0.0,30,30.0,false,
jonathanchan__ngc26-constraint-smart-logic-mix-blending,task312,data/kaggle_code_single_task/extracted_onnx/jonathanchan__ngc26-constraint-smart-logic-mix-blending/task312.onnx,pass,15.547498070873846,15.791761836115688,-0.24426376524184157,12740,9979.0,2761.0,12720,9960.0,20,19.0,false,
jonathanchan__ngc26-constraint-smart-logic-mix-blending,task313,data/kaggle_code_single_task/extracted_onnx/jonathanchan__ngc26-constraint-smart-logic-mix-blending/task313.onnx,pass,13.409622873526759,13.666536185257858,-0.25691331173109866,108053,83572.0,24481.0,103505,79025.0,4548,4547.0,false,
jonathanchan__ngc26-constraint-smart-logic-mix-blending,task314,data/kaggle_code_single_task/extracted_onnx/jonathanchan__ngc26-constraint-smart-logic-mix-blending/task314.onnx,pass,15.616547010315173,15.941180435665059,-0.3246334253498855,11890,8594.0,3296.0,11712,8416.0,178,178.0,false,
jonathanchan__ngc26-constraint-smart-logic-mix-blending,task315,data/kaggle_code_single_task/extracted_onnx/jonathanchan__ngc26-constraint-smart-logic-mix-blending/task315.onnx,pass,15.469099027006097,16.87230014718223,-1.4032011201761332,13779,3387.0,10392.0,13680,3348.0,99,39.0,false,
jonathanchan__ngc26-constraint-smart-logic-mix-blending,task316,data/kaggle_code_single_task/extracted_onnx/jonathanchan__ngc26-constraint-smart-logic-mix-blending/task316.onnx,pass,14.150449343922736,16.730755478816945,-2.58030613489421,51511,3902.0,47609.0,51462,3748.0,49,154.0,false,
jonathanchan__ngc26-constraint-smart-logic-mix-blending,task317,data/kaggle_code_single_task/extracted_onnx/jonathanchan__ngc26-constraint-smart-logic-mix-blending/task317.onnx,pass,16.58816732424159,18.197605236675688,-1.6094379124340996,4500,900.0,3600.0,3600,0.0,900,900.0,false,
jonathanchan__ngc26-constraint-smart-logic-mix-blending,task318,data/kaggle_code_single_task/extracted_onnx/jonathanchan__ngc26-constraint-smart-logic-mix-blending/task318.onnx,pass,17.90825788490485,18.394702079051797,-0.48644419414694795,1202,739.0,463.0,1152,738.0,50,1.0,false,
jonathanchan__ngc26-constraint-smart-logic-mix-blending,task319,data/kaggle_code_single_task/extracted_onnx/jonathanchan__ngc26-constraint-smart-logic-mix-blending/task319.onnx,pass,15.138168122732704,14.580490348791063,0.5576777739416414,19184,33507.0,-14323.0,11585,33406.0,7599,101.0,true,
jonathanchan__ngc26-constraint-smart-logic-mix-blending,task320,data/kaggle_code_single_task/extracted_onnx/jonathanchan__ngc26-constraint-smart-logic-mix-blending/task320.onnx,pass,15.503804222913445,16.445511023840066,-0.941706800926621,13309,5190.0,8119.0,13239,5049.0,70,141.0,false,
jonathanchan__ngc26-constraint-smart-logic-mix-blending,task321,data/kaggle_code_single_task/extracted_onnx/jonathanchan__ngc26-constraint-smart-logic-mix-blending/task321.onnx,pass,15.972261224025091,16.403810802357263,-0.4315495783321719,8331,5411.0,2920.0,8192,5376.0,139,35.0,false,
jonathanchan__ngc26-constraint-smart-logic-mix-blending,task322,data/kaggle_code_single_task/extracted_onnx/jonathanchan__ngc26-constraint-smart-logic-mix-blending/task322.onnx,pass,17.6814604514321,18.23496102321946,-0.5535005717873602,1508,867.0,641.0,1485,866.0,23,1.0,false,
jonathanchan__ngc26-constraint-smart-logic-mix-blending,task323,data/kaggle_code_single_task/extracted_onnx/jonathanchan__ngc26-constraint-smart-logic-mix-blending/task323.onnx,pass,13.597905542133518,16.5810813778521,-2.9831758357185834,89509,4532.0,84977.0,89268,3887.0,241,645.0,false,
jonathanchan__ngc26-constraint-smart-logic-mix-blending,task324,data/kaggle_code_single_task/extracted_onnx/jonathanchan__ngc26-constraint-smart-logic-mix-blending/task324.onnx,pass,12.841307263516637,14.203081009735799,-1.3617737462191624,190745,48870.0,141875.0,167832,47198.0,22913,1672.0,false,
octaviograu__6154-71-onnx-rewrites-hand-built-solvers,task277,data/kaggle_code_single_task/extracted_onnx/octaviograu__6154-71-onnx-rewrites-hand-built-solvers/task277.onnx,pass,13.300910370518366,15.410059486110708,-2.1091491155923414,120462,14617.0,105845.0,119525,14367.0,937,250.0,false,
octaviograu__6154-71-onnx-rewrites-hand-built-solvers,task330,data/kaggle_code_single_task/extracted_onnx/octaviograu__6154-71-onnx-rewrites-hand-built-solvers/task330.onnx,pass,13.964529859320656,15.216591867794413,-1.2520620084737573,62036,17737.0,44299.0,60200,16604.0,1836,1133.0,false,
octaviograu__6154-71-onnx-rewrites-hand-built-solvers,task364,data/kaggle_code_single_task/extracted_onnx/octaviograu__6154-71-onnx-rewrites-hand-built-solvers/task364.onnx,pass,13.056130131977039,13.737345222483407,-0.6812150905063685,153871,77859.0,76012.0,151980,76896.0,1891,963.0,false,
