path,output_path,function_nodes_inlined,functions_removed,nonstandard_opsets_removed,status,error
E:\kagglegolf\submissions\candidates\GOLF_20260607_004_public_notebook_full_replace\onnx\task001.onnx,E:\kagglegolf\data\interim\beicicc_6645_inline\GOLF_20260608_030_beicicc_inline_full\task001.onnx,0,0,0,unchanged,
E:\kagglegolf\submissions\candidates\GOLF_20260607_004_public_notebook_full_replace\onnx\task002.onnx,E:\kagglegolf\data\interim\beicicc_6645_inline\GOLF_20260608_030_beicicc_inline_full\task002.onnx,1,1,1,inlined,
E:\kagglegolf\submissions\candidates\GOLF_20260607_004_public_notebook_full_replace\onnx\task003.onnx,E:\kagglegolf\data\interim\beicicc_6645_inline\GOLF_20260608_030_beicicc_inline_full\task003.onnx,1,1,1,inlined,
E:\kagglegolf\submissions\candidates\GOLF_20260607_004_public_notebook_full_replace\onnx\task004.onnx,E:\kagglegolf\data\interim\beicicc_6645_inline\GOLF_20260608_030_beicicc_inline_full\task004.onnx,1,1,1,inlined,
E:\kagglegolf\submissions\candidates\GOLF_20260607_004_public_notebook_full_replace\onnx\task005.onnx,E:\kagglegolf\data\interim\beicicc_6645_inline\GOLF_20260608_030_beicicc_inline_full\task005.onnx,1,1,1,inlined,
E:\kagglegolf\submissions\candidates\GOLF_20260607_004_public_notebook_full_replace\onnx\task006.onnx,E:\kagglegolf\data\interim\beicicc_6645_inline\GOLF_20260608_030_beicicc_inline_full\task006.onnx,1,1,1,inlined,
E:\kagglegolf\submissions\candidates\GOLF_20260607_004_public_notebook_full_replace\onnx\task007.onnx,E:\kagglegolf\data\interim\beicicc_6645_inline\GOLF_20260608_030_beicicc_inline_full\task007.onnx,1,1,1,inlined,
E:\kagglegolf\submissions\candidates\GOLF_20260607_004_public_notebook_full_replace\onnx\task008.onnx,E:\kagglegolf\data\interim\beicicc_6645_inline\GOLF_20260608_030_beicicc_inline_full\task008.onnx,1,1,1,inlined,
E:\kagglegolf\submissions\candidates\GOLF_20260607_004_public_notebook_full_replace\onnx\task009.onnx,E:\kagglegolf\data\interim\beicicc_6645_inline\GOLF_20260608_030_beicicc_inline_full\task009.onnx,1,1,1,inlined,
E:\kagglegolf\submissions\candidates\GOLF_20260607_004_public_notebook_full_replace\onnx\task010.onnx,E:\kagglegolf\data\interim\beicicc_6645_inline\GOLF_20260608_030_beicicc_inline_full\task010.onnx,1,1,1,inlined,
E:\kagglegolf\submissions\candidates\GOLF_20260607_004_public_notebook_full_replace\onnx\task011.onnx,E:\kagglegolf\data\interim\beicicc_6645_inline\GOLF_20260608_030_beicicc_inline_full\task011.onnx,0,0,0,unchanged,
E:\kagglegolf\submissions\candidates\GOLF_20260607_004_public_notebook_full_replace\onnx\task012.onnx,E:\kagglegolf\data\interim\beicicc_6645_inline\GOLF_20260608_030_beicicc_inline_full\task012.onnx,1,1,1,inlined,
E:\kagglegolf\submissions\candidates\GOLF_20260607_004_public_notebook_full_replace\onnx\task013.onnx,E:\kagglegolf\data\interim\beicicc_6645_inline\GOLF_20260608_030_beicicc_inline_full\task013.onnx,1,1,1,inlined,
E:\kagglegolf\submissions\candidates\GOLF_20260607_004_public_notebook_full_replace\onnx\task014.onnx,E:\kagglegolf\data\interim\beicicc_6645_inline\GOLF_20260608_030_beicicc_inline_full\task014.onnx,1,1,1,inlined,
E:\kagglegolf\submissions\candidates\GOLF_20260607_004_public_notebook_full_replace\onnx\task015.onnx,E:\kagglegolf\data\interim\beicicc_6645_inline\GOLF_20260608_030_beicicc_inline_full\task015.onnx,0,0,0,unchanged,
E:\kagglegolf\submissions\candidates\GOLF_20260607_004_public_notebook_full_replace\onnx\task016.onnx,E:\kagglegolf\data\interim\beicicc_6645_inline\GOLF_20260608_030_beicicc_inline_full\task016.onnx,1,1,1,inlined,
E:\kagglegolf\submissions\candidates\GOLF_20260607_004_public_notebook_full_replace\onnx\task017.onnx,E:\kagglegolf\data\interim\beicicc_6645_inline\GOLF_20260608_030_beicicc_inline_full\task017.onnx,1,1,1,inlined,
E:\kagglegolf\submissions\candidates\GOLF_20260607_004_public_notebook_full_replace\onnx\task018.onnx,E:\kagglegolf\data\interim\beicicc_6645_inline\GOLF_20260608_030_beicicc_inline_full\task018.onnx,1,1,1,inlined,
E:\kagglegolf\submissions\candidates\GOLF_20260607_004_public_notebook_full_replace\onnx\task019.onnx,E:\kagglegolf\data\interim\beicicc_6645_inline\GOLF_20260608_030_beicicc_inline_full\task019.onnx,1,1,1,inlined,
E:\kagglegolf\submissions\candidates\GOLF_20260607_004_public_notebook_full_replace\onnx\task020.onnx,E:\kagglegolf\data\interim\beicicc_6645_inline\GOLF_20260608_030_beicicc_inline_full\task020.onnx,1,1,1,inlined,
E:\kagglegolf\submissions\candidates\GOLF_20260607_004_public_notebook_full_replace\onnx\task021.onnx,E:\kagglegolf\data\interim\beicicc_6645_inline\GOLF_20260608_030_beicicc_inline_full\task021.onnx,1,1,1,inlined,
E:\kagglegolf\submissions\candidates\GOLF_20260607_004_public_notebook_full_replace\onnx\task022.onnx,E:\kagglegolf\data\interim\beicicc_6645_inline\GOLF_20260608_030_beicicc_inline_full\task022.onnx,1,1,1,inlined,
E:\kagglegolf\submissions\candidates\GOLF_20260607_004_public_notebook_full_replace\onnx\task023.onnx,E:\kagglegolf\data\interim\beicicc_6645_inline\GOLF_20260608_030_beicicc_inline_full\task023.onnx,1,1,1,inlined,
E:\kagglegolf\submissions\candidates\GOLF_20260607_004_public_notebook_full_replace\onnx\task024.onnx,E:\kagglegolf\data\interim\beicicc_6645_inline\GOLF_20260608_030_beicicc_inline_full\task024.onnx,1,1,1,inlined,
E:\kagglegolf\submissions\candidates\GOLF_20260607_004_public_notebook_full_replace\onnx\task025.onnx,E:\kagglegolf\data\interim\beicicc_6645_inline\GOLF_20260608_030_beicicc_inline_full\task025.onnx,1,1,1,inlined,
E:\kagglegolf\submissions\candidates\GOLF_20260607_004_public_notebook_full_replace\onnx\task026.onnx,E:\kagglegolf\data\interim\beicicc_6645_inline\GOLF_20260608_030_beicicc_inline_full\task026.onnx,0,0,0,unchanged,
E:\kagglegolf\submissions\candidates\GOLF_20260607_004_public_notebook_full_replace\onnx\task027.onnx,E:\kagglegolf\data\interim\beicicc_6645_inline\GOLF_20260608_030_beicicc_inline_full\task027.onnx,1,1,1,inlined,
E:\kagglegolf\submissions\candidates\GOLF_20260607_004_public_notebook_full_replace\onnx\task028.onnx,E:\kagglegolf\data\interim\beicicc_6645_inline\GOLF_20260608_030_beicicc_inline_full\task028.onnx,1,1,1,inlined,
E:\kagglegolf\submissions\candidates\GOLF_20260607_004_public_notebook_full_replace\onnx\task029.onnx,E:\kagglegolf\data\interim\beicicc_6645_inline\GOLF_20260608_030_beicicc_inline_full\task029.onnx,1,1,1,inlined,
E:\kagglegolf\submissions\candidates\GOLF_20260607_004_public_notebook_full_replace\onnx\task030.onnx,E:\kagglegolf\data\interim\beicicc_6645_inline\GOLF_20260608_030_beicicc_inline_full\task030.onnx,1,1,1,inlined,
E:\kagglegolf\submissions\candidates\GOLF_20260607_004_public_notebook_full_replace\onnx\task031.onnx,E:\kagglegolf\data\interim\beicicc_6645_inline\GOLF_20260608_030_beicicc_inline_full\task031.onnx,1,1,1,inlined,
E:\kagglegolf\submissions\candidates\GOLF_20260607_004_public_notebook_full_replace\onnx\task032.onnx,E:\kagglegolf\data\interim\beicicc_6645_inline\GOLF_20260608_030_beicicc_inline_full\task032.onnx,1,1,1,inlined,
E:\kagglegolf\submissions\candidates\GOLF_20260607_004_public_notebook_full_replace\onnx\task033.onnx,E:\kagglegolf\data\interim\beicicc_6645_inline\GOLF_20260608_030_beicicc_inline_full\task033.onnx,1,1,1,inlined,
E:\kagglegolf\submissions\candidates\GOLF_20260607_004_public_notebook_full_replace\onnx\task034.onnx,E:\kagglegolf\data\interim\beicicc_6645_inline\GOLF_20260608_030_beicicc_inline_full\task034.onnx,1,1,1,inlined,
E:\kagglegolf\submissions\candidates\GOLF_20260607_004_public_notebook_full_replace\onnx\task035.onnx,E:\kagglegolf\data\interim\beicicc_6645_inline\GOLF_20260608_030_beicicc_inline_full\task035.onnx,1,1,1,inlined,
E:\kagglegolf\submissions\candidates\GOLF_20260607_004_public_notebook_full_replace\onnx\task036.onnx,E:\kagglegolf\data\interim\beicicc_6645_inline\GOLF_20260608_030_beicicc_inline_full\task036.onnx,1,1,1,inlined,
E:\kagglegolf\submissions\candidates\GOLF_20260607_004_public_notebook_full_replace\onnx\task037.onnx,E:\kagglegolf\data\interim\beicicc_6645_inline\GOLF_20260608_030_beicicc_inline_full\task037.onnx,1,1,1,inlined,
E:\kagglegolf\submissions\candidates\GOLF_20260607_004_public_notebook_full_replace\onnx\task038.onnx,E:\kagglegolf\data\interim\beicicc_6645_inline\GOLF_20260608_030_beicicc_inline_full\task038.onnx,1,1,1,inlined,
E:\kagglegolf\submissions\candidates\GOLF_20260607_004_public_notebook_full_replace\onnx\task039.onnx,E:\kagglegolf\data\interim\beicicc_6645_inline\GOLF_20260608_030_beicicc_inline_full\task039.onnx,1,1,1,inlined,
E:\kagglegolf\submissions\candidates\GOLF_20260607_004_public_notebook_full_replace\onnx\task040.onnx,E:\kagglegolf\data\interim\beicicc_6645_inline\GOLF_20260608_030_beicicc_inline_full\task040.onnx,1,1,1,inlined,
E:\kagglegolf\submissions\candidates\GOLF_20260607_004_public_notebook_full_replace\onnx\task041.onnx,E:\kagglegolf\data\interim\beicicc_6645_inline\GOLF_20260608_030_beicicc_inline_full\task041.onnx,1,1,1,inlined,
E:\kagglegolf\submissions\candidates\GOLF_20260607_004_public_notebook_full_replace\onnx\task042.onnx,E:\kagglegolf\data\interim\beicicc_6645_inline\GOLF_20260608_030_beicicc_inline_full\task042.onnx,1,1,1,inlined,
E:\kagglegolf\submissions\candidates\GOLF_20260607_004_public_notebook_full_replace\onnx\task043.onnx,E:\kagglegolf\data\interim\beicicc_6645_inline\GOLF_20260608_030_beicicc_inline_full\task043.onnx,0,0,0,unchanged,
E:\kagglegolf\submissions\candidates\GOLF_20260607_004_public_notebook_full_replace\onnx\task044.onnx,E:\kagglegolf\data\interim\beicicc_6645_inline\GOLF_20260608_030_beicicc_inline_full\task044.onnx,1,1,1,inlined,
E:\kagglegolf\submissions\candidates\GOLF_20260607_004_public_notebook_full_replace\onnx\task045.onnx,E:\kagglegolf\data\interim\beicicc_6645_inline\GOLF_20260608_030_beicicc_inline_full\task045.onnx,1,1,1,inlined,
E:\kagglegolf\submissions\candidates\GOLF_20260607_004_public_notebook_full_replace\onnx\task046.onnx,E:\kagglegolf\data\interim\beicicc_6645_inline\GOLF_20260608_030_beicicc_inline_full\task046.onnx,1,1,1,inlined,
E:\kagglegolf\submissions\candidates\GOLF_20260607_004_public_notebook_full_replace\onnx\task047.onnx,E:\kagglegolf\data\interim\beicicc_6645_inline\GOLF_20260608_030_beicicc_inline_full\task047.onnx,1,1,1,inlined,
E:\kagglegolf\submissions\candidates\GOLF_20260607_004_public_notebook_full_replace\onnx\task048.onnx,E:\kagglegolf\data\interim\beicicc_6645_inline\GOLF_20260608_030_beicicc_inline_full\task048.onnx,1,1,1,inlined,
E:\kagglegolf\submissions\candidates\GOLF_20260607_004_public_notebook_full_replace\onnx\task049.onnx,E:\kagglegolf\data\interim\beicicc_6645_inline\GOLF_20260608_030_beicicc_inline_full\task049.onnx,1,1,1,inlined,
E:\kagglegolf\submissions\candidates\GOLF_20260607_004_public_notebook_full_replace\onnx\task050.onnx,E:\kagglegolf\data\interim\beicicc_6645_inline\GOLF_20260608_030_beicicc_inline_full\task050.onnx,0,0,0,unchanged,
E:\kagglegolf\submissions\candidates\GOLF_20260607_004_public_notebook_full_replace\onnx\task051.onnx,E:\kagglegolf\data\interim\beicicc_6645_inline\GOLF_20260608_030_beicicc_inline_full\task051.onnx,1,1,1,inlined,
E:\kagglegolf\submissions\candidates\GOLF_20260607_004_public_notebook_full_replace\onnx\task052.onnx,E:\kagglegolf\data\interim\beicicc_6645_inline\GOLF_20260608_030_beicicc_inline_full\task052.onnx,0,0,0,unchanged,
E:\kagglegolf\submissions\candidates\GOLF_20260607_004_public_notebook_full_replace\onnx\task053.onnx,E:\kagglegolf\data\interim\beicicc_6645_inline\GOLF_20260608_030_beicicc_inline_full\task053.onnx,1,1,1,inlined,
E:\kagglegolf\submissions\candidates\GOLF_20260607_004_public_notebook_full_replace\onnx\task054.onnx,E:\kagglegolf\data\interim\beicicc_6645_inline\GOLF_20260608_030_beicicc_inline_full\task054.onnx,1,1,1,inlined,
E:\kagglegolf\submissions\candidates\GOLF_20260607_004_public_notebook_full_replace\onnx\task055.onnx,E:\kagglegolf\data\interim\beicicc_6645_inline\GOLF_20260608_030_beicicc_inline_full\task055.onnx,1,1,1,inlined,
E:\kagglegolf\submissions\candidates\GOLF_20260607_004_public_notebook_full_replace\onnx\task056.onnx,E:\kagglegolf\data\interim\beicicc_6645_inline\GOLF_20260608_030_beicicc_inline_full\task056.onnx,1,1,1,inlined,
E:\kagglegolf\submissions\candidates\GOLF_20260607_004_public_notebook_full_replace\onnx\task057.onnx,E:\kagglegolf\data\interim\beicicc_6645_inline\GOLF_20260608_030_beicicc_inline_full\task057.onnx,1,1,1,inlined,
E:\kagglegolf\submissions\candidates\GOLF_20260607_004_public_notebook_full_replace\onnx\task058.onnx,E:\kagglegolf\data\interim\beicicc_6645_inline\GOLF_20260608_030_beicicc_inline_full\task058.onnx,1,1,1,inlined,
E:\kagglegolf\submissions\candidates\GOLF_20260607_004_public_notebook_full_replace\onnx\task059.onnx,E:\kagglegolf\data\interim\beicicc_6645_inline\GOLF_20260608_030_beicicc_inline_full\task059.onnx,0,0,0,unchanged,
E:\kagglegolf\submissions\candidates\GOLF_20260607_004_public_notebook_full_replace\onnx\task060.onnx,E:\kagglegolf\data\interim\beicicc_6645_inline\GOLF_20260608_030_beicicc_inline_full\task060.onnx,1,1,1,inlined,
E:\kagglegolf\submissions\candidates\GOLF_20260607_004_public_notebook_full_replace\onnx\task061.onnx,E:\kagglegolf\data\interim\beicicc_6645_inline\GOLF_20260608_030_beicicc_inline_full\task061.onnx,0,0,0,unchanged,
E:\kagglegolf\submissions\candidates\GOLF_20260607_004_public_notebook_full_replace\onnx\task062.onnx,E:\kagglegolf\data\interim\beicicc_6645_inline\GOLF_20260608_030_beicicc_inline_full\task062.onnx,0,0,0,unchanged,
E:\kagglegolf\submissions\candidates\GOLF_20260607_004_public_notebook_full_replace\onnx\task063.onnx,E:\kagglegolf\data\interim\beicicc_6645_inline\GOLF_20260608_030_beicicc_inline_full\task063.onnx,0,0,0,unchanged,
E:\kagglegolf\submissions\candidates\GOLF_20260607_004_public_notebook_full_replace\onnx\task064.onnx,E:\kagglegolf\data\interim\beicicc_6645_inline\GOLF_20260608_030_beicicc_inline_full\task064.onnx,1,1,1,inlined,
E:\kagglegolf\submissions\candidates\GOLF_20260607_004_public_notebook_full_replace\onnx\task065.onnx,E:\kagglegolf\data\interim\beicicc_6645_inline\GOLF_20260608_030_beicicc_inline_full\task065.onnx,1,1,1,inlined,
E:\kagglegolf\submissions\candidates\GOLF_20260607_004_public_notebook_full_replace\onnx\task066.onnx,E:\kagglegolf\data\interim\beicicc_6645_inline\GOLF_20260608_030_beicicc_inline_full\task066.onnx,1,1,1,inlined,
E:\kagglegolf\submissions\candidates\GOLF_20260607_004_public_notebook_full_replace\onnx\task067.onnx,E:\kagglegolf\data\interim\beicicc_6645_inline\GOLF_20260608_030_beicicc_inline_full\task067.onnx,1,1,1,inlined,
E:\kagglegolf\submissions\candidates\GOLF_20260607_004_public_notebook_full_replace\onnx\task068.onnx,E:\kagglegolf\data\interim\beicicc_6645_inline\GOLF_20260608_030_beicicc_inline_full\task068.onnx,1,1,1,inlined,
E:\kagglegolf\submissions\candidates\GOLF_20260607_004_public_notebook_full_replace\onnx\task069.onnx,E:\kagglegolf\data\interim\beicicc_6645_inline\GOLF_20260608_030_beicicc_inline_full\task069.onnx,1,1,1,inlined,
E:\kagglegolf\submissions\candidates\GOLF_20260607_004_public_notebook_full_replace\onnx\task070.onnx,E:\kagglegolf\data\interim\beicicc_6645_inline\GOLF_20260608_030_beicicc_inline_full\task070.onnx,0,0,0,unchanged,
E:\kagglegolf\submissions\candidates\GOLF_20260607_004_public_notebook_full_replace\onnx\task071.onnx,E:\kagglegolf\data\interim\beicicc_6645_inline\GOLF_20260608_030_beicicc_inline_full\task071.onnx,1,1,1,inlined,
E:\kagglegolf\submissions\candidates\GOLF_20260607_004_public_notebook_full_replace\onnx\task072.onnx,E:\kagglegolf\data\interim\beicicc_6645_inline\GOLF_20260608_030_beicicc_inline_full\task072.onnx,0,0,0,unchanged,
E:\kagglegolf\submissions\candidates\GOLF_20260607_004_public_notebook_full_replace\onnx\task073.onnx,E:\kagglegolf\data\interim\beicicc_6645_inline\GOLF_20260608_030_beicicc_inline_full\task073.onnx,0,0,0,unchanged,
E:\kagglegolf\submissions\candidates\GOLF_20260607_004_public_notebook_full_replace\onnx\task074.onnx,E:\kagglegolf\data\interim\beicicc_6645_inline\GOLF_20260608_030_beicicc_inline_full\task074.onnx,1,1,1,inlined,
E:\kagglegolf\submissions\candidates\GOLF_20260607_004_public_notebook_full_replace\onnx\task075.onnx,E:\kagglegolf\data\interim\beicicc_6645_inline\GOLF_20260608_030_beicicc_inline_full\task075.onnx,0,0,0,unchanged,
E:\kagglegolf\submissions\candidates\GOLF_20260607_004_public_notebook_full_replace\onnx\task076.onnx,E:\kagglegolf\data\interim\beicicc_6645_inline\GOLF_20260608_030_beicicc_inline_full\task076.onnx,0,0,0,unchanged,
E:\kagglegolf\submissions\candidates\GOLF_20260607_004_public_notebook_full_replace\onnx\task077.onnx,E:\kagglegolf\data\interim\beicicc_6645_inline\GOLF_20260608_030_beicicc_inline_full\task077.onnx,1,1,1,inlined,
E:\kagglegolf\submissions\candidates\GOLF_20260607_004_public_notebook_full_replace\onnx\task078.onnx,E:\kagglegolf\data\interim\beicicc_6645_inline\GOLF_20260608_030_beicicc_inline_full\task078.onnx,1,1,1,inlined,
E:\kagglegolf\submissions\candidates\GOLF_20260607_004_public_notebook_full_replace\onnx\task079.onnx,E:\kagglegolf\data\interim\beicicc_6645_inline\GOLF_20260608_030_beicicc_inline_full\task079.onnx,1,1,1,inlined,
E:\kagglegolf\submissions\candidates\GOLF_20260607_004_public_notebook_full_replace\onnx\task080.onnx,E:\kagglegolf\data\interim\beicicc_6645_inline\GOLF_20260608_030_beicicc_inline_full\task080.onnx,1,1,1,inlined,
E:\kagglegolf\submissions\candidates\GOLF_20260607_004_public_notebook_full_replace\onnx\task081.onnx,E:\kagglegolf\data\interim\beicicc_6645_inline\GOLF_20260608_030_beicicc_inline_full\task081.onnx,1,1,1,inlined,
E:\kagglegolf\submissions\candidates\GOLF_20260607_004_public_notebook_full_replace\onnx\task082.onnx,E:\kagglegolf\data\interim\beicicc_6645_inline\GOLF_20260608_030_beicicc_inline_full\task082.onnx,1,1,1,inlined,
E:\kagglegolf\submissions\candidates\GOLF_20260607_004_public_notebook_full_replace\onnx\task083.onnx,E:\kagglegolf\data\interim\beicicc_6645_inline\GOLF_20260608_030_beicicc_inline_full\task083.onnx,0,0,0,unchanged,
E:\kagglegolf\submissions\candidates\GOLF_20260607_004_public_notebook_full_replace\onnx\task084.onnx,E:\kagglegolf\data\interim\beicicc_6645_inline\GOLF_20260608_030_beicicc_inline_full\task084.onnx,1,1,1,inlined,
E:\kagglegolf\submissions\candidates\GOLF_20260607_004_public_notebook_full_replace\onnx\task085.onnx,E:\kagglegolf\data\interim\beicicc_6645_inline\GOLF_20260608_030_beicicc_inline_full\task085.onnx,1,1,1,inlined,
E:\kagglegolf\submissions\candidates\GOLF_20260607_004_public_notebook_full_replace\onnx\task086.onnx,E:\kagglegolf\data\interim\beicicc_6645_inline\GOLF_20260608_030_beicicc_inline_full\task086.onnx,1,1,1,inlined,
E:\kagglegolf\submissions\candidates\GOLF_20260607_004_public_notebook_full_replace\onnx\task087.onnx,E:\kagglegolf\data\interim\beicicc_6645_inline\GOLF_20260608_030_beicicc_inline_full\task087.onnx,0,0,0,unchanged,
E:\kagglegolf\submissions\candidates\GOLF_20260607_004_public_notebook_full_replace\onnx\task088.onnx,E:\kagglegolf\data\interim\beicicc_6645_inline\GOLF_20260608_030_beicicc_inline_full\task088.onnx,1,1,1,inlined,
E:\kagglegolf\submissions\candidates\GOLF_20260607_004_public_notebook_full_replace\onnx\task089.onnx,E:\kagglegolf\data\interim\beicicc_6645_inline\GOLF_20260608_030_beicicc_inline_full\task089.onnx,1,1,1,inlined,
E:\kagglegolf\submissions\candidates\GOLF_20260607_004_public_notebook_full_replace\onnx\task090.onnx,E:\kagglegolf\data\interim\beicicc_6645_inline\GOLF_20260608_030_beicicc_inline_full\task090.onnx,1,1,1,inlined,
E:\kagglegolf\submissions\candidates\GOLF_20260607_004_public_notebook_full_replace\onnx\task091.onnx,E:\kagglegolf\data\interim\beicicc_6645_inline\GOLF_20260608_030_beicicc_inline_full\task091.onnx,1,1,1,inlined,
E:\kagglegolf\submissions\candidates\GOLF_20260607_004_public_notebook_full_replace\onnx\task092.onnx,E:\kagglegolf\data\interim\beicicc_6645_inline\GOLF_20260608_030_beicicc_inline_full\task092.onnx,0,0,0,unchanged,
E:\kagglegolf\submissions\candidates\GOLF_20260607_004_public_notebook_full_replace\onnx\task093.onnx,E:\kagglegolf\data\interim\beicicc_6645_inline\GOLF_20260608_030_beicicc_inline_full\task093.onnx,1,1,1,inlined,
E:\kagglegolf\submissions\candidates\GOLF_20260607_004_public_notebook_full_replace\onnx\task094.onnx,E:\kagglegolf\data\interim\beicicc_6645_inline\GOLF_20260608_030_beicicc_inline_full\task094.onnx,1,1,1,inlined,
E:\kagglegolf\submissions\candidates\GOLF_20260607_004_public_notebook_full_replace\onnx\task095.onnx,E:\kagglegolf\data\interim\beicicc_6645_inline\GOLF_20260608_030_beicicc_inline_full\task095.onnx,0,0,0,unchanged,
E:\kagglegolf\submissions\candidates\GOLF_20260607_004_public_notebook_full_replace\onnx\task096.onnx,E:\kagglegolf\data\interim\beicicc_6645_inline\GOLF_20260608_030_beicicc_inline_full\task096.onnx,1,1,1,inlined,
E:\kagglegolf\submissions\candidates\GOLF_20260607_004_public_notebook_full_replace\onnx\task097.onnx,E:\kagglegolf\data\interim\beicicc_6645_inline\GOLF_20260608_030_beicicc_inline_full\task097.onnx,1,1,1,inlined,
E:\kagglegolf\submissions\candidates\GOLF_20260607_004_public_notebook_full_replace\onnx\task098.onnx,E:\kagglegolf\data\interim\beicicc_6645_inline\GOLF_20260608_030_beicicc_inline_full\task098.onnx,0,0,0,unchanged,
E:\kagglegolf\submissions\candidates\GOLF_20260607_004_public_notebook_full_replace\onnx\task099.onnx,E:\kagglegolf\data\interim\beicicc_6645_inline\GOLF_20260608_030_beicicc_inline_full\task099.onnx,1,1,1,inlined,
E:\kagglegolf\submissions\candidates\GOLF_20260607_004_public_notebook_full_replace\onnx\task100.onnx,E:\kagglegolf\data\interim\beicicc_6645_inline\GOLF_20260608_030_beicicc_inline_full\task100.onnx,0,0,0,unchanged,
E:\kagglegolf\submissions\candidates\GOLF_20260607_004_public_notebook_full_replace\onnx\task101.onnx,E:\kagglegolf\data\interim\beicicc_6645_inline\GOLF_20260608_030_beicicc_inline_full\task101.onnx,1,1,1,inlined,
E:\kagglegolf\submissions\candidates\GOLF_20260607_004_public_notebook_full_replace\onnx\task102.onnx,E:\kagglegolf\data\interim\beicicc_6645_inline\GOLF_20260608_030_beicicc_inline_full\task102.onnx,1,1,1,inlined,
E:\kagglegolf\submissions\candidates\GOLF_20260607_004_public_notebook_full_replace\onnx\task103.onnx,E:\kagglegolf\data\interim\beicicc_6645_inline\GOLF_20260608_030_beicicc_inline_full\task103.onnx,0,0,0,unchanged,
E:\kagglegolf\submissions\candidates\GOLF_20260607_004_public_notebook_full_replace\onnx\task104.onnx,E:\kagglegolf\data\interim\beicicc_6645_inline\GOLF_20260608_030_beicicc_inline_full\task104.onnx,1,1,1,inlined,
E:\kagglegolf\submissions\candidates\GOLF_20260607_004_public_notebook_full_replace\onnx\task105.onnx,E:\kagglegolf\data\interim\beicicc_6645_inline\GOLF_20260608_030_beicicc_inline_full\task105.onnx,1,1,1,inlined,
E:\kagglegolf\submissions\candidates\GOLF_20260607_004_public_notebook_full_replace\onnx\task106.onnx,E:\kagglegolf\data\interim\beicicc_6645_inline\GOLF_20260608_030_beicicc_inline_full\task106.onnx,1,1,1,inlined,
E:\kagglegolf\submissions\candidates\GOLF_20260607_004_public_notebook_full_replace\onnx\task107.onnx,E:\kagglegolf\data\interim\beicicc_6645_inline\GOLF_20260608_030_beicicc_inline_full\task107.onnx,1,1,1,inlined,
E:\kagglegolf\submissions\candidates\GOLF_20260607_004_public_notebook_full_replace\onnx\task108.onnx,E:\kagglegolf\data\interim\beicicc_6645_inline\GOLF_20260608_030_beicicc_inline_full\task108.onnx,0,0,0,unchanged,
E:\kagglegolf\submissions\candidates\GOLF_20260607_004_public_notebook_full_replace\onnx\task109.onnx,E:\kagglegolf\data\interim\beicicc_6645_inline\GOLF_20260608_030_beicicc_inline_full\task109.onnx,1,1,1,inlined,
E:\kagglegolf\submissions\candidates\GOLF_20260607_004_public_notebook_full_replace\onnx\task110.onnx,E:\kagglegolf\data\interim\beicicc_6645_inline\GOLF_20260608_030_beicicc_inline_full\task110.onnx,1,1,1,inlined,
E:\kagglegolf\submissions\candidates\GOLF_20260607_004_public_notebook_full_replace\onnx\task111.onnx,E:\kagglegolf\data\interim\beicicc_6645_inline\GOLF_20260608_030_beicicc_inline_full\task111.onnx,1,1,1,inlined,
E:\kagglegolf\submissions\candidates\GOLF_20260607_004_public_notebook_full_replace\onnx\task112.onnx,E:\kagglegolf\data\interim\beicicc_6645_inline\GOLF_20260608_030_beicicc_inline_full\task112.onnx,1,1,1,inlined,
E:\kagglegolf\submissions\candidates\GOLF_20260607_004_public_notebook_full_replace\onnx\task113.onnx,E:\kagglegolf\data\interim\beicicc_6645_inline\GOLF_20260608_030_beicicc_inline_full\task113.onnx,0,0,0,unchanged,
E:\kagglegolf\submissions\candidates\GOLF_20260607_004_public_notebook_full_replace\onnx\task114.onnx,E:\kagglegolf\data\interim\beicicc_6645_inline\GOLF_20260608_030_beicicc_inline_full\task114.onnx,1,1,1,inlined,
E:\kagglegolf\submissions\candidates\GOLF_20260607_004_public_notebook_full_replace\onnx\task115.onnx,E:\kagglegolf\data\interim\beicicc_6645_inline\GOLF_20260608_030_beicicc_inline_full\task115.onnx,1,1,1,inlined,
E:\kagglegolf\submissions\candidates\GOLF_20260607_004_public_notebook_full_replace\onnx\task116.onnx,E:\kagglegolf\data\interim\beicicc_6645_inline\GOLF_20260608_030_beicicc_inline_full\task116.onnx,1,1,1,inlined,
E:\kagglegolf\submissions\candidates\GOLF_20260607_004_public_notebook_full_replace\onnx\task117.onnx,E:\kagglegolf\data\interim\beicicc_6645_inline\GOLF_20260608_030_beicicc_inline_full\task117.onnx,0,0,0,unchanged,
E:\kagglegolf\submissions\candidates\GOLF_20260607_004_public_notebook_full_replace\onnx\task118.onnx,E:\kagglegolf\data\interim\beicicc_6645_inline\GOLF_20260608_030_beicicc_inline_full\task118.onnx,1,1,1,inlined,
E:\kagglegolf\submissions\candidates\GOLF_20260607_004_public_notebook_full_replace\onnx\task119.onnx,E:\kagglegolf\data\interim\beicicc_6645_inline\GOLF_20260608_030_beicicc_inline_full\task119.onnx,1,1,1,inlined,
E:\kagglegolf\submissions\candidates\GOLF_20260607_004_public_notebook_full_replace\onnx\task120.onnx,E:\kagglegolf\data\interim\beicicc_6645_inline\GOLF_20260608_030_beicicc_inline_full\task120.onnx,1,1,1,inlined,
E:\kagglegolf\submissions\candidates\GOLF_20260607_004_public_notebook_full_replace\onnx\task121.onnx,E:\kagglegolf\data\interim\beicicc_6645_inline\GOLF_20260608_030_beicicc_inline_full\task121.onnx,1,1,1,inlined,
E:\kagglegolf\submissions\candidates\GOLF_20260607_004_public_notebook_full_replace\onnx\task122.onnx,E:\kagglegolf\data\interim\beicicc_6645_inline\GOLF_20260608_030_beicicc_inline_full\task122.onnx,1,1,1,inlined,
E:\kagglegolf\submissions\candidates\GOLF_20260607_004_public_notebook_full_replace\onnx\task123.onnx,E:\kagglegolf\data\interim\beicicc_6645_inline\GOLF_20260608_030_beicicc_inline_full\task123.onnx,1,1,1,inlined,
E:\kagglegolf\submissions\candidates\GOLF_20260607_004_public_notebook_full_replace\onnx\task124.onnx,E:\kagglegolf\data\interim\beicicc_6645_inline\GOLF_20260608_030_beicicc_inline_full\task124.onnx,1,1,1,inlined,
E:\kagglegolf\submissions\candidates\GOLF_20260607_004_public_notebook_full_replace\onnx\task125.onnx,E:\kagglegolf\data\interim\beicicc_6645_inline\GOLF_20260608_030_beicicc_inline_full\task125.onnx,1,1,1,inlined,
E:\kagglegolf\submissions\candidates\GOLF_20260607_004_public_notebook_full_replace\onnx\task126.onnx,E:\kagglegolf\data\interim\beicicc_6645_inline\GOLF_20260608_030_beicicc_inline_full\task126.onnx,1,1,1,inlined,
E:\kagglegolf\submissions\candidates\GOLF_20260607_004_public_notebook_full_replace\onnx\task127.onnx,E:\kagglegolf\data\interim\beicicc_6645_inline\GOLF_20260608_030_beicicc_inline_full\task127.onnx,1,1,1,inlined,
E:\kagglegolf\submissions\candidates\GOLF_20260607_004_public_notebook_full_replace\onnx\task128.onnx,E:\kagglegolf\data\interim\beicicc_6645_inline\GOLF_20260608_030_beicicc_inline_full\task128.onnx,1,1,1,inlined,
E:\kagglegolf\submissions\candidates\GOLF_20260607_004_public_notebook_full_replace\onnx\task129.onnx,E:\kagglegolf\data\interim\beicicc_6645_inline\GOLF_20260608_030_beicicc_inline_full\task129.onnx,1,1,1,inlined,
E:\kagglegolf\submissions\candidates\GOLF_20260607_004_public_notebook_full_replace\onnx\task130.onnx,E:\kagglegolf\data\interim\beicicc_6645_inline\GOLF_20260608_030_beicicc_inline_full\task130.onnx,1,1,1,inlined,
E:\kagglegolf\submissions\candidates\GOLF_20260607_004_public_notebook_full_replace\onnx\task131.onnx,E:\kagglegolf\data\interim\beicicc_6645_inline\GOLF_20260608_030_beicicc_inline_full\task131.onnx,1,1,1,inlined,
E:\kagglegolf\submissions\candidates\GOLF_20260607_004_public_notebook_full_replace\onnx\task132.onnx,E:\kagglegolf\data\interim\beicicc_6645_inline\GOLF_20260608_030_beicicc_inline_full\task132.onnx,0,0,0,unchanged,
E:\kagglegolf\submissions\candidates\GOLF_20260607_004_public_notebook_full_replace\onnx\task133.onnx,E:\kagglegolf\data\interim\beicicc_6645_inline\GOLF_20260608_030_beicicc_inline_full\task133.onnx,1,1,1,inlined,
E:\kagglegolf\submissions\candidates\GOLF_20260607_004_public_notebook_full_replace\onnx\task134.onnx,E:\kagglegolf\data\interim\beicicc_6645_inline\GOLF_20260608_030_beicicc_inline_full\task134.onnx,1,1,1,inlined,
E:\kagglegolf\submissions\candidates\GOLF_20260607_004_public_notebook_full_replace\onnx\task135.onnx,E:\kagglegolf\data\interim\beicicc_6645_inline\GOLF_20260608_030_beicicc_inline_full\task135.onnx,0,0,0,unchanged,
E:\kagglegolf\submissions\candidates\GOLF_20260607_004_public_notebook_full_replace\onnx\task136.onnx,E:\kagglegolf\data\interim\beicicc_6645_inline\GOLF_20260608_030_beicicc_inline_full\task136.onnx,0,0,0,unchanged,
E:\kagglegolf\submissions\candidates\GOLF_20260607_004_public_notebook_full_replace\onnx\task137.onnx,E:\kagglegolf\data\interim\beicicc_6645_inline\GOLF_20260608_030_beicicc_inline_full\task137.onnx,1,1,1,inlined,
E:\kagglegolf\submissions\candidates\GOLF_20260607_004_public_notebook_full_replace\onnx\task138.onnx,E:\kagglegolf\data\interim\beicicc_6645_inline\GOLF_20260608_030_beicicc_inline_full\task138.onnx,1,1,1,inlined,
E:\kagglegolf\submissions\candidates\GOLF_20260607_004_public_notebook_full_replace\onnx\task139.onnx,E:\kagglegolf\data\interim\beicicc_6645_inline\GOLF_20260608_030_beicicc_inline_full\task139.onnx,1,1,1,inlined,
E:\kagglegolf\submissions\candidates\GOLF_20260607_004_public_notebook_full_replace\onnx\task140.onnx,E:\kagglegolf\data\interim\beicicc_6645_inline\GOLF_20260608_030_beicicc_inline_full\task140.onnx,0,0,0,unchanged,
E:\kagglegolf\submissions\candidates\GOLF_20260607_004_public_notebook_full_replace\onnx\task141.onnx,E:\kagglegolf\data\interim\beicicc_6645_inline\GOLF_20260608_030_beicicc_inline_full\task141.onnx,1,1,1,inlined,
E:\kagglegolf\submissions\candidates\GOLF_20260607_004_public_notebook_full_replace\onnx\task142.onnx,E:\kagglegolf\data\interim\beicicc_6645_inline\GOLF_20260608_030_beicicc_inline_full\task142.onnx,0,0,0,unchanged,
E:\kagglegolf\submissions\candidates\GOLF_20260607_004_public_notebook_full_replace\onnx\task143.onnx,E:\kagglegolf\data\interim\beicicc_6645_inline\GOLF_20260608_030_beicicc_inline_full\task143.onnx,1,1,1,inlined,
E:\kagglegolf\submissions\candidates\GOLF_20260607_004_public_notebook_full_replace\onnx\task144.onnx,E:\kagglegolf\data\interim\beicicc_6645_inline\GOLF_20260608_030_beicicc_inline_full\task144.onnx,0,0,0,unchanged,
E:\kagglegolf\submissions\candidates\GOLF_20260607_004_public_notebook_full_replace\onnx\task145.onnx,E:\kagglegolf\data\interim\beicicc_6645_inline\GOLF_20260608_030_beicicc_inline_full\task145.onnx,1,1,1,inlined,
E:\kagglegolf\submissions\candidates\GOLF_20260607_004_public_notebook_full_replace\onnx\task146.onnx,E:\kagglegolf\data\interim\beicicc_6645_inline\GOLF_20260608_030_beicicc_inline_full\task146.onnx,0,0,0,unchanged,
E:\kagglegolf\submissions\candidates\GOLF_20260607_004_public_notebook_full_replace\onnx\task147.onnx,E:\kagglegolf\data\interim\beicicc_6645_inline\GOLF_20260608_030_beicicc_inline_full\task147.onnx,0,0,0,unchanged,
E:\kagglegolf\submissions\candidates\GOLF_20260607_004_public_notebook_full_replace\onnx\task148.onnx,E:\kagglegolf\data\interim\beicicc_6645_inline\GOLF_20260608_030_beicicc_inline_full\task148.onnx,1,1,1,inlined,
E:\kagglegolf\submissions\candidates\GOLF_20260607_004_public_notebook_full_replace\onnx\task149.onnx,E:\kagglegolf\data\interim\beicicc_6645_inline\GOLF_20260608_030_beicicc_inline_full\task149.onnx,1,1,1,inlined,
E:\kagglegolf\submissions\candidates\GOLF_20260607_004_public_notebook_full_replace\onnx\task150.onnx,E:\kagglegolf\data\interim\beicicc_6645_inline\GOLF_20260608_030_beicicc_inline_full\task150.onnx,1,1,1,inlined,
E:\kagglegolf\submissions\candidates\GOLF_20260607_004_public_notebook_full_replace\onnx\task151.onnx,E:\kagglegolf\data\interim\beicicc_6645_inline\GOLF_20260608_030_beicicc_inline_full\task151.onnx,1,1,1,inlined,
E:\kagglegolf\submissions\candidates\GOLF_20260607_004_public_notebook_full_replace\onnx\task152.onnx,E:\kagglegolf\data\interim\beicicc_6645_inline\GOLF_20260608_030_beicicc_inline_full\task152.onnx,0,0,0,unchanged,
E:\kagglegolf\submissions\candidates\GOLF_20260607_004_public_notebook_full_replace\onnx\task153.onnx,E:\kagglegolf\data\interim\beicicc_6645_inline\GOLF_20260608_030_beicicc_inline_full\task153.onnx,1,1,1,inlined,
E:\kagglegolf\submissions\candidates\GOLF_20260607_004_public_notebook_full_replace\onnx\task154.onnx,E:\kagglegolf\data\interim\beicicc_6645_inline\GOLF_20260608_030_beicicc_inline_full\task154.onnx,1,1,1,inlined,
E:\kagglegolf\submissions\candidates\GOLF_20260607_004_public_notebook_full_replace\onnx\task155.onnx,E:\kagglegolf\data\interim\beicicc_6645_inline\GOLF_20260608_030_beicicc_inline_full\task155.onnx,1,1,1,inlined,
E:\kagglegolf\submissions\candidates\GOLF_20260607_004_public_notebook_full_replace\onnx\task156.onnx,E:\kagglegolf\data\interim\beicicc_6645_inline\GOLF_20260608_030_beicicc_inline_full\task156.onnx,1,1,1,inlined,
E:\kagglegolf\submissions\candidates\GOLF_20260607_004_public_notebook_full_replace\onnx\task157.onnx,E:\kagglegolf\data\interim\beicicc_6645_inline\GOLF_20260608_030_beicicc_inline_full\task157.onnx,1,1,1,inlined,
E:\kagglegolf\submissions\candidates\GOLF_20260607_004_public_notebook_full_replace\onnx\task158.onnx,E:\kagglegolf\data\interim\beicicc_6645_inline\GOLF_20260608_030_beicicc_inline_full\task158.onnx,1,1,1,inlined,
E:\kagglegolf\submissions\candidates\GOLF_20260607_004_public_notebook_full_replace\onnx\task159.onnx,E:\kagglegolf\data\interim\beicicc_6645_inline\GOLF_20260608_030_beicicc_inline_full\task159.onnx,1,1,1,inlined,
E:\kagglegolf\submissions\candidates\GOLF_20260607_004_public_notebook_full_replace\onnx\task160.onnx,E:\kagglegolf\data\interim\beicicc_6645_inline\GOLF_20260608_030_beicicc_inline_full\task160.onnx,1,1,1,inlined,
E:\kagglegolf\submissions\candidates\GOLF_20260607_004_public_notebook_full_replace\onnx\task161.onnx,E:\kagglegolf\data\interim\beicicc_6645_inline\GOLF_20260608_030_beicicc_inline_full\task161.onnx,1,1,1,inlined,
E:\kagglegolf\submissions\candidates\GOLF_20260607_004_public_notebook_full_replace\onnx\task162.onnx,E:\kagglegolf\data\interim\beicicc_6645_inline\GOLF_20260608_030_beicicc_inline_full\task162.onnx,1,1,1,inlined,
E:\kagglegolf\submissions\candidates\GOLF_20260607_004_public_notebook_full_replace\onnx\task163.onnx,E:\kagglegolf\data\interim\beicicc_6645_inline\GOLF_20260608_030_beicicc_inline_full\task163.onnx,1,1,1,inlined,
E:\kagglegolf\submissions\candidates\GOLF_20260607_004_public_notebook_full_replace\onnx\task164.onnx,E:\kagglegolf\data\interim\beicicc_6645_inline\GOLF_20260608_030_beicicc_inline_full\task164.onnx,1,1,1,inlined,
E:\kagglegolf\submissions\candidates\GOLF_20260607_004_public_notebook_full_replace\onnx\task165.onnx,E:\kagglegolf\data\interim\beicicc_6645_inline\GOLF_20260608_030_beicicc_inline_full\task165.onnx,1,1,1,inlined,
E:\kagglegolf\submissions\candidates\GOLF_20260607_004_public_notebook_full_replace\onnx\task166.onnx,E:\kagglegolf\data\interim\beicicc_6645_inline\GOLF_20260608_030_beicicc_inline_full\task166.onnx,0,0,0,unchanged,
E:\kagglegolf\submissions\candidates\GOLF_20260607_004_public_notebook_full_replace\onnx\task167.onnx,E:\kagglegolf\data\interim\beicicc_6645_inline\GOLF_20260608_030_beicicc_inline_full\task167.onnx,1,1,1,inlined,
E:\kagglegolf\submissions\candidates\GOLF_20260607_004_public_notebook_full_replace\onnx\task168.onnx,E:\kagglegolf\data\interim\beicicc_6645_inline\GOLF_20260608_030_beicicc_inline_full\task168.onnx,1,1,1,inlined,
E:\kagglegolf\submissions\candidates\GOLF_20260607_004_public_notebook_full_replace\onnx\task169.onnx,E:\kagglegolf\data\interim\beicicc_6645_inline\GOLF_20260608_030_beicicc_inline_full\task169.onnx,0,0,0,unchanged,
E:\kagglegolf\submissions\candidates\GOLF_20260607_004_public_notebook_full_replace\onnx\task170.onnx,E:\kagglegolf\data\interim\beicicc_6645_inline\GOLF_20260608_030_beicicc_inline_full\task170.onnx,1,1,1,inlined,
E:\kagglegolf\submissions\candidates\GOLF_20260607_004_public_notebook_full_replace\onnx\task171.onnx,E:\kagglegolf\data\interim\beicicc_6645_inline\GOLF_20260608_030_beicicc_inline_full\task171.onnx,0,0,0,unchanged,
E:\kagglegolf\submissions\candidates\GOLF_20260607_004_public_notebook_full_replace\onnx\task172.onnx,E:\kagglegolf\data\interim\beicicc_6645_inline\GOLF_20260608_030_beicicc_inline_full\task172.onnx,1,1,1,inlined,
E:\kagglegolf\submissions\candidates\GOLF_20260607_004_public_notebook_full_replace\onnx\task173.onnx,E:\kagglegolf\data\interim\beicicc_6645_inline\GOLF_20260608_030_beicicc_inline_full\task173.onnx,1,1,1,inlined,
E:\kagglegolf\submissions\candidates\GOLF_20260607_004_public_notebook_full_replace\onnx\task174.onnx,E:\kagglegolf\data\interim\beicicc_6645_inline\GOLF_20260608_030_beicicc_inline_full\task174.onnx,1,1,1,inlined,
E:\kagglegolf\submissions\candidates\GOLF_20260607_004_public_notebook_full_replace\onnx\task175.onnx,E:\kagglegolf\data\interim\beicicc_6645_inline\GOLF_20260608_030_beicicc_inline_full\task175.onnx,1,1,1,inlined,
E:\kagglegolf\submissions\candidates\GOLF_20260607_004_public_notebook_full_replace\onnx\task176.onnx,E:\kagglegolf\data\interim\beicicc_6645_inline\GOLF_20260608_030_beicicc_inline_full\task176.onnx,1,1,1,inlined,
E:\kagglegolf\submissions\candidates\GOLF_20260607_004_public_notebook_full_replace\onnx\task177.onnx,E:\kagglegolf\data\interim\beicicc_6645_inline\GOLF_20260608_030_beicicc_inline_full\task177.onnx,1,1,1,inlined,
E:\kagglegolf\submissions\candidates\GOLF_20260607_004_public_notebook_full_replace\onnx\task178.onnx,E:\kagglegolf\data\interim\beicicc_6645_inline\GOLF_20260608_030_beicicc_inline_full\task178.onnx,1,1,1,inlined,
E:\kagglegolf\submissions\candidates\GOLF_20260607_004_public_notebook_full_replace\onnx\task179.onnx,E:\kagglegolf\data\interim\beicicc_6645_inline\GOLF_20260608_030_beicicc_inline_full\task179.onnx,0,0,0,unchanged,
E:\kagglegolf\submissions\candidates\GOLF_20260607_004_public_notebook_full_replace\onnx\task180.onnx,E:\kagglegolf\data\interim\beicicc_6645_inline\GOLF_20260608_030_beicicc_inline_full\task180.onnx,1,1,1,inlined,
E:\kagglegolf\submissions\candidates\GOLF_20260607_004_public_notebook_full_replace\onnx\task181.onnx,E:\kagglegolf\data\interim\beicicc_6645_inline\GOLF_20260608_030_beicicc_inline_full\task181.onnx,1,1,1,inlined,
E:\kagglegolf\submissions\candidates\GOLF_20260607_004_public_notebook_full_replace\onnx\task182.onnx,E:\kagglegolf\data\interim\beicicc_6645_inline\GOLF_20260608_030_beicicc_inline_full\task182.onnx,1,1,1,inlined,
E:\kagglegolf\submissions\candidates\GOLF_20260607_004_public_notebook_full_replace\onnx\task183.onnx,E:\kagglegolf\data\interim\beicicc_6645_inline\GOLF_20260608_030_beicicc_inline_full\task183.onnx,1,1,1,inlined,
E:\kagglegolf\submissions\candidates\GOLF_20260607_004_public_notebook_full_replace\onnx\task184.onnx,E:\kagglegolf\data\interim\beicicc_6645_inline\GOLF_20260608_030_beicicc_inline_full\task184.onnx,1,1,1,inlined,
E:\kagglegolf\submissions\candidates\GOLF_20260607_004_public_notebook_full_replace\onnx\task185.onnx,E:\kagglegolf\data\interim\beicicc_6645_inline\GOLF_20260608_030_beicicc_inline_full\task185.onnx,1,1,1,inlined,
E:\kagglegolf\submissions\candidates\GOLF_20260607_004_public_notebook_full_replace\onnx\task186.onnx,E:\kagglegolf\data\interim\beicicc_6645_inline\GOLF_20260608_030_beicicc_inline_full\task186.onnx,1,1,1,inlined,
E:\kagglegolf\submissions\candidates\GOLF_20260607_004_public_notebook_full_replace\onnx\task187.onnx,E:\kagglegolf\data\interim\beicicc_6645_inline\GOLF_20260608_030_beicicc_inline_full\task187.onnx,1,1,1,inlined,
E:\kagglegolf\submissions\candidates\GOLF_20260607_004_public_notebook_full_replace\onnx\task188.onnx,E:\kagglegolf\data\interim\beicicc_6645_inline\GOLF_20260608_030_beicicc_inline_full\task188.onnx,0,0,0,unchanged,
E:\kagglegolf\submissions\candidates\GOLF_20260607_004_public_notebook_full_replace\onnx\task189.onnx,E:\kagglegolf\data\interim\beicicc_6645_inline\GOLF_20260608_030_beicicc_inline_full\task189.onnx,1,1,1,inlined,
E:\kagglegolf\submissions\candidates\GOLF_20260607_004_public_notebook_full_replace\onnx\task190.onnx,E:\kagglegolf\data\interim\beicicc_6645_inline\GOLF_20260608_030_beicicc_inline_full\task190.onnx,1,1,1,inlined,
E:\kagglegolf\submissions\candidates\GOLF_20260607_004_public_notebook_full_replace\onnx\task191.onnx,E:\kagglegolf\data\interim\beicicc_6645_inline\GOLF_20260608_030_beicicc_inline_full\task191.onnx,1,1,1,inlined,
E:\kagglegolf\submissions\candidates\GOLF_20260607_004_public_notebook_full_replace\onnx\task192.onnx,E:\kagglegolf\data\interim\beicicc_6645_inline\GOLF_20260608_030_beicicc_inline_full\task192.onnx,1,1,1,inlined,
E:\kagglegolf\submissions\candidates\GOLF_20260607_004_public_notebook_full_replace\onnx\task193.onnx,E:\kagglegolf\data\interim\beicicc_6645_inline\GOLF_20260608_030_beicicc_inline_full\task193.onnx,1,1,1,inlined,
E:\kagglegolf\submissions\candidates\GOLF_20260607_004_public_notebook_full_replace\onnx\task194.onnx,E:\kagglegolf\data\interim\beicicc_6645_inline\GOLF_20260608_030_beicicc_inline_full\task194.onnx,1,1,1,inlined,
E:\kagglegolf\submissions\candidates\GOLF_20260607_004_public_notebook_full_replace\onnx\task195.onnx,E:\kagglegolf\data\interim\beicicc_6645_inline\GOLF_20260608_030_beicicc_inline_full\task195.onnx,1,1,1,inlined,
E:\kagglegolf\submissions\candidates\GOLF_20260607_004_public_notebook_full_replace\onnx\task196.onnx,E:\kagglegolf\data\interim\beicicc_6645_inline\GOLF_20260608_030_beicicc_inline_full\task196.onnx,1,1,1,inlined,
E:\kagglegolf\submissions\candidates\GOLF_20260607_004_public_notebook_full_replace\onnx\task197.onnx,E:\kagglegolf\data\interim\beicicc_6645_inline\GOLF_20260608_030_beicicc_inline_full\task197.onnx,1,1,1,inlined,
E:\kagglegolf\submissions\candidates\GOLF_20260607_004_public_notebook_full_replace\onnx\task198.onnx,E:\kagglegolf\data\interim\beicicc_6645_inline\GOLF_20260608_030_beicicc_inline_full\task198.onnx,1,1,1,inlined,
E:\kagglegolf\submissions\candidates\GOLF_20260607_004_public_notebook_full_replace\onnx\task199.onnx,E:\kagglegolf\data\interim\beicicc_6645_inline\GOLF_20260608_030_beicicc_inline_full\task199.onnx,1,1,1,inlined,
E:\kagglegolf\submissions\candidates\GOLF_20260607_004_public_notebook_full_replace\onnx\task200.onnx,E:\kagglegolf\data\interim\beicicc_6645_inline\GOLF_20260608_030_beicicc_inline_full\task200.onnx,1,1,1,inlined,
E:\kagglegolf\submissions\candidates\GOLF_20260607_004_public_notebook_full_replace\onnx\task201.onnx,E:\kagglegolf\data\interim\beicicc_6645_inline\GOLF_20260608_030_beicicc_inline_full\task201.onnx,1,1,1,inlined,
E:\kagglegolf\submissions\candidates\GOLF_20260607_004_public_notebook_full_replace\onnx\task202.onnx,E:\kagglegolf\data\interim\beicicc_6645_inline\GOLF_20260608_030_beicicc_inline_full\task202.onnx,1,1,1,inlined,
E:\kagglegolf\submissions\candidates\GOLF_20260607_004_public_notebook_full_replace\onnx\task203.onnx,E:\kagglegolf\data\interim\beicicc_6645_inline\GOLF_20260608_030_beicicc_inline_full\task203.onnx,1,1,1,inlined,
E:\kagglegolf\submissions\candidates\GOLF_20260607_004_public_notebook_full_replace\onnx\task204.onnx,E:\kagglegolf\data\interim\beicicc_6645_inline\GOLF_20260608_030_beicicc_inline_full\task204.onnx,1,1,1,inlined,
E:\kagglegolf\submissions\candidates\GOLF_20260607_004_public_notebook_full_replace\onnx\task205.onnx,E:\kagglegolf\data\interim\beicicc_6645_inline\GOLF_20260608_030_beicicc_inline_full\task205.onnx,1,1,1,inlined,
E:\kagglegolf\submissions\candidates\GOLF_20260607_004_public_notebook_full_replace\onnx\task206.onnx,E:\kagglegolf\data\interim\beicicc_6645_inline\GOLF_20260608_030_beicicc_inline_full\task206.onnx,1,1,1,inlined,
E:\kagglegolf\submissions\candidates\GOLF_20260607_004_public_notebook_full_replace\onnx\task207.onnx,E:\kagglegolf\data\interim\beicicc_6645_inline\GOLF_20260608_030_beicicc_inline_full\task207.onnx,0,0,0,unchanged,
E:\kagglegolf\submissions\candidates\GOLF_20260607_004_public_notebook_full_replace\onnx\task208.onnx,E:\kagglegolf\data\interim\beicicc_6645_inline\GOLF_20260608_030_beicicc_inline_full\task208.onnx,1,1,1,inlined,
E:\kagglegolf\submissions\candidates\GOLF_20260607_004_public_notebook_full_replace\onnx\task209.onnx,E:\kagglegolf\data\interim\beicicc_6645_inline\GOLF_20260608_030_beicicc_inline_full\task209.onnx,1,1,1,inlined,
E:\kagglegolf\submissions\candidates\GOLF_20260607_004_public_notebook_full_replace\onnx\task210.onnx,E:\kagglegolf\data\interim\beicicc_6645_inline\GOLF_20260608_030_beicicc_inline_full\task210.onnx,0,0,0,unchanged,
E:\kagglegolf\submissions\candidates\GOLF_20260607_004_public_notebook_full_replace\onnx\task211.onnx,E:\kagglegolf\data\interim\beicicc_6645_inline\GOLF_20260608_030_beicicc_inline_full\task211.onnx,0,0,0,unchanged,
E:\kagglegolf\submissions\candidates\GOLF_20260607_004_public_notebook_full_replace\onnx\task212.onnx,E:\kagglegolf\data\interim\beicicc_6645_inline\GOLF_20260608_030_beicicc_inline_full\task212.onnx,1,1,1,inlined,
E:\kagglegolf\submissions\candidates\GOLF_20260607_004_public_notebook_full_replace\onnx\task213.onnx,E:\kagglegolf\data\interim\beicicc_6645_inline\GOLF_20260608_030_beicicc_inline_full\task213.onnx,1,1,1,inlined,
E:\kagglegolf\submissions\candidates\GOLF_20260607_004_public_notebook_full_replace\onnx\task214.onnx,E:\kagglegolf\data\interim\beicicc_6645_inline\GOLF_20260608_030_beicicc_inline_full\task214.onnx,1,1,1,inlined,
E:\kagglegolf\submissions\candidates\GOLF_20260607_004_public_notebook_full_replace\onnx\task215.onnx,E:\kagglegolf\data\interim\beicicc_6645_inline\GOLF_20260608_030_beicicc_inline_full\task215.onnx,1,1,1,inlined,
E:\kagglegolf\submissions\candidates\GOLF_20260607_004_public_notebook_full_replace\onnx\task216.onnx,E:\kagglegolf\data\interim\beicicc_6645_inline\GOLF_20260608_030_beicicc_inline_full\task216.onnx,1,1,1,inlined,
E:\kagglegolf\submissions\candidates\GOLF_20260607_004_public_notebook_full_replace\onnx\task217.onnx,E:\kagglegolf\data\interim\beicicc_6645_inline\GOLF_20260608_030_beicicc_inline_full\task217.onnx,1,1,1,inlined,
E:\kagglegolf\submissions\candidates\GOLF_20260607_004_public_notebook_full_replace\onnx\task218.onnx,E:\kagglegolf\data\interim\beicicc_6645_inline\GOLF_20260608_030_beicicc_inline_full\task218.onnx,1,1,1,inlined,
E:\kagglegolf\submissions\candidates\GOLF_20260607_004_public_notebook_full_replace\onnx\task219.onnx,E:\kagglegolf\data\interim\beicicc_6645_inline\GOLF_20260608_030_beicicc_inline_full\task219.onnx,1,1,1,inlined,
E:\kagglegolf\submissions\candidates\GOLF_20260607_004_public_notebook_full_replace\onnx\task220.onnx,E:\kagglegolf\data\interim\beicicc_6645_inline\GOLF_20260608_030_beicicc_inline_full\task220.onnx,1,1,1,inlined,
E:\kagglegolf\submissions\candidates\GOLF_20260607_004_public_notebook_full_replace\onnx\task221.onnx,E:\kagglegolf\data\interim\beicicc_6645_inline\GOLF_20260608_030_beicicc_inline_full\task221.onnx,1,1,1,inlined,
E:\kagglegolf\submissions\candidates\GOLF_20260607_004_public_notebook_full_replace\onnx\task222.onnx,E:\kagglegolf\data\interim\beicicc_6645_inline\GOLF_20260608_030_beicicc_inline_full\task222.onnx,1,1,1,inlined,
E:\kagglegolf\submissions\candidates\GOLF_20260607_004_public_notebook_full_replace\onnx\task223.onnx,E:\kagglegolf\data\interim\beicicc_6645_inline\GOLF_20260608_030_beicicc_inline_full\task223.onnx,0,0,0,unchanged,
E:\kagglegolf\submissions\candidates\GOLF_20260607_004_public_notebook_full_replace\onnx\task224.onnx,E:\kagglegolf\data\interim\beicicc_6645_inline\GOLF_20260608_030_beicicc_inline_full\task224.onnx,1,1,1,inlined,
E:\kagglegolf\submissions\candidates\GOLF_20260607_004_public_notebook_full_replace\onnx\task225.onnx,E:\kagglegolf\data\interim\beicicc_6645_inline\GOLF_20260608_030_beicicc_inline_full\task225.onnx,1,1,1,inlined,
E:\kagglegolf\submissions\candidates\GOLF_20260607_004_public_notebook_full_replace\onnx\task226.onnx,E:\kagglegolf\data\interim\beicicc_6645_inline\GOLF_20260608_030_beicicc_inline_full\task226.onnx,1,1,1,inlined,
E:\kagglegolf\submissions\candidates\GOLF_20260607_004_public_notebook_full_replace\onnx\task227.onnx,E:\kagglegolf\data\interim\beicicc_6645_inline\GOLF_20260608_030_beicicc_inline_full\task227.onnx,1,1,1,inlined,
E:\kagglegolf\submissions\candidates\GOLF_20260607_004_public_notebook_full_replace\onnx\task228.onnx,E:\kagglegolf\data\interim\beicicc_6645_inline\GOLF_20260608_030_beicicc_inline_full\task228.onnx,1,1,1,inlined,
E:\kagglegolf\submissions\candidates\GOLF_20260607_004_public_notebook_full_replace\onnx\task229.onnx,E:\kagglegolf\data\interim\beicicc_6645_inline\GOLF_20260608_030_beicicc_inline_full\task229.onnx,0,0,0,unchanged,
E:\kagglegolf\submissions\candidates\GOLF_20260607_004_public_notebook_full_replace\onnx\task230.onnx,E:\kagglegolf\data\interim\beicicc_6645_inline\GOLF_20260608_030_beicicc_inline_full\task230.onnx,1,1,1,inlined,
E:\kagglegolf\submissions\candidates\GOLF_20260607_004_public_notebook_full_replace\onnx\task231.onnx,E:\kagglegolf\data\interim\beicicc_6645_inline\GOLF_20260608_030_beicicc_inline_full\task231.onnx,1,1,1,inlined,
E:\kagglegolf\submissions\candidates\GOLF_20260607_004_public_notebook_full_replace\onnx\task232.onnx,E:\kagglegolf\data\interim\beicicc_6645_inline\GOLF_20260608_030_beicicc_inline_full\task232.onnx,1,1,1,inlined,
E:\kagglegolf\submissions\candidates\GOLF_20260607_004_public_notebook_full_replace\onnx\task233.onnx,E:\kagglegolf\data\interim\beicicc_6645_inline\GOLF_20260608_030_beicicc_inline_full\task233.onnx,1,1,1,inlined,
E:\kagglegolf\submissions\candidates\GOLF_20260607_004_public_notebook_full_replace\onnx\task234.onnx,E:\kagglegolf\data\interim\beicicc_6645_inline\GOLF_20260608_030_beicicc_inline_full\task234.onnx,1,1,1,inlined,
E:\kagglegolf\submissions\candidates\GOLF_20260607_004_public_notebook_full_replace\onnx\task235.onnx,E:\kagglegolf\data\interim\beicicc_6645_inline\GOLF_20260608_030_beicicc_inline_full\task235.onnx,1,1,1,inlined,
E:\kagglegolf\submissions\candidates\GOLF_20260607_004_public_notebook_full_replace\onnx\task236.onnx,E:\kagglegolf\data\interim\beicicc_6645_inline\GOLF_20260608_030_beicicc_inline_full\task236.onnx,0,0,0,unchanged,
E:\kagglegolf\submissions\candidates\GOLF_20260607_004_public_notebook_full_replace\onnx\task237.onnx,E:\kagglegolf\data\interim\beicicc_6645_inline\GOLF_20260608_030_beicicc_inline_full\task237.onnx,1,1,1,inlined,
E:\kagglegolf\submissions\candidates\GOLF_20260607_004_public_notebook_full_replace\onnx\task238.onnx,E:\kagglegolf\data\interim\beicicc_6645_inline\GOLF_20260608_030_beicicc_inline_full\task238.onnx,1,1,1,inlined,
E:\kagglegolf\submissions\candidates\GOLF_20260607_004_public_notebook_full_replace\onnx\task239.onnx,E:\kagglegolf\data\interim\beicicc_6645_inline\GOLF_20260608_030_beicicc_inline_full\task239.onnx,1,1,1,inlined,
E:\kagglegolf\submissions\candidates\GOLF_20260607_004_public_notebook_full_replace\onnx\task240.onnx,E:\kagglegolf\data\interim\beicicc_6645_inline\GOLF_20260608_030_beicicc_inline_full\task240.onnx,1,1,1,inlined,
E:\kagglegolf\submissions\candidates\GOLF_20260607_004_public_notebook_full_replace\onnx\task241.onnx,E:\kagglegolf\data\interim\beicicc_6645_inline\GOLF_20260608_030_beicicc_inline_full\task241.onnx,0,0,0,unchanged,
E:\kagglegolf\submissions\candidates\GOLF_20260607_004_public_notebook_full_replace\onnx\task242.onnx,E:\kagglegolf\data\interim\beicicc_6645_inline\GOLF_20260608_030_beicicc_inline_full\task242.onnx,1,1,1,inlined,
E:\kagglegolf\submissions\candidates\GOLF_20260607_004_public_notebook_full_replace\onnx\task243.onnx,E:\kagglegolf\data\interim\beicicc_6645_inline\GOLF_20260608_030_beicicc_inline_full\task243.onnx,1,1,1,inlined,
E:\kagglegolf\submissions\candidates\GOLF_20260607_004_public_notebook_full_replace\onnx\task244.onnx,E:\kagglegolf\data\interim\beicicc_6645_inline\GOLF_20260608_030_beicicc_inline_full\task244.onnx,1,1,1,inlined,
E:\kagglegolf\submissions\candidates\GOLF_20260607_004_public_notebook_full_replace\onnx\task245.onnx,E:\kagglegolf\data\interim\beicicc_6645_inline\GOLF_20260608_030_beicicc_inline_full\task245.onnx,0,0,0,unchanged,
E:\kagglegolf\submissions\candidates\GOLF_20260607_004_public_notebook_full_replace\onnx\task246.onnx,E:\kagglegolf\data\interim\beicicc_6645_inline\GOLF_20260608_030_beicicc_inline_full\task246.onnx,0,0,0,unchanged,
E:\kagglegolf\submissions\candidates\GOLF_20260607_004_public_notebook_full_replace\onnx\task247.onnx,E:\kagglegolf\data\interim\beicicc_6645_inline\GOLF_20260608_030_beicicc_inline_full\task247.onnx,1,1,1,inlined,
E:\kagglegolf\submissions\candidates\GOLF_20260607_004_public_notebook_full_replace\onnx\task248.onnx,E:\kagglegolf\data\interim\beicicc_6645_inline\GOLF_20260608_030_beicicc_inline_full\task248.onnx,0,0,0,unchanged,
E:\kagglegolf\submissions\candidates\GOLF_20260607_004_public_notebook_full_replace\onnx\task249.onnx,E:\kagglegolf\data\interim\beicicc_6645_inline\GOLF_20260608_030_beicicc_inline_full\task249.onnx,1,1,1,inlined,
E:\kagglegolf\submissions\candidates\GOLF_20260607_004_public_notebook_full_replace\onnx\task250.onnx,E:\kagglegolf\data\interim\beicicc_6645_inline\GOLF_20260608_030_beicicc_inline_full\task250.onnx,0,0,0,unchanged,
E:\kagglegolf\submissions\candidates\GOLF_20260607_004_public_notebook_full_replace\onnx\task251.onnx,E:\kagglegolf\data\interim\beicicc_6645_inline\GOLF_20260608_030_beicicc_inline_full\task251.onnx,1,1,1,inlined,
E:\kagglegolf\submissions\candidates\GOLF_20260607_004_public_notebook_full_replace\onnx\task252.onnx,E:\kagglegolf\data\interim\beicicc_6645_inline\GOLF_20260608_030_beicicc_inline_full\task252.onnx,1,1,1,inlined,
E:\kagglegolf\submissions\candidates\GOLF_20260607_004_public_notebook_full_replace\onnx\task253.onnx,E:\kagglegolf\data\interim\beicicc_6645_inline\GOLF_20260608_030_beicicc_inline_full\task253.onnx,1,1,1,inlined,
E:\kagglegolf\submissions\candidates\GOLF_20260607_004_public_notebook_full_replace\onnx\task254.onnx,E:\kagglegolf\data\interim\beicicc_6645_inline\GOLF_20260608_030_beicicc_inline_full\task254.onnx,1,1,1,inlined,
E:\kagglegolf\submissions\candidates\GOLF_20260607_004_public_notebook_full_replace\onnx\task255.onnx,E:\kagglegolf\data\interim\beicicc_6645_inline\GOLF_20260608_030_beicicc_inline_full\task255.onnx,1,1,1,inlined,
E:\kagglegolf\submissions\candidates\GOLF_20260607_004_public_notebook_full_replace\onnx\task256.onnx,E:\kagglegolf\data\interim\beicicc_6645_inline\GOLF_20260608_030_beicicc_inline_full\task256.onnx,0,0,0,unchanged,
E:\kagglegolf\submissions\candidates\GOLF_20260607_004_public_notebook_full_replace\onnx\task257.onnx,E:\kagglegolf\data\interim\beicicc_6645_inline\GOLF_20260608_030_beicicc_inline_full\task257.onnx,1,1,1,inlined,
E:\kagglegolf\submissions\candidates\GOLF_20260607_004_public_notebook_full_replace\onnx\task258.onnx,E:\kagglegolf\data\interim\beicicc_6645_inline\GOLF_20260608_030_beicicc_inline_full\task258.onnx,1,1,1,inlined,
E:\kagglegolf\submissions\candidates\GOLF_20260607_004_public_notebook_full_replace\onnx\task259.onnx,E:\kagglegolf\data\interim\beicicc_6645_inline\GOLF_20260608_030_beicicc_inline_full\task259.onnx,1,1,1,inlined,
E:\kagglegolf\submissions\candidates\GOLF_20260607_004_public_notebook_full_replace\onnx\task260.onnx,E:\kagglegolf\data\interim\beicicc_6645_inline\GOLF_20260608_030_beicicc_inline_full\task260.onnx,1,1,1,inlined,
E:\kagglegolf\submissions\candidates\GOLF_20260607_004_public_notebook_full_replace\onnx\task261.onnx,E:\kagglegolf\data\interim\beicicc_6645_inline\GOLF_20260608_030_beicicc_inline_full\task261.onnx,0,0,0,unchanged,
E:\kagglegolf\submissions\candidates\GOLF_20260607_004_public_notebook_full_replace\onnx\task262.onnx,E:\kagglegolf\data\interim\beicicc_6645_inline\GOLF_20260608_030_beicicc_inline_full\task262.onnx,1,1,1,inlined,
E:\kagglegolf\submissions\candidates\GOLF_20260607_004_public_notebook_full_replace\onnx\task263.onnx,E:\kagglegolf\data\interim\beicicc_6645_inline\GOLF_20260608_030_beicicc_inline_full\task263.onnx,1,1,1,inlined,
E:\kagglegolf\submissions\candidates\GOLF_20260607_004_public_notebook_full_replace\onnx\task264.onnx,E:\kagglegolf\data\interim\beicicc_6645_inline\GOLF_20260608_030_beicicc_inline_full\task264.onnx,1,1,1,inlined,
E:\kagglegolf\submissions\candidates\GOLF_20260607_004_public_notebook_full_replace\onnx\task265.onnx,E:\kagglegolf\data\interim\beicicc_6645_inline\GOLF_20260608_030_beicicc_inline_full\task265.onnx,1,1,1,inlined,
E:\kagglegolf\submissions\candidates\GOLF_20260607_004_public_notebook_full_replace\onnx\task266.onnx,E:\kagglegolf\data\interim\beicicc_6645_inline\GOLF_20260608_030_beicicc_inline_full\task266.onnx,0,0,0,unchanged,
E:\kagglegolf\submissions\candidates\GOLF_20260607_004_public_notebook_full_replace\onnx\task267.onnx,E:\kagglegolf\data\interim\beicicc_6645_inline\GOLF_20260608_030_beicicc_inline_full\task267.onnx,1,1,1,inlined,
E:\kagglegolf\submissions\candidates\GOLF_20260607_004_public_notebook_full_replace\onnx\task268.onnx,E:\kagglegolf\data\interim\beicicc_6645_inline\GOLF_20260608_030_beicicc_inline_full\task268.onnx,1,1,1,inlined,
E:\kagglegolf\submissions\candidates\GOLF_20260607_004_public_notebook_full_replace\onnx\task269.onnx,E:\kagglegolf\data\interim\beicicc_6645_inline\GOLF_20260608_030_beicicc_inline_full\task269.onnx,1,1,1,inlined,
E:\kagglegolf\submissions\candidates\GOLF_20260607_004_public_notebook_full_replace\onnx\task270.onnx,E:\kagglegolf\data\interim\beicicc_6645_inline\GOLF_20260608_030_beicicc_inline_full\task270.onnx,1,1,1,inlined,
E:\kagglegolf\submissions\candidates\GOLF_20260607_004_public_notebook_full_replace\onnx\task271.onnx,E:\kagglegolf\data\interim\beicicc_6645_inline\GOLF_20260608_030_beicicc_inline_full\task271.onnx,1,1,1,inlined,
E:\kagglegolf\submissions\candidates\GOLF_20260607_004_public_notebook_full_replace\onnx\task272.onnx,E:\kagglegolf\data\interim\beicicc_6645_inline\GOLF_20260608_030_beicicc_inline_full\task272.onnx,0,0,0,unchanged,
E:\kagglegolf\submissions\candidates\GOLF_20260607_004_public_notebook_full_replace\onnx\task273.onnx,E:\kagglegolf\data\interim\beicicc_6645_inline\GOLF_20260608_030_beicicc_inline_full\task273.onnx,0,0,0,unchanged,
E:\kagglegolf\submissions\candidates\GOLF_20260607_004_public_notebook_full_replace\onnx\task274.onnx,E:\kagglegolf\data\interim\beicicc_6645_inline\GOLF_20260608_030_beicicc_inline_full\task274.onnx,1,1,1,inlined,
E:\kagglegolf\submissions\candidates\GOLF_20260607_004_public_notebook_full_replace\onnx\task275.onnx,E:\kagglegolf\data\interim\beicicc_6645_inline\GOLF_20260608_030_beicicc_inline_full\task275.onnx,1,1,1,inlined,
E:\kagglegolf\submissions\candidates\GOLF_20260607_004_public_notebook_full_replace\onnx\task276.onnx,E:\kagglegolf\data\interim\beicicc_6645_inline\GOLF_20260608_030_beicicc_inline_full\task276.onnx,0,0,0,unchanged,
E:\kagglegolf\submissions\candidates\GOLF_20260607_004_public_notebook_full_replace\onnx\task277.onnx,E:\kagglegolf\data\interim\beicicc_6645_inline\GOLF_20260608_030_beicicc_inline_full\task277.onnx,1,1,1,inlined,
E:\kagglegolf\submissions\candidates\GOLF_20260607_004_public_notebook_full_replace\onnx\task278.onnx,E:\kagglegolf\data\interim\beicicc_6645_inline\GOLF_20260608_030_beicicc_inline_full\task278.onnx,1,1,1,inlined,
E:\kagglegolf\submissions\candidates\GOLF_20260607_004_public_notebook_full_replace\onnx\task279.onnx,E:\kagglegolf\data\interim\beicicc_6645_inline\GOLF_20260608_030_beicicc_inline_full\task279.onnx,1,1,1,inlined,
E:\kagglegolf\submissions\candidates\GOLF_20260607_004_public_notebook_full_replace\onnx\task280.onnx,E:\kagglegolf\data\interim\beicicc_6645_inline\GOLF_20260608_030_beicicc_inline_full\task280.onnx,1,1,1,inlined,
E:\kagglegolf\submissions\candidates\GOLF_20260607_004_public_notebook_full_replace\onnx\task281.onnx,E:\kagglegolf\data\interim\beicicc_6645_inline\GOLF_20260608_030_beicicc_inline_full\task281.onnx,0,0,0,unchanged,
E:\kagglegolf\submissions\candidates\GOLF_20260607_004_public_notebook_full_replace\onnx\task282.onnx,E:\kagglegolf\data\interim\beicicc_6645_inline\GOLF_20260608_030_beicicc_inline_full\task282.onnx,0,0,0,unchanged,
E:\kagglegolf\submissions\candidates\GOLF_20260607_004_public_notebook_full_replace\onnx\task283.onnx,E:\kagglegolf\data\interim\beicicc_6645_inline\GOLF_20260608_030_beicicc_inline_full\task283.onnx,1,1,1,inlined,
E:\kagglegolf\submissions\candidates\GOLF_20260607_004_public_notebook_full_replace\onnx\task284.onnx,E:\kagglegolf\data\interim\beicicc_6645_inline\GOLF_20260608_030_beicicc_inline_full\task284.onnx,1,1,1,inlined,
E:\kagglegolf\submissions\candidates\GOLF_20260607_004_public_notebook_full_replace\onnx\task285.onnx,E:\kagglegolf\data\interim\beicicc_6645_inline\GOLF_20260608_030_beicicc_inline_full\task285.onnx,1,1,1,inlined,
E:\kagglegolf\submissions\candidates\GOLF_20260607_004_public_notebook_full_replace\onnx\task286.onnx,E:\kagglegolf\data\interim\beicicc_6645_inline\GOLF_20260608_030_beicicc_inline_full\task286.onnx,1,1,1,inlined,
E:\kagglegolf\submissions\candidates\GOLF_20260607_004_public_notebook_full_replace\onnx\task287.onnx,E:\kagglegolf\data\interim\beicicc_6645_inline\GOLF_20260608_030_beicicc_inline_full\task287.onnx,1,1,1,inlined,
E:\kagglegolf\submissions\candidates\GOLF_20260607_004_public_notebook_full_replace\onnx\task288.onnx,E:\kagglegolf\data\interim\beicicc_6645_inline\GOLF_20260608_030_beicicc_inline_full\task288.onnx,1,1,1,inlined,
E:\kagglegolf\submissions\candidates\GOLF_20260607_004_public_notebook_full_replace\onnx\task289.onnx,E:\kagglegolf\data\interim\beicicc_6645_inline\GOLF_20260608_030_beicicc_inline_full\task289.onnx,1,1,1,inlined,
E:\kagglegolf\submissions\candidates\GOLF_20260607_004_public_notebook_full_replace\onnx\task290.onnx,E:\kagglegolf\data\interim\beicicc_6645_inline\GOLF_20260608_030_beicicc_inline_full\task290.onnx,1,1,1,inlined,
E:\kagglegolf\submissions\candidates\GOLF_20260607_004_public_notebook_full_replace\onnx\task291.onnx,E:\kagglegolf\data\interim\beicicc_6645_inline\GOLF_20260608_030_beicicc_inline_full\task291.onnx,0,0,0,unchanged,
E:\kagglegolf\submissions\candidates\GOLF_20260607_004_public_notebook_full_replace\onnx\task292.onnx,E:\kagglegolf\data\interim\beicicc_6645_inline\GOLF_20260608_030_beicicc_inline_full\task292.onnx,1,1,1,inlined,
E:\kagglegolf\submissions\candidates\GOLF_20260607_004_public_notebook_full_replace\onnx\task293.onnx,E:\kagglegolf\data\interim\beicicc_6645_inline\GOLF_20260608_030_beicicc_inline_full\task293.onnx,1,1,1,inlined,
E:\kagglegolf\submissions\candidates\GOLF_20260607_004_public_notebook_full_replace\onnx\task294.onnx,E:\kagglegolf\data\interim\beicicc_6645_inline\GOLF_20260608_030_beicicc_inline_full\task294.onnx,1,1,1,inlined,
E:\kagglegolf\submissions\candidates\GOLF_20260607_004_public_notebook_full_replace\onnx\task295.onnx,E:\kagglegolf\data\interim\beicicc_6645_inline\GOLF_20260608_030_beicicc_inline_full\task295.onnx,1,1,1,inlined,
E:\kagglegolf\submissions\candidates\GOLF_20260607_004_public_notebook_full_replace\onnx\task296.onnx,E:\kagglegolf\data\interim\beicicc_6645_inline\GOLF_20260608_030_beicicc_inline_full\task296.onnx,1,1,1,inlined,
E:\kagglegolf\submissions\candidates\GOLF_20260607_004_public_notebook_full_replace\onnx\task297.onnx,E:\kagglegolf\data\interim\beicicc_6645_inline\GOLF_20260608_030_beicicc_inline_full\task297.onnx,1,1,1,inlined,
E:\kagglegolf\submissions\candidates\GOLF_20260607_004_public_notebook_full_replace\onnx\task298.onnx,E:\kagglegolf\data\interim\beicicc_6645_inline\GOLF_20260608_030_beicicc_inline_full\task298.onnx,1,1,1,inlined,
E:\kagglegolf\submissions\candidates\GOLF_20260607_004_public_notebook_full_replace\onnx\task299.onnx,E:\kagglegolf\data\interim\beicicc_6645_inline\GOLF_20260608_030_beicicc_inline_full\task299.onnx,0,0,0,unchanged,
E:\kagglegolf\submissions\candidates\GOLF_20260607_004_public_notebook_full_replace\onnx\task300.onnx,E:\kagglegolf\data\interim\beicicc_6645_inline\GOLF_20260608_030_beicicc_inline_full\task300.onnx,1,1,1,inlined,
E:\kagglegolf\submissions\candidates\GOLF_20260607_004_public_notebook_full_replace\onnx\task301.onnx,E:\kagglegolf\data\interim\beicicc_6645_inline\GOLF_20260608_030_beicicc_inline_full\task301.onnx,1,1,1,inlined,
E:\kagglegolf\submissions\candidates\GOLF_20260607_004_public_notebook_full_replace\onnx\task302.onnx,E:\kagglegolf\data\interim\beicicc_6645_inline\GOLF_20260608_030_beicicc_inline_full\task302.onnx,0,0,0,unchanged,
E:\kagglegolf\submissions\candidates\GOLF_20260607_004_public_notebook_full_replace\onnx\task303.onnx,E:\kagglegolf\data\interim\beicicc_6645_inline\GOLF_20260608_030_beicicc_inline_full\task303.onnx,1,1,1,inlined,
E:\kagglegolf\submissions\candidates\GOLF_20260607_004_public_notebook_full_replace\onnx\task304.onnx,E:\kagglegolf\data\interim\beicicc_6645_inline\GOLF_20260608_030_beicicc_inline_full\task304.onnx,1,1,1,inlined,
E:\kagglegolf\submissions\candidates\GOLF_20260607_004_public_notebook_full_replace\onnx\task305.onnx,E:\kagglegolf\data\interim\beicicc_6645_inline\GOLF_20260608_030_beicicc_inline_full\task305.onnx,1,1,1,inlined,
E:\kagglegolf\submissions\candidates\GOLF_20260607_004_public_notebook_full_replace\onnx\task306.onnx,E:\kagglegolf\data\interim\beicicc_6645_inline\GOLF_20260608_030_beicicc_inline_full\task306.onnx,1,1,1,inlined,
E:\kagglegolf\submissions\candidates\GOLF_20260607_004_public_notebook_full_replace\onnx\task307.onnx,E:\kagglegolf\data\interim\beicicc_6645_inline\GOLF_20260608_030_beicicc_inline_full\task307.onnx,1,1,1,inlined,
E:\kagglegolf\submissions\candidates\GOLF_20260607_004_public_notebook_full_replace\onnx\task308.onnx,E:\kagglegolf\data\interim\beicicc_6645_inline\GOLF_20260608_030_beicicc_inline_full\task308.onnx,1,1,1,inlined,
E:\kagglegolf\submissions\candidates\GOLF_20260607_004_public_notebook_full_replace\onnx\task309.onnx,E:\kagglegolf\data\interim\beicicc_6645_inline\GOLF_20260608_030_beicicc_inline_full\task309.onnx,0,0,0,unchanged,
E:\kagglegolf\submissions\candidates\GOLF_20260607_004_public_notebook_full_replace\onnx\task310.onnx,E:\kagglegolf\data\interim\beicicc_6645_inline\GOLF_20260608_030_beicicc_inline_full\task310.onnx,1,1,1,inlined,
E:\kagglegolf\submissions\candidates\GOLF_20260607_004_public_notebook_full_replace\onnx\task311.onnx,E:\kagglegolf\data\interim\beicicc_6645_inline\GOLF_20260608_030_beicicc_inline_full\task311.onnx,0,0,0,unchanged,
E:\kagglegolf\submissions\candidates\GOLF_20260607_004_public_notebook_full_replace\onnx\task312.onnx,E:\kagglegolf\data\interim\beicicc_6645_inline\GOLF_20260608_030_beicicc_inline_full\task312.onnx,1,1,1,inlined,
E:\kagglegolf\submissions\candidates\GOLF_20260607_004_public_notebook_full_replace\onnx\task313.onnx,E:\kagglegolf\data\interim\beicicc_6645_inline\GOLF_20260608_030_beicicc_inline_full\task313.onnx,1,1,1,inlined,
E:\kagglegolf\submissions\candidates\GOLF_20260607_004_public_notebook_full_replace\onnx\task314.onnx,E:\kagglegolf\data\interim\beicicc_6645_inline\GOLF_20260608_030_beicicc_inline_full\task314.onnx,1,1,1,inlined,
E:\kagglegolf\submissions\candidates\GOLF_20260607_004_public_notebook_full_replace\onnx\task315.onnx,E:\kagglegolf\data\interim\beicicc_6645_inline\GOLF_20260608_030_beicicc_inline_full\task315.onnx,1,1,1,inlined,
E:\kagglegolf\submissions\candidates\GOLF_20260607_004_public_notebook_full_replace\onnx\task316.onnx,E:\kagglegolf\data\interim\beicicc_6645_inline\GOLF_20260608_030_beicicc_inline_full\task316.onnx,1,1,1,inlined,
E:\kagglegolf\submissions\candidates\GOLF_20260607_004_public_notebook_full_replace\onnx\task317.onnx,E:\kagglegolf\data\interim\beicicc_6645_inline\GOLF_20260608_030_beicicc_inline_full\task317.onnx,0,0,0,unchanged,
E:\kagglegolf\submissions\candidates\GOLF_20260607_004_public_notebook_full_replace\onnx\task318.onnx,E:\kagglegolf\data\interim\beicicc_6645_inline\GOLF_20260608_030_beicicc_inline_full\task318.onnx,0,0,0,unchanged,
E:\kagglegolf\submissions\candidates\GOLF_20260607_004_public_notebook_full_replace\onnx\task319.onnx,E:\kagglegolf\data\interim\beicicc_6645_inline\GOLF_20260608_030_beicicc_inline_full\task319.onnx,1,1,1,inlined,
E:\kagglegolf\submissions\candidates\GOLF_20260607_004_public_notebook_full_replace\onnx\task320.onnx,E:\kagglegolf\data\interim\beicicc_6645_inline\GOLF_20260608_030_beicicc_inline_full\task320.onnx,1,1,1,inlined,
E:\kagglegolf\submissions\candidates\GOLF_20260607_004_public_notebook_full_replace\onnx\task321.onnx,E:\kagglegolf\data\interim\beicicc_6645_inline\GOLF_20260608_030_beicicc_inline_full\task321.onnx,1,1,1,inlined,
E:\kagglegolf\submissions\candidates\GOLF_20260607_004_public_notebook_full_replace\onnx\task322.onnx,E:\kagglegolf\data\interim\beicicc_6645_inline\GOLF_20260608_030_beicicc_inline_full\task322.onnx,1,1,1,inlined,
E:\kagglegolf\submissions\candidates\GOLF_20260607_004_public_notebook_full_replace\onnx\task323.onnx,E:\kagglegolf\data\interim\beicicc_6645_inline\GOLF_20260608_030_beicicc_inline_full\task323.onnx,1,1,1,inlined,
E:\kagglegolf\submissions\candidates\GOLF_20260607_004_public_notebook_full_replace\onnx\task324.onnx,E:\kagglegolf\data\interim\beicicc_6645_inline\GOLF_20260608_030_beicicc_inline_full\task324.onnx,1,1,1,inlined,
E:\kagglegolf\submissions\candidates\GOLF_20260607_004_public_notebook_full_replace\onnx\task325.onnx,E:\kagglegolf\data\interim\beicicc_6645_inline\GOLF_20260608_030_beicicc_inline_full\task325.onnx,1,1,1,inlined,
E:\kagglegolf\submissions\candidates\GOLF_20260607_004_public_notebook_full_replace\onnx\task326.onnx,E:\kagglegolf\data\interim\beicicc_6645_inline\GOLF_20260608_030_beicicc_inline_full\task326.onnx,0,0,0,unchanged,
E:\kagglegolf\submissions\candidates\GOLF_20260607_004_public_notebook_full_replace\onnx\task327.onnx,E:\kagglegolf\data\interim\beicicc_6645_inline\GOLF_20260608_030_beicicc_inline_full\task327.onnx,1,1,1,inlined,
E:\kagglegolf\submissions\candidates\GOLF_20260607_004_public_notebook_full_replace\onnx\task328.onnx,E:\kagglegolf\data\interim\beicicc_6645_inline\GOLF_20260608_030_beicicc_inline_full\task328.onnx,1,1,1,inlined,
E:\kagglegolf\submissions\candidates\GOLF_20260607_004_public_notebook_full_replace\onnx\task329.onnx,E:\kagglegolf\data\interim\beicicc_6645_inline\GOLF_20260608_030_beicicc_inline_full\task329.onnx,1,1,1,inlined,
E:\kagglegolf\submissions\candidates\GOLF_20260607_004_public_notebook_full_replace\onnx\task330.onnx,E:\kagglegolf\data\interim\beicicc_6645_inline\GOLF_20260608_030_beicicc_inline_full\task330.onnx,1,1,1,inlined,
E:\kagglegolf\submissions\candidates\GOLF_20260607_004_public_notebook_full_replace\onnx\task331.onnx,E:\kagglegolf\data\interim\beicicc_6645_inline\GOLF_20260608_030_beicicc_inline_full\task331.onnx,0,0,0,unchanged,
E:\kagglegolf\submissions\candidates\GOLF_20260607_004_public_notebook_full_replace\onnx\task332.onnx,E:\kagglegolf\data\interim\beicicc_6645_inline\GOLF_20260608_030_beicicc_inline_full\task332.onnx,1,1,1,inlined,
E:\kagglegolf\submissions\candidates\GOLF_20260607_004_public_notebook_full_replace\onnx\task333.onnx,E:\kagglegolf\data\interim\beicicc_6645_inline\GOLF_20260608_030_beicicc_inline_full\task333.onnx,1,1,1,inlined,
E:\kagglegolf\submissions\candidates\GOLF_20260607_004_public_notebook_full_replace\onnx\task334.onnx,E:\kagglegolf\data\interim\beicicc_6645_inline\GOLF_20260608_030_beicicc_inline_full\task334.onnx,1,1,1,inlined,
E:\kagglegolf\submissions\candidates\GOLF_20260607_004_public_notebook_full_replace\onnx\task335.onnx,E:\kagglegolf\data\interim\beicicc_6645_inline\GOLF_20260608_030_beicicc_inline_full\task335.onnx,0,0,0,unchanged,
E:\kagglegolf\submissions\candidates\GOLF_20260607_004_public_notebook_full_replace\onnx\task336.onnx,E:\kagglegolf\data\interim\beicicc_6645_inline\GOLF_20260608_030_beicicc_inline_full\task336.onnx,1,1,1,inlined,
E:\kagglegolf\submissions\candidates\GOLF_20260607_004_public_notebook_full_replace\onnx\task337.onnx,E:\kagglegolf\data\interim\beicicc_6645_inline\GOLF_20260608_030_beicicc_inline_full\task337.onnx,1,1,1,inlined,
E:\kagglegolf\submissions\candidates\GOLF_20260607_004_public_notebook_full_replace\onnx\task338.onnx,E:\kagglegolf\data\interim\beicicc_6645_inline\GOLF_20260608_030_beicicc_inline_full\task338.onnx,1,1,1,inlined,
E:\kagglegolf\submissions\candidates\GOLF_20260607_004_public_notebook_full_replace\onnx\task339.onnx,E:\kagglegolf\data\interim\beicicc_6645_inline\GOLF_20260608_030_beicicc_inline_full\task339.onnx,1,1,1,inlined,
E:\kagglegolf\submissions\candidates\GOLF_20260607_004_public_notebook_full_replace\onnx\task340.onnx,E:\kagglegolf\data\interim\beicicc_6645_inline\GOLF_20260608_030_beicicc_inline_full\task340.onnx,1,1,1,inlined,
E:\kagglegolf\submissions\candidates\GOLF_20260607_004_public_notebook_full_replace\onnx\task341.onnx,E:\kagglegolf\data\interim\beicicc_6645_inline\GOLF_20260608_030_beicicc_inline_full\task341.onnx,1,1,1,inlined,
E:\kagglegolf\submissions\candidates\GOLF_20260607_004_public_notebook_full_replace\onnx\task342.onnx,E:\kagglegolf\data\interim\beicicc_6645_inline\GOLF_20260608_030_beicicc_inline_full\task342.onnx,1,1,1,inlined,
E:\kagglegolf\submissions\candidates\GOLF_20260607_004_public_notebook_full_replace\onnx\task343.onnx,E:\kagglegolf\data\interim\beicicc_6645_inline\GOLF_20260608_030_beicicc_inline_full\task343.onnx,1,1,1,inlined,
E:\kagglegolf\submissions\candidates\GOLF_20260607_004_public_notebook_full_replace\onnx\task344.onnx,E:\kagglegolf\data\interim\beicicc_6645_inline\GOLF_20260608_030_beicicc_inline_full\task344.onnx,1,1,1,inlined,
E:\kagglegolf\submissions\candidates\GOLF_20260607_004_public_notebook_full_replace\onnx\task345.onnx,E:\kagglegolf\data\interim\beicicc_6645_inline\GOLF_20260608_030_beicicc_inline_full\task345.onnx,1,1,1,inlined,
E:\kagglegolf\submissions\candidates\GOLF_20260607_004_public_notebook_full_replace\onnx\task346.onnx,E:\kagglegolf\data\interim\beicicc_6645_inline\GOLF_20260608_030_beicicc_inline_full\task346.onnx,1,1,1,inlined,
E:\kagglegolf\submissions\candidates\GOLF_20260607_004_public_notebook_full_replace\onnx\task347.onnx,E:\kagglegolf\data\interim\beicicc_6645_inline\GOLF_20260608_030_beicicc_inline_full\task347.onnx,1,1,1,inlined,
E:\kagglegolf\submissions\candidates\GOLF_20260607_004_public_notebook_full_replace\onnx\task348.onnx,E:\kagglegolf\data\interim\beicicc_6645_inline\GOLF_20260608_030_beicicc_inline_full\task348.onnx,1,1,1,inlined,
E:\kagglegolf\submissions\candidates\GOLF_20260607_004_public_notebook_full_replace\onnx\task349.onnx,E:\kagglegolf\data\interim\beicicc_6645_inline\GOLF_20260608_030_beicicc_inline_full\task349.onnx,1,1,1,inlined,
E:\kagglegolf\submissions\candidates\GOLF_20260607_004_public_notebook_full_replace\onnx\task350.onnx,E:\kagglegolf\data\interim\beicicc_6645_inline\GOLF_20260608_030_beicicc_inline_full\task350.onnx,0,0,0,unchanged,
E:\kagglegolf\submissions\candidates\GOLF_20260607_004_public_notebook_full_replace\onnx\task351.onnx,E:\kagglegolf\data\interim\beicicc_6645_inline\GOLF_20260608_030_beicicc_inline_full\task351.onnx,1,1,1,inlined,
E:\kagglegolf\submissions\candidates\GOLF_20260607_004_public_notebook_full_replace\onnx\task352.onnx,E:\kagglegolf\data\interim\beicicc_6645_inline\GOLF_20260608_030_beicicc_inline_full\task352.onnx,0,0,0,unchanged,
E:\kagglegolf\submissions\candidates\GOLF_20260607_004_public_notebook_full_replace\onnx\task353.onnx,E:\kagglegolf\data\interim\beicicc_6645_inline\GOLF_20260608_030_beicicc_inline_full\task353.onnx,1,1,1,inlined,
E:\kagglegolf\submissions\candidates\GOLF_20260607_004_public_notebook_full_replace\onnx\task354.onnx,E:\kagglegolf\data\interim\beicicc_6645_inline\GOLF_20260608_030_beicicc_inline_full\task354.onnx,1,1,1,inlined,
E:\kagglegolf\submissions\candidates\GOLF_20260607_004_public_notebook_full_replace\onnx\task355.onnx,E:\kagglegolf\data\interim\beicicc_6645_inline\GOLF_20260608_030_beicicc_inline_full\task355.onnx,1,1,1,inlined,
E:\kagglegolf\submissions\candidates\GOLF_20260607_004_public_notebook_full_replace\onnx\task356.onnx,E:\kagglegolf\data\interim\beicicc_6645_inline\GOLF_20260608_030_beicicc_inline_full\task356.onnx,1,1,1,inlined,
E:\kagglegolf\submissions\candidates\GOLF_20260607_004_public_notebook_full_replace\onnx\task357.onnx,E:\kagglegolf\data\interim\beicicc_6645_inline\GOLF_20260608_030_beicicc_inline_full\task357.onnx,1,1,1,inlined,
E:\kagglegolf\submissions\candidates\GOLF_20260607_004_public_notebook_full_replace\onnx\task358.onnx,E:\kagglegolf\data\interim\beicicc_6645_inline\GOLF_20260608_030_beicicc_inline_full\task358.onnx,1,1,1,inlined,
E:\kagglegolf\submissions\candidates\GOLF_20260607_004_public_notebook_full_replace\onnx\task359.onnx,E:\kagglegolf\data\interim\beicicc_6645_inline\GOLF_20260608_030_beicicc_inline_full\task359.onnx,0,0,0,unchanged,
E:\kagglegolf\submissions\candidates\GOLF_20260607_004_public_notebook_full_replace\onnx\task360.onnx,E:\kagglegolf\data\interim\beicicc_6645_inline\GOLF_20260608_030_beicicc_inline_full\task360.onnx,0,0,0,unchanged,
E:\kagglegolf\submissions\candidates\GOLF_20260607_004_public_notebook_full_replace\onnx\task361.onnx,E:\kagglegolf\data\interim\beicicc_6645_inline\GOLF_20260608_030_beicicc_inline_full\task361.onnx,1,1,1,inlined,
E:\kagglegolf\submissions\candidates\GOLF_20260607_004_public_notebook_full_replace\onnx\task362.onnx,E:\kagglegolf\data\interim\beicicc_6645_inline\GOLF_20260608_030_beicicc_inline_full\task362.onnx,1,1,1,inlined,
E:\kagglegolf\submissions\candidates\GOLF_20260607_004_public_notebook_full_replace\onnx\task363.onnx,E:\kagglegolf\data\interim\beicicc_6645_inline\GOLF_20260608_030_beicicc_inline_full\task363.onnx,1,1,1,inlined,
E:\kagglegolf\submissions\candidates\GOLF_20260607_004_public_notebook_full_replace\onnx\task364.onnx,E:\kagglegolf\data\interim\beicicc_6645_inline\GOLF_20260608_030_beicicc_inline_full\task364.onnx,1,1,1,inlined,
E:\kagglegolf\submissions\candidates\GOLF_20260607_004_public_notebook_full_replace\onnx\task365.onnx,E:\kagglegolf\data\interim\beicicc_6645_inline\GOLF_20260608_030_beicicc_inline_full\task365.onnx,1,1,1,inlined,
E:\kagglegolf\submissions\candidates\GOLF_20260607_004_public_notebook_full_replace\onnx\task366.onnx,E:\kagglegolf\data\interim\beicicc_6645_inline\GOLF_20260608_030_beicicc_inline_full\task366.onnx,0,0,0,unchanged,
E:\kagglegolf\submissions\candidates\GOLF_20260607_004_public_notebook_full_replace\onnx\task367.onnx,E:\kagglegolf\data\interim\beicicc_6645_inline\GOLF_20260608_030_beicicc_inline_full\task367.onnx,1,1,1,inlined,
E:\kagglegolf\submissions\candidates\GOLF_20260607_004_public_notebook_full_replace\onnx\task368.onnx,E:\kagglegolf\data\interim\beicicc_6645_inline\GOLF_20260608_030_beicicc_inline_full\task368.onnx,1,1,1,inlined,
E:\kagglegolf\submissions\candidates\GOLF_20260607_004_public_notebook_full_replace\onnx\task369.onnx,E:\kagglegolf\data\interim\beicicc_6645_inline\GOLF_20260608_030_beicicc_inline_full\task369.onnx,1,1,1,inlined,
E:\kagglegolf\submissions\candidates\GOLF_20260607_004_public_notebook_full_replace\onnx\task370.onnx,E:\kagglegolf\data\interim\beicicc_6645_inline\GOLF_20260608_030_beicicc_inline_full\task370.onnx,1,1,1,inlined,
E:\kagglegolf\submissions\candidates\GOLF_20260607_004_public_notebook_full_replace\onnx\task371.onnx,E:\kagglegolf\data\interim\beicicc_6645_inline\GOLF_20260608_030_beicicc_inline_full\task371.onnx,0,0,0,unchanged,
E:\kagglegolf\submissions\candidates\GOLF_20260607_004_public_notebook_full_replace\onnx\task372.onnx,E:\kagglegolf\data\interim\beicicc_6645_inline\GOLF_20260608_030_beicicc_inline_full\task372.onnx,0,0,0,unchanged,
E:\kagglegolf\submissions\candidates\GOLF_20260607_004_public_notebook_full_replace\onnx\task373.onnx,E:\kagglegolf\data\interim\beicicc_6645_inline\GOLF_20260608_030_beicicc_inline_full\task373.onnx,1,1,1,inlined,
E:\kagglegolf\submissions\candidates\GOLF_20260607_004_public_notebook_full_replace\onnx\task374.onnx,E:\kagglegolf\data\interim\beicicc_6645_inline\GOLF_20260608_030_beicicc_inline_full\task374.onnx,0,0,0,unchanged,
E:\kagglegolf\submissions\candidates\GOLF_20260607_004_public_notebook_full_replace\onnx\task375.onnx,E:\kagglegolf\data\interim\beicicc_6645_inline\GOLF_20260608_030_beicicc_inline_full\task375.onnx,1,1,1,inlined,
E:\kagglegolf\submissions\candidates\GOLF_20260607_004_public_notebook_full_replace\onnx\task376.onnx,E:\kagglegolf\data\interim\beicicc_6645_inline\GOLF_20260608_030_beicicc_inline_full\task376.onnx,1,1,1,inlined,
E:\kagglegolf\submissions\candidates\GOLF_20260607_004_public_notebook_full_replace\onnx\task377.onnx,E:\kagglegolf\data\interim\beicicc_6645_inline\GOLF_20260608_030_beicicc_inline_full\task377.onnx,1,1,1,inlined,
E:\kagglegolf\submissions\candidates\GOLF_20260607_004_public_notebook_full_replace\onnx\task378.onnx,E:\kagglegolf\data\interim\beicicc_6645_inline\GOLF_20260608_030_beicicc_inline_full\task378.onnx,1,1,1,inlined,
E:\kagglegolf\submissions\candidates\GOLF_20260607_004_public_notebook_full_replace\onnx\task379.onnx,E:\kagglegolf\data\interim\beicicc_6645_inline\GOLF_20260608_030_beicicc_inline_full\task379.onnx,1,1,1,inlined,
E:\kagglegolf\submissions\candidates\GOLF_20260607_004_public_notebook_full_replace\onnx\task380.onnx,E:\kagglegolf\data\interim\beicicc_6645_inline\GOLF_20260608_030_beicicc_inline_full\task380.onnx,1,1,1,inlined,
E:\kagglegolf\submissions\candidates\GOLF_20260607_004_public_notebook_full_replace\onnx\task381.onnx,E:\kagglegolf\data\interim\beicicc_6645_inline\GOLF_20260608_030_beicicc_inline_full\task381.onnx,1,1,1,inlined,
E:\kagglegolf\submissions\candidates\GOLF_20260607_004_public_notebook_full_replace\onnx\task382.onnx,E:\kagglegolf\data\interim\beicicc_6645_inline\GOLF_20260608_030_beicicc_inline_full\task382.onnx,1,1,1,inlined,
E:\kagglegolf\submissions\candidates\GOLF_20260607_004_public_notebook_full_replace\onnx\task383.onnx,E:\kagglegolf\data\interim\beicicc_6645_inline\GOLF_20260608_030_beicicc_inline_full\task383.onnx,1,1,1,inlined,
E:\kagglegolf\submissions\candidates\GOLF_20260607_004_public_notebook_full_replace\onnx\task384.onnx,E:\kagglegolf\data\interim\beicicc_6645_inline\GOLF_20260608_030_beicicc_inline_full\task384.onnx,1,1,1,inlined,
E:\kagglegolf\submissions\candidates\GOLF_20260607_004_public_notebook_full_replace\onnx\task385.onnx,E:\kagglegolf\data\interim\beicicc_6645_inline\GOLF_20260608_030_beicicc_inline_full\task385.onnx,1,1,1,inlined,
E:\kagglegolf\submissions\candidates\GOLF_20260607_004_public_notebook_full_replace\onnx\task386.onnx,E:\kagglegolf\data\interim\beicicc_6645_inline\GOLF_20260608_030_beicicc_inline_full\task386.onnx,1,1,1,inlined,
E:\kagglegolf\submissions\candidates\GOLF_20260607_004_public_notebook_full_replace\onnx\task387.onnx,E:\kagglegolf\data\interim\beicicc_6645_inline\GOLF_20260608_030_beicicc_inline_full\task387.onnx,1,1,1,inlined,
E:\kagglegolf\submissions\candidates\GOLF_20260607_004_public_notebook_full_replace\onnx\task388.onnx,E:\kagglegolf\data\interim\beicicc_6645_inline\GOLF_20260608_030_beicicc_inline_full\task388.onnx,0,0,0,unchanged,
E:\kagglegolf\submissions\candidates\GOLF_20260607_004_public_notebook_full_replace\onnx\task389.onnx,E:\kagglegolf\data\interim\beicicc_6645_inline\GOLF_20260608_030_beicicc_inline_full\task389.onnx,0,0,0,unchanged,
E:\kagglegolf\submissions\candidates\GOLF_20260607_004_public_notebook_full_replace\onnx\task390.onnx,E:\kagglegolf\data\interim\beicicc_6645_inline\GOLF_20260608_030_beicicc_inline_full\task390.onnx,1,1,1,inlined,
E:\kagglegolf\submissions\candidates\GOLF_20260607_004_public_notebook_full_replace\onnx\task391.onnx,E:\kagglegolf\data\interim\beicicc_6645_inline\GOLF_20260608_030_beicicc_inline_full\task391.onnx,1,1,1,inlined,
E:\kagglegolf\submissions\candidates\GOLF_20260607_004_public_notebook_full_replace\onnx\task392.onnx,E:\kagglegolf\data\interim\beicicc_6645_inline\GOLF_20260608_030_beicicc_inline_full\task392.onnx,1,1,1,inlined,
E:\kagglegolf\submissions\candidates\GOLF_20260607_004_public_notebook_full_replace\onnx\task393.onnx,E:\kagglegolf\data\interim\beicicc_6645_inline\GOLF_20260608_030_beicicc_inline_full\task393.onnx,1,1,1,inlined,
E:\kagglegolf\submissions\candidates\GOLF_20260607_004_public_notebook_full_replace\onnx\task394.onnx,E:\kagglegolf\data\interim\beicicc_6645_inline\GOLF_20260608_030_beicicc_inline_full\task394.onnx,1,1,1,inlined,
E:\kagglegolf\submissions\candidates\GOLF_20260607_004_public_notebook_full_replace\onnx\task395.onnx,E:\kagglegolf\data\interim\beicicc_6645_inline\GOLF_20260608_030_beicicc_inline_full\task395.onnx,1,1,1,inlined,
E:\kagglegolf\submissions\candidates\GOLF_20260607_004_public_notebook_full_replace\onnx\task396.onnx,E:\kagglegolf\data\interim\beicicc_6645_inline\GOLF_20260608_030_beicicc_inline_full\task396.onnx,1,1,1,inlined,
E:\kagglegolf\submissions\candidates\GOLF_20260607_004_public_notebook_full_replace\onnx\task397.onnx,E:\kagglegolf\data\interim\beicicc_6645_inline\GOLF_20260608_030_beicicc_inline_full\task397.onnx,1,1,1,inlined,
E:\kagglegolf\submissions\candidates\GOLF_20260607_004_public_notebook_full_replace\onnx\task398.onnx,E:\kagglegolf\data\interim\beicicc_6645_inline\GOLF_20260608_030_beicicc_inline_full\task398.onnx,0,0,0,unchanged,
E:\kagglegolf\submissions\candidates\GOLF_20260607_004_public_notebook_full_replace\onnx\task399.onnx,E:\kagglegolf\data\interim\beicicc_6645_inline\GOLF_20260608_030_beicicc_inline_full\task399.onnx,0,0,0,unchanged,
E:\kagglegolf\submissions\candidates\GOLF_20260607_004_public_notebook_full_replace\onnx\task400.onnx,E:\kagglegolf\data\interim\beicicc_6645_inline\GOLF_20260608_030_beicicc_inline_full\task400.onnx,0,0,0,unchanged,
