path,output_path,node_count_before,node_count_after,initializer_count_before,initializer_count_after,parameter_count_before,parameter_count_after,removed_unused_initializers,deduplicated_initializers,scalar_compressed_initializers,saved_parameters,changed,status,error
E:\kagglegolf\submissions\candidates\GOLF_20260608_025_kojimar_6272_full_replace\onnx\task001.onnx,E:\kagglegolf\data\interim\onnx_surgery\GOLF_20260608_029_seddik_surgery_6272\task001.onnx,13,13,4,4,24,24,0,0,0,0,False,unchanged,
E:\kagglegolf\submissions\candidates\GOLF_20260608_025_kojimar_6272_full_replace\onnx\task002.onnx,E:\kagglegolf\data\interim\onnx_surgery\GOLF_20260608_029_seddik_surgery_6272\task002.onnx,95,95,31,31,93,93,0,0,0,0,False,unchanged,
E:\kagglegolf\submissions\candidates\GOLF_20260608_025_kojimar_6272_full_replace\onnx\task003.onnx,E:\kagglegolf\data\interim\onnx_surgery\GOLF_20260608_029_seddik_surgery_6272\task003.onnx,42,42,12,12,18,18,0,0,0,0,False,unchanged,
E:\kagglegolf\submissions\candidates\GOLF_20260608_025_kojimar_6272_full_replace\onnx\task004.onnx,E:\kagglegolf\data\interim\onnx_surgery\GOLF_20260608_029_seddik_surgery_6272\task004.onnx,4,4,4,4,1020,1020,0,0,0,0,False,unchanged,
E:\kagglegolf\submissions\candidates\GOLF_20260608_025_kojimar_6272_full_replace\onnx\task005.onnx,E:\kagglegolf\data\interim\onnx_surgery\GOLF_20260608_029_seddik_surgery_6272\task005.onnx,106,106,19,19,336,336,0,0,0,0,False,unchanged,
E:\kagglegolf\submissions\candidates\GOLF_20260608_025_kojimar_6272_full_replace\onnx\task006.onnx,E:\kagglegolf\data\interim\onnx_surgery\GOLF_20260608_029_seddik_surgery_6272\task006.onnx,12,12,10,10,47,47,0,0,0,0,False,unchanged,
E:\kagglegolf\submissions\candidates\GOLF_20260608_025_kojimar_6272_full_replace\onnx\task007.onnx,E:\kagglegolf\data\interim\onnx_surgery\GOLF_20260608_029_seddik_surgery_6272\task007.onnx,13,13,13,13,31,31,0,0,0,0,False,unchanged,
E:\kagglegolf\submissions\candidates\GOLF_20260608_025_kojimar_6272_full_replace\onnx\task008.onnx,E:\kagglegolf\data\interim\onnx_surgery\GOLF_20260608_029_seddik_surgery_6272\task008.onnx,78,78,20,20,60,60,0,0,0,0,False,unchanged,
E:\kagglegolf\submissions\candidates\GOLF_20260608_025_kojimar_6272_full_replace\onnx\task009.onnx,E:\kagglegolf\data\interim\onnx_surgery\GOLF_20260608_029_seddik_surgery_6272\task009.onnx,22,22,6,6,3841,3841,0,0,0,0,False,unchanged,
E:\kagglegolf\submissions\candidates\GOLF_20260608_025_kojimar_6272_full_replace\onnx\task010.onnx,E:\kagglegolf\data\interim\onnx_surgery\GOLF_20260608_029_seddik_surgery_6272\task010.onnx,60,60,25,25,76,76,0,0,0,0,False,unchanged,
E:\kagglegolf\submissions\candidates\GOLF_20260608_025_kojimar_6272_full_replace\onnx\task011.onnx,E:\kagglegolf\data\interim\onnx_surgery\GOLF_20260608_029_seddik_surgery_6272\task011.onnx,52,52,22,22,2331,2331,0,0,0,0,False,unchanged,
E:\kagglegolf\submissions\candidates\GOLF_20260608_025_kojimar_6272_full_replace\onnx\task012.onnx,E:\kagglegolf\data\interim\onnx_surgery\GOLF_20260608_029_seddik_surgery_6272\task012.onnx,15,15,13,13,102,102,0,0,0,0,False,unchanged,
E:\kagglegolf\submissions\candidates\GOLF_20260608_025_kojimar_6272_full_replace\onnx\task013.onnx,E:\kagglegolf\data\interim\onnx_surgery\GOLF_20260608_029_seddik_surgery_6272\task013.onnx,91,91,16,16,2257,2257,0,0,0,0,False,unchanged,
E:\kagglegolf\submissions\candidates\GOLF_20260608_025_kojimar_6272_full_replace\onnx\task014.onnx,E:\kagglegolf\data\interim\onnx_surgery\GOLF_20260608_029_seddik_surgery_6272\task014.onnx,42,42,17,17,650,650,0,0,0,0,False,unchanged,
E:\kagglegolf\submissions\candidates\GOLF_20260608_025_kojimar_6272_full_replace\onnx\task015.onnx,E:\kagglegolf\data\interim\onnx_surgery\GOLF_20260608_029_seddik_surgery_6272\task015.onnx,1,1,1,1,900,900,0,0,0,0,False,unchanged,
E:\kagglegolf\submissions\candidates\GOLF_20260608_025_kojimar_6272_full_replace\onnx\task016.onnx,E:\kagglegolf\data\interim\onnx_surgery\GOLF_20260608_029_seddik_surgery_6272\task016.onnx,1,1,1,1,10,10,0,0,0,0,False,unchanged,
E:\kagglegolf\submissions\candidates\GOLF_20260608_025_kojimar_6272_full_replace\onnx\task017.onnx,E:\kagglegolf\data\interim\onnx_surgery\GOLF_20260608_029_seddik_surgery_6272\task017.onnx,66,66,27,27,622,182,0,0,1,440,True,rewritten,
E:\kagglegolf\submissions\candidates\GOLF_20260608_025_kojimar_6272_full_replace\onnx\task018.onnx,E:\kagglegolf\data\interim\onnx_surgery\GOLF_20260608_029_seddik_surgery_6272\task018.onnx,192,192,32,32,994,994,0,0,0,0,False,unchanged,
E:\kagglegolf\submissions\candidates\GOLF_20260608_025_kojimar_6272_full_replace\onnx\task019.onnx,E:\kagglegolf\data\interim\onnx_surgery\GOLF_20260608_029_seddik_surgery_6272\task019.onnx,32,32,13,13,70,70,0,0,0,0,False,unchanged,
E:\kagglegolf\submissions\candidates\GOLF_20260608_025_kojimar_6272_full_replace\onnx\task020.onnx,E:\kagglegolf\data\interim\onnx_surgery\GOLF_20260608_029_seddik_surgery_6272\task020.onnx,245,245,25,25,270,270,0,0,0,0,False,unchanged,
E:\kagglegolf\submissions\candidates\GOLF_20260608_025_kojimar_6272_full_replace\onnx\task021.onnx,E:\kagglegolf\data\interim\onnx_surgery\GOLF_20260608_029_seddik_surgery_6272\task021.onnx,214,214,21,21,1861,1861,0,0,0,0,False,unchanged,
E:\kagglegolf\submissions\candidates\GOLF_20260608_025_kojimar_6272_full_replace\onnx\task022.onnx,E:\kagglegolf\data\interim\onnx_surgery\GOLF_20260608_029_seddik_surgery_6272\task022.onnx,67,67,25,25,193,193,0,0,0,0,False,unchanged,
E:\kagglegolf\submissions\candidates\GOLF_20260608_025_kojimar_6272_full_replace\onnx\task023.onnx,E:\kagglegolf\data\interim\onnx_surgery\GOLF_20260608_029_seddik_surgery_6272\task023.onnx,373,373,16,16,45,45,0,0,0,0,False,unchanged,
E:\kagglegolf\submissions\candidates\GOLF_20260608_025_kojimar_6272_full_replace\onnx\task024.onnx,E:\kagglegolf\data\interim\onnx_surgery\GOLF_20260608_029_seddik_surgery_6272\task024.onnx,27,27,11,11,260,260,0,0,0,0,False,unchanged,
E:\kagglegolf\submissions\candidates\GOLF_20260608_025_kojimar_6272_full_replace\onnx\task025.onnx,E:\kagglegolf\data\interim\onnx_surgery\GOLF_20260608_029_seddik_surgery_6272\task025.onnx,127,127,28,28,65,65,0,0,0,0,False,unchanged,
E:\kagglegolf\submissions\candidates\GOLF_20260608_025_kojimar_6272_full_replace\onnx\task026.onnx,E:\kagglegolf\data\interim\onnx_surgery\GOLF_20260608_029_seddik_surgery_6272\task026.onnx,13,13,8,8,34,34,0,0,0,0,False,unchanged,
E:\kagglegolf\submissions\candidates\GOLF_20260608_025_kojimar_6272_full_replace\onnx\task027.onnx,E:\kagglegolf\data\interim\onnx_surgery\GOLF_20260608_029_seddik_surgery_6272\task027.onnx,16,16,12,12,37,37,0,0,0,0,False,unchanged,
E:\kagglegolf\submissions\candidates\GOLF_20260608_025_kojimar_6272_full_replace\onnx\task028.onnx,E:\kagglegolf\data\interim\onnx_surgery\GOLF_20260608_029_seddik_surgery_6272\task028.onnx,11,11,10,10,329,329,0,0,0,0,False,unchanged,
E:\kagglegolf\submissions\candidates\GOLF_20260608_025_kojimar_6272_full_replace\onnx\task029.onnx,E:\kagglegolf\data\interim\onnx_surgery\GOLF_20260608_029_seddik_surgery_6272\task029.onnx,88,88,15,15,170,170,0,0,0,0,False,unchanged,
E:\kagglegolf\submissions\candidates\GOLF_20260608_025_kojimar_6272_full_replace\onnx\task030.onnx,E:\kagglegolf\data\interim\onnx_surgery\GOLF_20260608_029_seddik_surgery_6272\task030.onnx,64,64,19,19,170,170,0,0,0,0,False,unchanged,
E:\kagglegolf\submissions\candidates\GOLF_20260608_025_kojimar_6272_full_replace\onnx\task031.onnx,E:\kagglegolf\data\interim\onnx_surgery\GOLF_20260608_029_seddik_surgery_6272\task031.onnx,26,26,13,13,58,58,0,0,0,0,False,unchanged,
E:\kagglegolf\submissions\candidates\GOLF_20260608_025_kojimar_6272_full_replace\onnx\task032.onnx,E:\kagglegolf\data\interim\onnx_surgery\GOLF_20260608_029_seddik_surgery_6272\task032.onnx,19,19,10,10,69,69,0,0,0,0,False,unchanged,
E:\kagglegolf\submissions\candidates\GOLF_20260608_025_kojimar_6272_full_replace\onnx\task033.onnx,E:\kagglegolf\data\interim\onnx_surgery\GOLF_20260608_029_seddik_surgery_6272\task033.onnx,16,16,6,6,49,49,0,0,0,0,False,unchanged,
E:\kagglegolf\submissions\candidates\GOLF_20260608_025_kojimar_6272_full_replace\onnx\task034.onnx,E:\kagglegolf\data\interim\onnx_surgery\GOLF_20260608_029_seddik_surgery_6272\task034.onnx,79,79,16,16,2847,2847,0,0,0,0,False,unchanged,
E:\kagglegolf\submissions\candidates\GOLF_20260608_025_kojimar_6272_full_replace\onnx\task035.onnx,E:\kagglegolf\data\interim\onnx_surgery\GOLF_20260608_029_seddik_surgery_6272\task035.onnx,38,38,16,16,51,51,0,0,0,0,False,unchanged,
E:\kagglegolf\submissions\candidates\GOLF_20260608_025_kojimar_6272_full_replace\onnx\task036.onnx,E:\kagglegolf\data\interim\onnx_surgery\GOLF_20260608_029_seddik_surgery_6272\task036.onnx,56,56,17,17,130,112,0,0,2,18,True,rewritten,
E:\kagglegolf\submissions\candidates\GOLF_20260608_025_kojimar_6272_full_replace\onnx\task037.onnx,E:\kagglegolf\data\interim\onnx_surgery\GOLF_20260608_029_seddik_surgery_6272\task037.onnx,27,27,13,13,8326,8326,0,0,0,0,False,unchanged,
E:\kagglegolf\submissions\candidates\GOLF_20260608_025_kojimar_6272_full_replace\onnx\task038.onnx,E:\kagglegolf\data\interim\onnx_surgery\GOLF_20260608_029_seddik_surgery_6272\task038.onnx,17,17,13,13,38,38,0,0,0,0,False,unchanged,
E:\kagglegolf\submissions\candidates\GOLF_20260608_025_kojimar_6272_full_replace\onnx\task039.onnx,E:\kagglegolf\data\interim\onnx_surgery\GOLF_20260608_029_seddik_surgery_6272\task039.onnx,14,14,9,9,28,28,0,0,0,0,False,unchanged,
E:\kagglegolf\submissions\candidates\GOLF_20260608_025_kojimar_6272_full_replace\onnx\task040.onnx,E:\kagglegolf\data\interim\onnx_surgery\GOLF_20260608_029_seddik_surgery_6272\task040.onnx,36,36,20,20,62,62,0,0,0,0,False,unchanged,
E:\kagglegolf\submissions\candidates\GOLF_20260608_025_kojimar_6272_full_replace\onnx\task041.onnx,E:\kagglegolf\data\interim\onnx_surgery\GOLF_20260608_029_seddik_surgery_6272\task041.onnx,20,20,7,7,29,29,0,0,0,0,False,unchanged,
E:\kagglegolf\submissions\candidates\GOLF_20260608_025_kojimar_6272_full_replace\onnx\task042.onnx,E:\kagglegolf\data\interim\onnx_surgery\GOLF_20260608_029_seddik_surgery_6272\task042.onnx,52,52,22,22,727,727,0,0,0,0,False,unchanged,
E:\kagglegolf\submissions\candidates\GOLF_20260608_025_kojimar_6272_full_replace\onnx\task043.onnx,E:\kagglegolf\data\interim\onnx_surgery\GOLF_20260608_029_seddik_surgery_6272\task043.onnx,9,9,13,13,138,138,0,0,0,0,False,unchanged,
E:\kagglegolf\submissions\candidates\GOLF_20260608_025_kojimar_6272_full_replace\onnx\task044.onnx,E:\kagglegolf\data\interim\onnx_surgery\GOLF_20260608_029_seddik_surgery_6272\task044.onnx,490,490,21,21,63,63,0,0,0,0,False,unchanged,
E:\kagglegolf\submissions\candidates\GOLF_20260608_025_kojimar_6272_full_replace\onnx\task045.onnx,E:\kagglegolf\data\interim\onnx_surgery\GOLF_20260608_029_seddik_surgery_6272\task045.onnx,14,14,9,9,25,25,0,0,0,0,False,unchanged,
E:\kagglegolf\submissions\candidates\GOLF_20260608_025_kojimar_6272_full_replace\onnx\task046.onnx,E:\kagglegolf\data\interim\onnx_surgery\GOLF_20260608_029_seddik_surgery_6272\task046.onnx,73,73,26,26,866,866,0,0,0,0,False,unchanged,
E:\kagglegolf\submissions\candidates\GOLF_20260608_025_kojimar_6272_full_replace\onnx\task047.onnx,E:\kagglegolf\data\interim\onnx_surgery\GOLF_20260608_029_seddik_surgery_6272\task047.onnx,30,30,8,8,36,36,0,0,0,0,False,unchanged,
E:\kagglegolf\submissions\candidates\GOLF_20260608_025_kojimar_6272_full_replace\onnx\task048.onnx,E:\kagglegolf\data\interim\onnx_surgery\GOLF_20260608_029_seddik_surgery_6272\task048.onnx,52,52,15,15,66,66,0,0,0,0,False,unchanged,
E:\kagglegolf\submissions\candidates\GOLF_20260608_025_kojimar_6272_full_replace\onnx\task049.onnx,E:\kagglegolf\data\interim\onnx_surgery\GOLF_20260608_029_seddik_surgery_6272\task049.onnx,29,29,12,12,150,150,0,0,0,0,False,unchanged,
E:\kagglegolf\submissions\candidates\GOLF_20260608_025_kojimar_6272_full_replace\onnx\task050.onnx,E:\kagglegolf\data\interim\onnx_surgery\GOLF_20260608_029_seddik_surgery_6272\task050.onnx,21,21,9,9,250,250,0,0,0,0,False,unchanged,
E:\kagglegolf\submissions\candidates\GOLF_20260608_025_kojimar_6272_full_replace\onnx\task051.onnx,E:\kagglegolf\data\interim\onnx_surgery\GOLF_20260608_029_seddik_surgery_6272\task051.onnx,58,58,12,12,78,70,0,0,1,8,True,rewritten,
E:\kagglegolf\submissions\candidates\GOLF_20260608_025_kojimar_6272_full_replace\onnx\task052.onnx,E:\kagglegolf\data\interim\onnx_surgery\GOLF_20260608_029_seddik_surgery_6272\task052.onnx,11,11,12,12,43,43,0,0,0,0,False,reverted,"InferenceError: [ShapeInferenceError] Inference error(s): (op_type:Pad): [ShapeInferenceError] Inferred shape and existing shape differ in dimension 3: (28) vs (30)
"
E:\kagglegolf\submissions\candidates\GOLF_20260608_025_kojimar_6272_full_replace\onnx\task053.onnx,E:\kagglegolf\data\interim\onnx_surgery\GOLF_20260608_029_seddik_surgery_6272\task053.onnx,1,1,1,1,30,30,0,0,0,0,False,unchanged,
E:\kagglegolf\submissions\candidates\GOLF_20260608_025_kojimar_6272_full_replace\onnx\task054.onnx,E:\kagglegolf\data\interim\onnx_surgery\GOLF_20260608_029_seddik_surgery_6272\task054.onnx,107,107,16,16,161,161,0,0,0,0,False,unchanged,
E:\kagglegolf\submissions\candidates\GOLF_20260608_025_kojimar_6272_full_replace\onnx\task055.onnx,E:\kagglegolf\data\interim\onnx_surgery\GOLF_20260608_029_seddik_surgery_6272\task055.onnx,166,166,37,37,994,994,0,0,0,0,False,unchanged,
E:\kagglegolf\submissions\candidates\GOLF_20260608_025_kojimar_6272_full_replace\onnx\task056.onnx,E:\kagglegolf\data\interim\onnx_surgery\GOLF_20260608_029_seddik_surgery_6272\task056.onnx,9,9,3,3,77,77,0,0,0,0,False,unchanged,
E:\kagglegolf\submissions\candidates\GOLF_20260608_025_kojimar_6272_full_replace\onnx\task057.onnx,E:\kagglegolf\data\interim\onnx_surgery\GOLF_20260608_029_seddik_surgery_6272\task057.onnx,16,16,6,6,20,20,0,0,0,0,False,unchanged,
E:\kagglegolf\submissions\candidates\GOLF_20260608_025_kojimar_6272_full_replace\onnx\task058.onnx,E:\kagglegolf\data\interim\onnx_surgery\GOLF_20260608_029_seddik_surgery_6272\task058.onnx,16,16,11,11,6445,6426,0,0,1,19,True,rewritten,
E:\kagglegolf\submissions\candidates\GOLF_20260608_025_kojimar_6272_full_replace\onnx\task059.onnx,E:\kagglegolf\data\interim\onnx_surgery\GOLF_20260608_029_seddik_surgery_6272\task059.onnx,20,20,16,16,2547,2547,0,0,0,0,False,unchanged,
E:\kagglegolf\submissions\candidates\GOLF_20260608_025_kojimar_6272_full_replace\onnx\task060.onnx,E:\kagglegolf\data\interim\onnx_surgery\GOLF_20260608_029_seddik_surgery_6272\task060.onnx,20,20,18,18,181,181,0,0,0,0,False,unchanged,
E:\kagglegolf\submissions\candidates\GOLF_20260608_025_kojimar_6272_full_replace\onnx\task061.onnx,E:\kagglegolf\data\interim\onnx_surgery\GOLF_20260608_029_seddik_surgery_6272\task061.onnx,9,9,12,12,1972,1972,0,0,0,0,False,unchanged,
E:\kagglegolf\submissions\candidates\GOLF_20260608_025_kojimar_6272_full_replace\onnx\task062.onnx,E:\kagglegolf\data\interim\onnx_surgery\GOLF_20260608_029_seddik_surgery_6272\task062.onnx,216,216,29,29,934,934,0,0,0,0,False,unchanged,
E:\kagglegolf\submissions\candidates\GOLF_20260608_025_kojimar_6272_full_replace\onnx\task063.onnx,E:\kagglegolf\data\interim\onnx_surgery\GOLF_20260608_029_seddik_surgery_6272\task063.onnx,34,34,13,13,32,32,0,0,0,0,False,unchanged,
E:\kagglegolf\submissions\candidates\GOLF_20260608_025_kojimar_6272_full_replace\onnx\task064.onnx,E:\kagglegolf\data\interim\onnx_surgery\GOLF_20260608_029_seddik_surgery_6272\task064.onnx,68,68,20,20,92,92,0,0,0,0,False,unchanged,
E:\kagglegolf\submissions\candidates\GOLF_20260608_025_kojimar_6272_full_replace\onnx\task065.onnx,E:\kagglegolf\data\interim\onnx_surgery\GOLF_20260608_029_seddik_surgery_6272\task065.onnx,37,37,12,12,77,63,0,0,1,14,True,rewritten,
E:\kagglegolf\submissions\candidates\GOLF_20260608_025_kojimar_6272_full_replace\onnx\task066.onnx,E:\kagglegolf\data\interim\onnx_surgery\GOLF_20260608_029_seddik_surgery_6272\task066.onnx,326,326,21,21,138,138,0,0,0,0,False,unchanged,
E:\kagglegolf\submissions\candidates\GOLF_20260608_025_kojimar_6272_full_replace\onnx\task067.onnx,E:\kagglegolf\data\interim\onnx_surgery\GOLF_20260608_029_seddik_surgery_6272\task067.onnx,7,7,4,4,33,33,0,0,0,0,False,unchanged,
E:\kagglegolf\submissions\candidates\GOLF_20260608_025_kojimar_6272_full_replace\onnx\task068.onnx,E:\kagglegolf\data\interim\onnx_surgery\GOLF_20260608_029_seddik_surgery_6272\task068.onnx,24,24,11,11,27,27,0,0,0,0,False,unchanged,
E:\kagglegolf\submissions\candidates\GOLF_20260608_025_kojimar_6272_full_replace\onnx\task069.onnx,E:\kagglegolf\data\interim\onnx_surgery\GOLF_20260608_029_seddik_surgery_6272\task069.onnx,380,380,41,41,1392,1392,0,0,0,0,False,unchanged,
E:\kagglegolf\submissions\candidates\GOLF_20260608_025_kojimar_6272_full_replace\onnx\task070.onnx,E:\kagglegolf\data\interim\onnx_surgery\GOLF_20260608_029_seddik_surgery_6272\task070.onnx,71,71,16,16,78,78,0,0,0,0,False,unchanged,
E:\kagglegolf\submissions\candidates\GOLF_20260608_025_kojimar_6272_full_replace\onnx\task071.onnx,E:\kagglegolf\data\interim\onnx_surgery\GOLF_20260608_029_seddik_surgery_6272\task071.onnx,49,49,13,13,53,53,0,0,0,0,False,unchanged,
E:\kagglegolf\submissions\candidates\GOLF_20260608_025_kojimar_6272_full_replace\onnx\task072.onnx,E:\kagglegolf\data\interim\onnx_surgery\GOLF_20260608_029_seddik_surgery_6272\task072.onnx,11,11,8,8,49,49,0,0,0,0,False,unchanged,
E:\kagglegolf\submissions\candidates\GOLF_20260608_025_kojimar_6272_full_replace\onnx\task073.onnx,E:\kagglegolf\data\interim\onnx_surgery\GOLF_20260608_029_seddik_surgery_6272\task073.onnx,1,1,2,2,910,910,0,0,0,0,False,unchanged,
E:\kagglegolf\submissions\candidates\GOLF_20260608_025_kojimar_6272_full_replace\onnx\task074.onnx,E:\kagglegolf\data\interim\onnx_surgery\GOLF_20260608_029_seddik_surgery_6272\task074.onnx,18,18,13,13,45,45,0,0,0,0,False,unchanged,
E:\kagglegolf\submissions\candidates\GOLF_20260608_025_kojimar_6272_full_replace\onnx\task075.onnx,E:\kagglegolf\data\interim\onnx_surgery\GOLF_20260608_029_seddik_surgery_6272\task075.onnx,57,57,30,30,57,57,0,0,0,0,False,unchanged,
E:\kagglegolf\submissions\candidates\GOLF_20260608_025_kojimar_6272_full_replace\onnx\task076.onnx,E:\kagglegolf\data\interim\onnx_surgery\GOLF_20260608_029_seddik_surgery_6272\task076.onnx,377,377,32,32,339,339,0,0,0,0,False,unchanged,
E:\kagglegolf\submissions\candidates\GOLF_20260608_025_kojimar_6272_full_replace\onnx\task077.onnx,E:\kagglegolf\data\interim\onnx_surgery\GOLF_20260608_029_seddik_surgery_6272\task077.onnx,68,68,20,20,1794,1794,0,0,0,0,False,unchanged,
E:\kagglegolf\submissions\candidates\GOLF_20260608_025_kojimar_6272_full_replace\onnx\task078.onnx,E:\kagglegolf\data\interim\onnx_surgery\GOLF_20260608_029_seddik_surgery_6272\task078.onnx,25,25,11,11,36,36,0,0,0,0,False,unchanged,
E:\kagglegolf\submissions\candidates\GOLF_20260608_025_kojimar_6272_full_replace\onnx\task079.onnx,E:\kagglegolf\data\interim\onnx_surgery\GOLF_20260608_029_seddik_surgery_6272\task079.onnx,20,20,7,7,245,245,0,0,0,0,False,unchanged,
E:\kagglegolf\submissions\candidates\GOLF_20260608_025_kojimar_6272_full_replace\onnx\task080.onnx,E:\kagglegolf\data\interim\onnx_surgery\GOLF_20260608_029_seddik_surgery_6272\task080.onnx,123,123,44,35,244,217,0,9,0,27,True,rewritten,
E:\kagglegolf\submissions\candidates\GOLF_20260608_025_kojimar_6272_full_replace\onnx\task081.onnx,E:\kagglegolf\data\interim\onnx_surgery\GOLF_20260608_029_seddik_surgery_6272\task081.onnx,35,35,17,17,109,109,0,0,0,0,False,unchanged,
E:\kagglegolf\submissions\candidates\GOLF_20260608_025_kojimar_6272_full_replace\onnx\task082.onnx,E:\kagglegolf\data\interim\onnx_surgery\GOLF_20260608_029_seddik_surgery_6272\task082.onnx,10,10,8,8,56,56,0,0,0,0,False,unchanged,
E:\kagglegolf\submissions\candidates\GOLF_20260608_025_kojimar_6272_full_replace\onnx\task083.onnx,E:\kagglegolf\data\interim\onnx_surgery\GOLF_20260608_029_seddik_surgery_6272\task083.onnx,1,1,1,1,1800,1800,0,0,0,0,False,unchanged,
E:\kagglegolf\submissions\candidates\GOLF_20260608_025_kojimar_6272_full_replace\onnx\task084.onnx,E:\kagglegolf\data\interim\onnx_surgery\GOLF_20260608_029_seddik_surgery_6272\task084.onnx,23,23,14,14,113,113,0,0,0,0,False,unchanged,
E:\kagglegolf\submissions\candidates\GOLF_20260608_025_kojimar_6272_full_replace\onnx\task085.onnx,E:\kagglegolf\data\interim\onnx_surgery\GOLF_20260608_029_seddik_surgery_6272\task085.onnx,20,20,14,14,138,138,0,0,0,0,False,unchanged,
E:\kagglegolf\submissions\candidates\GOLF_20260608_025_kojimar_6272_full_replace\onnx\task086.onnx,E:\kagglegolf\data\interim\onnx_surgery\GOLF_20260608_029_seddik_surgery_6272\task086.onnx,42,42,19,19,225,225,0,0,0,0,False,unchanged,
E:\kagglegolf\submissions\candidates\GOLF_20260608_025_kojimar_6272_full_replace\onnx\task087.onnx,E:\kagglegolf\data\interim\onnx_surgery\GOLF_20260608_029_seddik_surgery_6272\task087.onnx,2,2,4,4,8,8,0,0,0,0,False,unchanged,
E:\kagglegolf\submissions\candidates\GOLF_20260608_025_kojimar_6272_full_replace\onnx\task088.onnx,E:\kagglegolf\data\interim\onnx_surgery\GOLF_20260608_029_seddik_surgery_6272\task088.onnx,48,48,20,20,120,120,0,0,0,0,False,unchanged,
E:\kagglegolf\submissions\candidates\GOLF_20260608_025_kojimar_6272_full_replace\onnx\task089.onnx,E:\kagglegolf\data\interim\onnx_surgery\GOLF_20260608_029_seddik_surgery_6272\task089.onnx,180,180,24,24,98,98,0,0,0,0,False,unchanged,
E:\kagglegolf\submissions\candidates\GOLF_20260608_025_kojimar_6272_full_replace\onnx\task090.onnx,E:\kagglegolf\data\interim\onnx_surgery\GOLF_20260608_029_seddik_surgery_6272\task090.onnx,246,246,41,41,104,104,0,0,0,0,False,unchanged,
E:\kagglegolf\submissions\candidates\GOLF_20260608_025_kojimar_6272_full_replace\onnx\task091.onnx,E:\kagglegolf\data\interim\onnx_surgery\GOLF_20260608_029_seddik_surgery_6272\task091.onnx,43,43,14,14,78,78,0,0,0,0,False,unchanged,
E:\kagglegolf\submissions\candidates\GOLF_20260608_025_kojimar_6272_full_replace\onnx\task092.onnx,E:\kagglegolf\data\interim\onnx_surgery\GOLF_20260608_029_seddik_surgery_6272\task092.onnx,30,30,11,11,29,29,0,0,0,0,False,unchanged,
E:\kagglegolf\submissions\candidates\GOLF_20260608_025_kojimar_6272_full_replace\onnx\task093.onnx,E:\kagglegolf\data\interim\onnx_surgery\GOLF_20260608_029_seddik_surgery_6272\task093.onnx,56,56,10,10,58,58,0,0,0,0,False,unchanged,
E:\kagglegolf\submissions\candidates\GOLF_20260608_025_kojimar_6272_full_replace\onnx\task094.onnx,E:\kagglegolf\data\interim\onnx_surgery\GOLF_20260608_029_seddik_surgery_6272\task094.onnx,25,25,11,11,112,112,0,0,0,0,False,unchanged,
E:\kagglegolf\submissions\candidates\GOLF_20260608_025_kojimar_6272_full_replace\onnx\task095.onnx,E:\kagglegolf\data\interim\onnx_surgery\GOLF_20260608_029_seddik_surgery_6272\task095.onnx,1,1,2,2,910,910,0,0,0,0,False,unchanged,
E:\kagglegolf\submissions\candidates\GOLF_20260608_025_kojimar_6272_full_replace\onnx\task096.onnx,E:\kagglegolf\data\interim\onnx_surgery\GOLF_20260608_029_seddik_surgery_6272\task096.onnx,457,457,48,47,1316,937,0,1,2,379,True,rewritten,
E:\kagglegolf\submissions\candidates\GOLF_20260608_025_kojimar_6272_full_replace\onnx\task097.onnx,E:\kagglegolf\data\interim\onnx_surgery\GOLF_20260608_029_seddik_surgery_6272\task097.onnx,14,14,1,1,9,9,0,0,0,0,False,unchanged,
E:\kagglegolf\submissions\candidates\GOLF_20260608_025_kojimar_6272_full_replace\onnx\task098.onnx,E:\kagglegolf\data\interim\onnx_surgery\GOLF_20260608_029_seddik_surgery_6272\task098.onnx,1,1,2,2,910,910,0,0,0,0,False,unchanged,
E:\kagglegolf\submissions\candidates\GOLF_20260608_025_kojimar_6272_full_replace\onnx\task099.onnx,E:\kagglegolf\data\interim\onnx_surgery\GOLF_20260608_029_seddik_surgery_6272\task099.onnx,1,1,2,2,4910,4910,0,0,0,0,False,unchanged,
E:\kagglegolf\submissions\candidates\GOLF_20260608_025_kojimar_6272_full_replace\onnx\task100.onnx,E:\kagglegolf\data\interim\onnx_surgery\GOLF_20260608_029_seddik_surgery_6272\task100.onnx,28,28,14,14,43,43,0,0,0,0,False,unchanged,
E:\kagglegolf\submissions\candidates\GOLF_20260608_025_kojimar_6272_full_replace\onnx\task101.onnx,E:\kagglegolf\data\interim\onnx_surgery\GOLF_20260608_029_seddik_surgery_6272\task101.onnx,125,125,27,27,106,106,0,0,0,0,False,unchanged,
E:\kagglegolf\submissions\candidates\GOLF_20260608_025_kojimar_6272_full_replace\onnx\task102.onnx,E:\kagglegolf\data\interim\onnx_surgery\GOLF_20260608_029_seddik_surgery_6272\task102.onnx,48,48,25,25,531,531,0,0,0,0,False,unchanged,
E:\kagglegolf\submissions\candidates\GOLF_20260608_025_kojimar_6272_full_replace\onnx\task103.onnx,E:\kagglegolf\data\interim\onnx_surgery\GOLF_20260608_029_seddik_surgery_6272\task103.onnx,11,11,9,9,34,34,0,0,0,0,False,unchanged,
E:\kagglegolf\submissions\candidates\GOLF_20260608_025_kojimar_6272_full_replace\onnx\task104.onnx,E:\kagglegolf\data\interim\onnx_surgery\GOLF_20260608_029_seddik_surgery_6272\task104.onnx,21,21,16,16,990,990,0,0,0,0,False,unchanged,
E:\kagglegolf\submissions\candidates\GOLF_20260608_025_kojimar_6272_full_replace\onnx\task105.onnx,E:\kagglegolf\data\interim\onnx_surgery\GOLF_20260608_029_seddik_surgery_6272\task105.onnx,63,63,18,18,68,68,0,0,0,0,False,unchanged,
E:\kagglegolf\submissions\candidates\GOLF_20260608_025_kojimar_6272_full_replace\onnx\task106.onnx,E:\kagglegolf\data\interim\onnx_surgery\GOLF_20260608_029_seddik_surgery_6272\task106.onnx,13,13,16,16,125,125,0,0,0,0,False,unchanged,
E:\kagglegolf\submissions\candidates\GOLF_20260608_025_kojimar_6272_full_replace\onnx\task107.onnx,E:\kagglegolf\data\interim\onnx_surgery\GOLF_20260608_029_seddik_surgery_6272\task107.onnx,52,52,30,30,13681,13681,0,0,0,0,False,unchanged,
E:\kagglegolf\submissions\candidates\GOLF_20260608_025_kojimar_6272_full_replace\onnx\task108.onnx,E:\kagglegolf\data\interim\onnx_surgery\GOLF_20260608_029_seddik_surgery_6272\task108.onnx,1,1,1,1,1800,1800,0,0,0,0,False,unchanged,
E:\kagglegolf\submissions\candidates\GOLF_20260608_025_kojimar_6272_full_replace\onnx\task109.onnx,E:\kagglegolf\data\interim\onnx_surgery\GOLF_20260608_029_seddik_surgery_6272\task109.onnx,39,39,14,14,954,954,0,0,0,0,False,unchanged,
E:\kagglegolf\submissions\candidates\GOLF_20260608_025_kojimar_6272_full_replace\onnx\task110.onnx,E:\kagglegolf\data\interim\onnx_surgery\GOLF_20260608_029_seddik_surgery_6272\task110.onnx,163,163,52,52,346,346,0,0,0,0,False,unchanged,
E:\kagglegolf\submissions\candidates\GOLF_20260608_025_kojimar_6272_full_replace\onnx\task111.onnx,E:\kagglegolf\data\interim\onnx_surgery\GOLF_20260608_029_seddik_surgery_6272\task111.onnx,15,15,8,8,25,25,0,0,0,0,False,unchanged,
E:\kagglegolf\submissions\candidates\GOLF_20260608_025_kojimar_6272_full_replace\onnx\task112.onnx,E:\kagglegolf\data\interim\onnx_surgery\GOLF_20260608_029_seddik_surgery_6272\task112.onnx,44,44,18,18,106,106,0,0,0,0,False,unchanged,
E:\kagglegolf\submissions\candidates\GOLF_20260608_025_kojimar_6272_full_replace\onnx\task113.onnx,E:\kagglegolf\data\interim\onnx_surgery\GOLF_20260608_029_seddik_surgery_6272\task113.onnx,1,1,1,1,30,30,0,0,0,0,False,unchanged,
E:\kagglegolf\submissions\candidates\GOLF_20260608_025_kojimar_6272_full_replace\onnx\task114.onnx,E:\kagglegolf\data\interim\onnx_surgery\GOLF_20260608_029_seddik_surgery_6272\task114.onnx,26,26,20,20,158,158,0,0,0,0,False,unchanged,
E:\kagglegolf\submissions\candidates\GOLF_20260608_025_kojimar_6272_full_replace\onnx\task115.onnx,E:\kagglegolf\data\interim\onnx_surgery\GOLF_20260608_029_seddik_surgery_6272\task115.onnx,34,34,20,20,80,77,0,0,1,3,True,rewritten,
E:\kagglegolf\submissions\candidates\GOLF_20260608_025_kojimar_6272_full_replace\onnx\task116.onnx,E:\kagglegolf\data\interim\onnx_surgery\GOLF_20260608_029_seddik_surgery_6272\task116.onnx,1,1,1,1,30,30,0,0,0,0,False,unchanged,
E:\kagglegolf\submissions\candidates\GOLF_20260608_025_kojimar_6272_full_replace\onnx\task117.onnx,E:\kagglegolf\data\interim\onnx_surgery\GOLF_20260608_029_seddik_surgery_6272\task117.onnx,74,74,40,40,619,157,0,0,3,462,True,rewritten,
E:\kagglegolf\submissions\candidates\GOLF_20260608_025_kojimar_6272_full_replace\onnx\task118.onnx,E:\kagglegolf\data\interim\onnx_surgery\GOLF_20260608_029_seddik_surgery_6272\task118.onnx,67,67,13,13,142,142,0,0,0,0,False,unchanged,
E:\kagglegolf\submissions\candidates\GOLF_20260608_025_kojimar_6272_full_replace\onnx\task119.onnx,E:\kagglegolf\data\interim\onnx_surgery\GOLF_20260608_029_seddik_surgery_6272\task119.onnx,140,140,22,22,100,100,0,0,0,0,False,unchanged,
E:\kagglegolf\submissions\candidates\GOLF_20260608_025_kojimar_6272_full_replace\onnx\task120.onnx,E:\kagglegolf\data\interim\onnx_surgery\GOLF_20260608_029_seddik_surgery_6272\task120.onnx,1,1,2,2,910,910,0,0,0,0,False,unchanged,
E:\kagglegolf\submissions\candidates\GOLF_20260608_025_kojimar_6272_full_replace\onnx\task121.onnx,E:\kagglegolf\data\interim\onnx_surgery\GOLF_20260608_029_seddik_surgery_6272\task121.onnx,24,24,17,17,46,46,0,0,0,0,False,unchanged,
E:\kagglegolf\submissions\candidates\GOLF_20260608_025_kojimar_6272_full_replace\onnx\task122.onnx,E:\kagglegolf\data\interim\onnx_surgery\GOLF_20260608_029_seddik_surgery_6272\task122.onnx,1,1,2,2,2510,2510,0,0,0,0,False,unchanged,
E:\kagglegolf\submissions\candidates\GOLF_20260608_025_kojimar_6272_full_replace\onnx\task123.onnx,E:\kagglegolf\data\interim\onnx_surgery\GOLF_20260608_029_seddik_surgery_6272\task123.onnx,17,17,12,12,948,948,0,0,0,0,False,unchanged,
E:\kagglegolf\submissions\candidates\GOLF_20260608_025_kojimar_6272_full_replace\onnx\task124.onnx,E:\kagglegolf\data\interim\onnx_surgery\GOLF_20260608_029_seddik_surgery_6272\task124.onnx,52,52,16,16,353,353,0,0,0,0,False,unchanged,
E:\kagglegolf\submissions\candidates\GOLF_20260608_025_kojimar_6272_full_replace\onnx\task125.onnx,E:\kagglegolf\data\interim\onnx_surgery\GOLF_20260608_029_seddik_surgery_6272\task125.onnx,28,28,9,9,246,246,0,0,0,0,False,unchanged,
E:\kagglegolf\submissions\candidates\GOLF_20260608_025_kojimar_6272_full_replace\onnx\task126.onnx,E:\kagglegolf\data\interim\onnx_surgery\GOLF_20260608_029_seddik_surgery_6272\task126.onnx,29,29,11,11,47,47,0,0,0,0,False,unchanged,
E:\kagglegolf\submissions\candidates\GOLF_20260608_025_kojimar_6272_full_replace\onnx\task127.onnx,E:\kagglegolf\data\interim\onnx_surgery\GOLF_20260608_029_seddik_surgery_6272\task127.onnx,1,1,1,1,900,900,0,0,0,0,False,unchanged,
E:\kagglegolf\submissions\candidates\GOLF_20260608_025_kojimar_6272_full_replace\onnx\task128.onnx,E:\kagglegolf\data\interim\onnx_surgery\GOLF_20260608_029_seddik_surgery_6272\task128.onnx,28,28,13,13,102,84,0,0,2,18,True,rewritten,
E:\kagglegolf\submissions\candidates\GOLF_20260608_025_kojimar_6272_full_replace\onnx\task129.onnx,E:\kagglegolf\data\interim\onnx_surgery\GOLF_20260608_029_seddik_surgery_6272\task129.onnx,8,8,6,6,29,29,0,0,0,0,False,unchanged,
E:\kagglegolf\submissions\candidates\GOLF_20260608_025_kojimar_6272_full_replace\onnx\task130.onnx,E:\kagglegolf\data\interim\onnx_surgery\GOLF_20260608_029_seddik_surgery_6272\task130.onnx,10,10,4,4,98,98,0,0,0,0,False,unchanged,
E:\kagglegolf\submissions\candidates\GOLF_20260608_025_kojimar_6272_full_replace\onnx\task131.onnx,E:\kagglegolf\data\interim\onnx_surgery\GOLF_20260608_029_seddik_surgery_6272\task131.onnx,103,103,17,17,951,951,0,0,0,0,False,unchanged,
E:\kagglegolf\submissions\candidates\GOLF_20260608_025_kojimar_6272_full_replace\onnx\task132.onnx,E:\kagglegolf\data\interim\onnx_surgery\GOLF_20260608_029_seddik_surgery_6272\task132.onnx,38,38,16,16,64,64,0,0,0,0,False,unchanged,
E:\kagglegolf\submissions\candidates\GOLF_20260608_025_kojimar_6272_full_replace\onnx\task133.onnx,E:\kagglegolf\data\interim\onnx_surgery\GOLF_20260608_029_seddik_surgery_6272\task133.onnx,121,121,54,54,425,425,0,0,0,0,False,unchanged,
E:\kagglegolf\submissions\candidates\GOLF_20260608_025_kojimar_6272_full_replace\onnx\task134.onnx,E:\kagglegolf\data\interim\onnx_surgery\GOLF_20260608_029_seddik_surgery_6272\task134.onnx,75,75,26,26,88,80,0,0,1,8,True,rewritten,
E:\kagglegolf\submissions\candidates\GOLF_20260608_025_kojimar_6272_full_replace\onnx\task135.onnx,E:\kagglegolf\data\interim\onnx_surgery\GOLF_20260608_029_seddik_surgery_6272\task135.onnx,2,2,0,0,0,0,0,0,0,0,False,unchanged,
E:\kagglegolf\submissions\candidates\GOLF_20260608_025_kojimar_6272_full_replace\onnx\task136.onnx,E:\kagglegolf\data\interim\onnx_surgery\GOLF_20260608_029_seddik_surgery_6272\task136.onnx,25,25,9,9,136,136,0,0,0,0,False,unchanged,
E:\kagglegolf\submissions\candidates\GOLF_20260608_025_kojimar_6272_full_replace\onnx\task137.onnx,E:\kagglegolf\data\interim\onnx_surgery\GOLF_20260608_029_seddik_surgery_6272\task137.onnx,36,36,9,9,76,76,0,0,0,0,False,unchanged,
E:\kagglegolf\submissions\candidates\GOLF_20260608_025_kojimar_6272_full_replace\onnx\task138.onnx,E:\kagglegolf\data\interim\onnx_surgery\GOLF_20260608_029_seddik_surgery_6272\task138.onnx,99,99,17,17,125,125,0,0,0,0,False,unchanged,
E:\kagglegolf\submissions\candidates\GOLF_20260608_025_kojimar_6272_full_replace\onnx\task139.onnx,E:\kagglegolf\data\interim\onnx_surgery\GOLF_20260608_029_seddik_surgery_6272\task139.onnx,33,33,22,22,174,174,0,0,0,0,False,unchanged,
E:\kagglegolf\submissions\candidates\GOLF_20260608_025_kojimar_6272_full_replace\onnx\task140.onnx,E:\kagglegolf\data\interim\onnx_surgery\GOLF_20260608_029_seddik_surgery_6272\task140.onnx,2,2,4,4,8,8,0,0,0,0,False,unchanged,
E:\kagglegolf\submissions\candidates\GOLF_20260608_025_kojimar_6272_full_replace\onnx\task141.onnx,E:\kagglegolf\data\interim\onnx_surgery\GOLF_20260608_029_seddik_surgery_6272\task141.onnx,21,21,10,10,69,69,0,0,0,0,False,unchanged,
E:\kagglegolf\submissions\candidates\GOLF_20260608_025_kojimar_6272_full_replace\onnx\task142.onnx,E:\kagglegolf\data\interim\onnx_surgery\GOLF_20260608_029_seddik_surgery_6272\task142.onnx,1,1,1,1,1800,1800,0,0,0,0,False,unchanged,
E:\kagglegolf\submissions\candidates\GOLF_20260608_025_kojimar_6272_full_replace\onnx\task143.onnx,E:\kagglegolf\data\interim\onnx_surgery\GOLF_20260608_029_seddik_surgery_6272\task143.onnx,24,24,15,15,57,57,0,0,0,0,False,unchanged,
E:\kagglegolf\submissions\candidates\GOLF_20260608_025_kojimar_6272_full_replace\onnx\task144.onnx,E:\kagglegolf\data\interim\onnx_surgery\GOLF_20260608_029_seddik_surgery_6272\task144.onnx,8,8,9,9,46,46,0,0,0,0,False,unchanged,
E:\kagglegolf\submissions\candidates\GOLF_20260608_025_kojimar_6272_full_replace\onnx\task145.onnx,E:\kagglegolf\data\interim\onnx_surgery\GOLF_20260608_029_seddik_surgery_6272\task145.onnx,325,325,34,34,933,933,0,0,0,0,False,unchanged,
E:\kagglegolf\submissions\candidates\GOLF_20260608_025_kojimar_6272_full_replace\onnx\task146.onnx,E:\kagglegolf\data\interim\onnx_surgery\GOLF_20260608_029_seddik_surgery_6272\task146.onnx,29,29,10,10,24,24,0,0,0,0,False,unchanged,
E:\kagglegolf\submissions\candidates\GOLF_20260608_025_kojimar_6272_full_replace\onnx\task147.onnx,E:\kagglegolf\data\interim\onnx_surgery\GOLF_20260608_029_seddik_surgery_6272\task147.onnx,1,1,2,2,910,910,0,0,0,0,False,unchanged,
E:\kagglegolf\submissions\candidates\GOLF_20260608_025_kojimar_6272_full_replace\onnx\task148.onnx,E:\kagglegolf\data\interim\onnx_surgery\GOLF_20260608_029_seddik_surgery_6272\task148.onnx,110,110,16,16,353,353,0,0,0,0,False,unchanged,
E:\kagglegolf\submissions\candidates\GOLF_20260608_025_kojimar_6272_full_replace\onnx\task149.onnx,E:\kagglegolf\data\interim\onnx_surgery\GOLF_20260608_029_seddik_surgery_6272\task149.onnx,4,4,2,2,91,91,0,0,0,0,False,unchanged,
E:\kagglegolf\submissions\candidates\GOLF_20260608_025_kojimar_6272_full_replace\onnx\task150.onnx,E:\kagglegolf\data\interim\onnx_surgery\GOLF_20260608_029_seddik_surgery_6272\task150.onnx,11,11,6,6,36,36,0,0,0,0,False,unchanged,
E:\kagglegolf\submissions\candidates\GOLF_20260608_025_kojimar_6272_full_replace\onnx\task151.onnx,E:\kagglegolf\data\interim\onnx_surgery\GOLF_20260608_029_seddik_surgery_6272\task151.onnx,1,1,2,2,910,910,0,0,0,0,False,unchanged,
E:\kagglegolf\submissions\candidates\GOLF_20260608_025_kojimar_6272_full_replace\onnx\task152.onnx,E:\kagglegolf\data\interim\onnx_surgery\GOLF_20260608_029_seddik_surgery_6272\task152.onnx,1,1,1,1,1800,1800,0,0,0,0,False,unchanged,
E:\kagglegolf\submissions\candidates\GOLF_20260608_025_kojimar_6272_full_replace\onnx\task153.onnx,E:\kagglegolf\data\interim\onnx_surgery\GOLF_20260608_029_seddik_surgery_6272\task153.onnx,107,107,45,45,181,181,0,0,0,0,False,unchanged,
E:\kagglegolf\submissions\candidates\GOLF_20260608_025_kojimar_6272_full_replace\onnx\task154.onnx,E:\kagglegolf\data\interim\onnx_surgery\GOLF_20260608_029_seddik_surgery_6272\task154.onnx,46,46,14,14,990,990,0,0,0,0,False,unchanged,
E:\kagglegolf\submissions\candidates\GOLF_20260608_025_kojimar_6272_full_replace\onnx\task155.onnx,E:\kagglegolf\data\interim\onnx_surgery\GOLF_20260608_029_seddik_surgery_6272\task155.onnx,11,11,6,6,36,36,0,0,0,0,False,unchanged,
E:\kagglegolf\submissions\candidates\GOLF_20260608_025_kojimar_6272_full_replace\onnx\task156.onnx,E:\kagglegolf\data\interim\onnx_surgery\GOLF_20260608_029_seddik_surgery_6272\task156.onnx,375,375,72,72,1898,1898,0,0,0,0,False,unchanged,
E:\kagglegolf\submissions\candidates\GOLF_20260608_025_kojimar_6272_full_replace\onnx\task157.onnx,E:\kagglegolf\data\interim\onnx_surgery\GOLF_20260608_029_seddik_surgery_6272\task157.onnx,3232,3232,68,68,651,651,0,0,0,0,False,unchanged,
E:\kagglegolf\submissions\candidates\GOLF_20260608_025_kojimar_6272_full_replace\onnx\task158.onnx,E:\kagglegolf\data\interim\onnx_surgery\GOLF_20260608_029_seddik_surgery_6272\task158.onnx,292,292,56,56,366,366,0,0,0,0,False,reverted,"InferenceError: [ShapeInferenceError] Inference error(s): (op_type:Mul, node name: kerbc_tlbr_2): [ShapeInferenceError] Inferred shape and existing shape differ in dimension 3: (1) vs (2)
(op_type:Mul, node name: kerbc_brtl_2): [ShapeInferenceError] Inferred shape and existing shape differ in dimension 3: (1) vs (2)
(op_type:Mul, node name: kerbc_trbl_2): [ShapeInferenceError] Inferred shape and existing shape differ in dimension 3: (1) vs (2)
(op_type:Mul, node name: kerbc_bltr_2): [ShapeInferenceError] Inferred shape and existing shape differ in dimension 3: (1) vs (2)
(op_type:Mul, node name: kerbc_tlbr_3): [ShapeInferenceError] Inferred shape and existing shape differ in dimension 3: (1) vs (3)
(op_type:Mul, node name: kerbc_brtl_3): [ShapeInferenceError] Inferred shape and existing shape differ in dimension 3: (1) vs (3)
(op_type:Mul, node name: kerbc_trbl_3): [ShapeInferenceError] Inferred shape and existing shape differ in dimension 3: (1) vs (3)
(op_type:Mul, node name: kerbc_bltr_3): [ShapeInferenceError] Inferred shape and existing shape differ in dimension 3: (1) vs (3)
"
E:\kagglegolf\submissions\candidates\GOLF_20260608_025_kojimar_6272_full_replace\onnx\task159.onnx,E:\kagglegolf\data\interim\onnx_surgery\GOLF_20260608_029_seddik_surgery_6272\task159.onnx,55,55,16,16,4105,4105,0,0,0,0,False,unchanged,
E:\kagglegolf\submissions\candidates\GOLF_20260608_025_kojimar_6272_full_replace\onnx\task160.onnx,E:\kagglegolf\data\interim\onnx_surgery\GOLF_20260608_029_seddik_surgery_6272\task160.onnx,19,19,10,10,65,65,0,0,0,0,False,unchanged,
E:\kagglegolf\submissions\candidates\GOLF_20260608_025_kojimar_6272_full_replace\onnx\task161.onnx,E:\kagglegolf\data\interim\onnx_surgery\GOLF_20260608_029_seddik_surgery_6272\task161.onnx,39,39,9,9,28,28,0,0,0,0,False,unchanged,
E:\kagglegolf\submissions\candidates\GOLF_20260608_025_kojimar_6272_full_replace\onnx\task162.onnx,E:\kagglegolf\data\interim\onnx_surgery\GOLF_20260608_029_seddik_surgery_6272\task162.onnx,19,19,11,11,43,43,0,0,0,0,False,unchanged,
E:\kagglegolf\submissions\candidates\GOLF_20260608_025_kojimar_6272_full_replace\onnx\task163.onnx,E:\kagglegolf\data\interim\onnx_surgery\GOLF_20260608_029_seddik_surgery_6272\task163.onnx,68,68,21,21,1645,1645,0,0,0,0,False,unchanged,
E:\kagglegolf\submissions\candidates\GOLF_20260608_025_kojimar_6272_full_replace\onnx\task164.onnx,E:\kagglegolf\data\interim\onnx_surgery\GOLF_20260608_029_seddik_surgery_6272\task164.onnx,1,1,1,1,30,30,0,0,0,0,False,unchanged,
E:\kagglegolf\submissions\candidates\GOLF_20260608_025_kojimar_6272_full_replace\onnx\task165.onnx,E:\kagglegolf\data\interim\onnx_surgery\GOLF_20260608_029_seddik_surgery_6272\task165.onnx,25,25,15,15,994,994,0,0,0,0,False,unchanged,
E:\kagglegolf\submissions\candidates\GOLF_20260608_025_kojimar_6272_full_replace\onnx\task166.onnx,E:\kagglegolf\data\interim\onnx_surgery\GOLF_20260608_029_seddik_surgery_6272\task166.onnx,11,11,8,8,37,37,0,0,0,0,False,unchanged,
E:\kagglegolf\submissions\candidates\GOLF_20260608_025_kojimar_6272_full_replace\onnx\task167.onnx,E:\kagglegolf\data\interim\onnx_surgery\GOLF_20260608_029_seddik_surgery_6272\task167.onnx,9,9,9,9,294,294,0,0,0,0,False,unchanged,
E:\kagglegolf\submissions\candidates\GOLF_20260608_025_kojimar_6272_full_replace\onnx\task168.onnx,E:\kagglegolf\data\interim\onnx_surgery\GOLF_20260608_029_seddik_surgery_6272\task168.onnx,45,45,10,10,185,185,0,0,0,0,False,unchanged,
E:\kagglegolf\submissions\candidates\GOLF_20260608_025_kojimar_6272_full_replace\onnx\task169.onnx,E:\kagglegolf\data\interim\onnx_surgery\GOLF_20260608_029_seddik_surgery_6272\task169.onnx,168,168,62,62,655,655,0,0,0,0,False,unchanged,
E:\kagglegolf\submissions\candidates\GOLF_20260608_025_kojimar_6272_full_replace\onnx\task170.onnx,E:\kagglegolf\data\interim\onnx_surgery\GOLF_20260608_029_seddik_surgery_6272\task170.onnx,681,681,33,33,249,249,0,0,0,0,False,unchanged,
E:\kagglegolf\submissions\candidates\GOLF_20260608_025_kojimar_6272_full_replace\onnx\task171.onnx,E:\kagglegolf\data\interim\onnx_surgery\GOLF_20260608_029_seddik_surgery_6272\task171.onnx,1,1,2,2,910,910,0,0,0,0,False,unchanged,
E:\kagglegolf\submissions\candidates\GOLF_20260608_025_kojimar_6272_full_replace\onnx\task172.onnx,E:\kagglegolf\data\interim\onnx_surgery\GOLF_20260608_029_seddik_surgery_6272\task172.onnx,1,1,1,1,30,30,0,0,0,0,False,unchanged,
E:\kagglegolf\submissions\candidates\GOLF_20260608_025_kojimar_6272_full_replace\onnx\task173.onnx,E:\kagglegolf\data\interim\onnx_surgery\GOLF_20260608_029_seddik_surgery_6272\task173.onnx,68,68,24,24,217,217,0,0,0,0,False,unchanged,
E:\kagglegolf\submissions\candidates\GOLF_20260608_025_kojimar_6272_full_replace\onnx\task174.onnx,E:\kagglegolf\data\interim\onnx_surgery\GOLF_20260608_029_seddik_surgery_6272\task174.onnx,790,790,24,24,74,74,0,0,0,0,False,unchanged,
E:\kagglegolf\submissions\candidates\GOLF_20260608_025_kojimar_6272_full_replace\onnx\task175.onnx,E:\kagglegolf\data\interim\onnx_surgery\GOLF_20260608_029_seddik_surgery_6272\task175.onnx,23,23,12,12,2748,2748,0,0,0,0,False,unchanged,
E:\kagglegolf\submissions\candidates\GOLF_20260608_025_kojimar_6272_full_replace\onnx\task176.onnx,E:\kagglegolf\data\interim\onnx_surgery\GOLF_20260608_029_seddik_surgery_6272\task176.onnx,7,7,9,9,120,120,0,0,0,0,False,unchanged,
E:\kagglegolf\submissions\candidates\GOLF_20260608_025_kojimar_6272_full_replace\onnx\task177.onnx,E:\kagglegolf\data\interim\onnx_surgery\GOLF_20260608_029_seddik_surgery_6272\task177.onnx,33,33,16,16,102,102,0,0,0,0,False,unchanged,
E:\kagglegolf\submissions\candidates\GOLF_20260608_025_kojimar_6272_full_replace\onnx\task178.onnx,E:\kagglegolf\data\interim\onnx_surgery\GOLF_20260608_029_seddik_surgery_6272\task178.onnx,47,47,20,20,87,87,0,0,0,0,False,unchanged,
E:\kagglegolf\submissions\candidates\GOLF_20260608_025_kojimar_6272_full_replace\onnx\task179.onnx,E:\kagglegolf\data\interim\onnx_surgery\GOLF_20260608_029_seddik_surgery_6272\task179.onnx,1,1,0,0,0,0,0,0,0,0,False,unchanged,
E:\kagglegolf\submissions\candidates\GOLF_20260608_025_kojimar_6272_full_replace\onnx\task180.onnx,E:\kagglegolf\data\interim\onnx_surgery\GOLF_20260608_029_seddik_surgery_6272\task180.onnx,6,6,5,5,922,922,0,0,0,0,False,unchanged,
E:\kagglegolf\submissions\candidates\GOLF_20260608_025_kojimar_6272_full_replace\onnx\task181.onnx,E:\kagglegolf\data\interim\onnx_surgery\GOLF_20260608_029_seddik_surgery_6272\task181.onnx,21,21,21,21,86,86,0,0,0,0,False,unchanged,
E:\kagglegolf\submissions\candidates\GOLF_20260608_025_kojimar_6272_full_replace\onnx\task182.onnx,E:\kagglegolf\data\interim\onnx_surgery\GOLF_20260608_029_seddik_surgery_6272\task182.onnx,168,168,40,40,1039,1039,0,0,0,0,False,unchanged,
E:\kagglegolf\submissions\candidates\GOLF_20260608_025_kojimar_6272_full_replace\onnx\task183.onnx,E:\kagglegolf\data\interim\onnx_surgery\GOLF_20260608_029_seddik_surgery_6272\task183.onnx,55,55,8,8,28,28,0,0,0,0,False,unchanged,
E:\kagglegolf\submissions\candidates\GOLF_20260608_025_kojimar_6272_full_replace\onnx\task184.onnx,E:\kagglegolf\data\interim\onnx_surgery\GOLF_20260608_029_seddik_surgery_6272\task184.onnx,71,71,20,20,9975,9975,0,0,0,0,False,unchanged,
E:\kagglegolf\submissions\candidates\GOLF_20260608_025_kojimar_6272_full_replace\onnx\task185.onnx,E:\kagglegolf\data\interim\onnx_surgery\GOLF_20260608_029_seddik_surgery_6272\task185.onnx,242,242,19,19,67,67,0,0,0,0,False,unchanged,
E:\kagglegolf\submissions\candidates\GOLF_20260608_025_kojimar_6272_full_replace\onnx\task186.onnx,E:\kagglegolf\data\interim\onnx_surgery\GOLF_20260608_029_seddik_surgery_6272\task186.onnx,11,11,5,5,46,46,0,0,0,0,False,unchanged,
E:\kagglegolf\submissions\candidates\GOLF_20260608_025_kojimar_6272_full_replace\onnx\task187.onnx,E:\kagglegolf\data\interim\onnx_surgery\GOLF_20260608_029_seddik_surgery_6272\task187.onnx,85,85,13,13,912,912,0,0,0,0,False,unchanged,
E:\kagglegolf\submissions\candidates\GOLF_20260608_025_kojimar_6272_full_replace\onnx\task188.onnx,E:\kagglegolf\data\interim\onnx_surgery\GOLF_20260608_029_seddik_surgery_6272\task188.onnx,41,41,15,15,48,48,0,0,0,0,False,unchanged,
E:\kagglegolf\submissions\candidates\GOLF_20260608_025_kojimar_6272_full_replace\onnx\task189.onnx,E:\kagglegolf\data\interim\onnx_surgery\GOLF_20260608_029_seddik_surgery_6272\task189.onnx,110,110,54,54,259,259,0,0,0,0,False,unchanged,
E:\kagglegolf\submissions\candidates\GOLF_20260608_025_kojimar_6272_full_replace\onnx\task190.onnx,E:\kagglegolf\data\interim\onnx_surgery\GOLF_20260608_029_seddik_surgery_6272\task190.onnx,63,63,40,40,178,178,0,0,0,0,False,unchanged,
E:\kagglegolf\submissions\candidates\GOLF_20260608_025_kojimar_6272_full_replace\onnx\task191.onnx,E:\kagglegolf\data\interim\onnx_surgery\GOLF_20260608_029_seddik_surgery_6272\task191.onnx,200,200,28,28,487,487,0,0,0,0,False,unchanged,
E:\kagglegolf\submissions\candidates\GOLF_20260608_025_kojimar_6272_full_replace\onnx\task192.onnx,E:\kagglegolf\data\interim\onnx_surgery\GOLF_20260608_029_seddik_surgery_6272\task192.onnx,17,17,10,10,70,70,0,0,0,0,False,unchanged,
E:\kagglegolf\submissions\candidates\GOLF_20260608_025_kojimar_6272_full_replace\onnx\task193.onnx,E:\kagglegolf\data\interim\onnx_surgery\GOLF_20260608_029_seddik_surgery_6272\task193.onnx,14,14,12,12,61,61,0,0,0,0,False,unchanged,
E:\kagglegolf\submissions\candidates\GOLF_20260608_025_kojimar_6272_full_replace\onnx\task194.onnx,E:\kagglegolf\data\interim\onnx_surgery\GOLF_20260608_029_seddik_surgery_6272\task194.onnx,1,1,1,1,1800,1800,0,0,0,0,False,unchanged,
E:\kagglegolf\submissions\candidates\GOLF_20260608_025_kojimar_6272_full_replace\onnx\task195.onnx,E:\kagglegolf\data\interim\onnx_surgery\GOLF_20260608_029_seddik_surgery_6272\task195.onnx,33,33,10,10,1919,1919,0,0,0,0,False,unchanged,
E:\kagglegolf\submissions\candidates\GOLF_20260608_025_kojimar_6272_full_replace\onnx\task196.onnx,E:\kagglegolf\data\interim\onnx_surgery\GOLF_20260608_029_seddik_surgery_6272\task196.onnx,31,31,13,13,66,66,0,0,0,0,False,unchanged,
E:\kagglegolf\submissions\candidates\GOLF_20260608_025_kojimar_6272_full_replace\onnx\task197.onnx,E:\kagglegolf\data\interim\onnx_surgery\GOLF_20260608_029_seddik_surgery_6272\task197.onnx,18,18,7,7,16,16,0,0,0,0,False,unchanged,
E:\kagglegolf\submissions\candidates\GOLF_20260608_025_kojimar_6272_full_replace\onnx\task198.onnx,E:\kagglegolf\data\interim\onnx_surgery\GOLF_20260608_029_seddik_surgery_6272\task198.onnx,51,51,14,14,913,913,0,0,0,0,False,unchanged,
E:\kagglegolf\submissions\candidates\GOLF_20260608_025_kojimar_6272_full_replace\onnx\task199.onnx,E:\kagglegolf\data\interim\onnx_surgery\GOLF_20260608_029_seddik_surgery_6272\task199.onnx,22,22,14,14,54,54,0,0,0,0,False,unchanged,
E:\kagglegolf\submissions\candidates\GOLF_20260608_025_kojimar_6272_full_replace\onnx\task200.onnx,E:\kagglegolf\data\interim\onnx_surgery\GOLF_20260608_029_seddik_surgery_6272\task200.onnx,38,38,17,17,54,54,0,0,0,0,False,unchanged,
E:\kagglegolf\submissions\candidates\GOLF_20260608_025_kojimar_6272_full_replace\onnx\task201.onnx,E:\kagglegolf\data\interim\onnx_surgery\GOLF_20260608_029_seddik_surgery_6272\task201.onnx,135,135,20,20,308,308,0,0,0,0,False,unchanged,
E:\kagglegolf\submissions\candidates\GOLF_20260608_025_kojimar_6272_full_replace\onnx\task202.onnx,E:\kagglegolf\data\interim\onnx_surgery\GOLF_20260608_029_seddik_surgery_6272\task202.onnx,31,31,5,5,14,14,0,0,0,0,False,unchanged,
E:\kagglegolf\submissions\candidates\GOLF_20260608_025_kojimar_6272_full_replace\onnx\task203.onnx,E:\kagglegolf\data\interim\onnx_surgery\GOLF_20260608_029_seddik_surgery_6272\task203.onnx,36,36,15,15,690,690,0,0,0,0,False,unchanged,
E:\kagglegolf\submissions\candidates\GOLF_20260608_025_kojimar_6272_full_replace\onnx\task204.onnx,E:\kagglegolf\data\interim\onnx_surgery\GOLF_20260608_029_seddik_surgery_6272\task204.onnx,73,73,21,21,1246,1246,0,0,0,0,False,unchanged,
E:\kagglegolf\submissions\candidates\GOLF_20260608_025_kojimar_6272_full_replace\onnx\task205.onnx,E:\kagglegolf\data\interim\onnx_surgery\GOLF_20260608_029_seddik_surgery_6272\task205.onnx,416,416,76,76,1722,1722,0,0,0,0,False,unchanged,
E:\kagglegolf\submissions\candidates\GOLF_20260608_025_kojimar_6272_full_replace\onnx\task206.onnx,E:\kagglegolf\data\interim\onnx_surgery\GOLF_20260608_029_seddik_surgery_6272\task206.onnx,39,39,15,15,91,90,0,0,1,1,True,rewritten,
E:\kagglegolf\submissions\candidates\GOLF_20260608_025_kojimar_6272_full_replace\onnx\task207.onnx,E:\kagglegolf\data\interim\onnx_surgery\GOLF_20260608_029_seddik_surgery_6272\task207.onnx,25,25,15,15,35,35,0,0,0,0,False,unchanged,
E:\kagglegolf\submissions\candidates\GOLF_20260608_025_kojimar_6272_full_replace\onnx\task208.onnx,E:\kagglegolf\data\interim\onnx_surgery\GOLF_20260608_029_seddik_surgery_6272\task208.onnx,196,196,39,39,522,522,0,0,0,0,False,unchanged,
E:\kagglegolf\submissions\candidates\GOLF_20260608_025_kojimar_6272_full_replace\onnx\task209.onnx,E:\kagglegolf\data\interim\onnx_surgery\GOLF_20260608_029_seddik_surgery_6272\task209.onnx,200,200,26,26,165,165,0,0,0,0,False,unchanged,
E:\kagglegolf\submissions\candidates\GOLF_20260608_025_kojimar_6272_full_replace\onnx\task210.onnx,E:\kagglegolf\data\interim\onnx_surgery\GOLF_20260608_029_seddik_surgery_6272\task210.onnx,1,1,1,1,30,30,0,0,0,0,False,unchanged,
E:\kagglegolf\submissions\candidates\GOLF_20260608_025_kojimar_6272_full_replace\onnx\task211.onnx,E:\kagglegolf\data\interim\onnx_surgery\GOLF_20260608_029_seddik_surgery_6272\task211.onnx,1,1,1,1,1800,1800,0,0,0,0,False,unchanged,
E:\kagglegolf\submissions\candidates\GOLF_20260608_025_kojimar_6272_full_replace\onnx\task212.onnx,E:\kagglegolf\data\interim\onnx_surgery\GOLF_20260608_029_seddik_surgery_6272\task212.onnx,53,53,16,16,138,138,0,0,0,0,False,unchanged,
E:\kagglegolf\submissions\candidates\GOLF_20260608_025_kojimar_6272_full_replace\onnx\task213.onnx,E:\kagglegolf\data\interim\onnx_surgery\GOLF_20260608_029_seddik_surgery_6272\task213.onnx,392,392,25,25,140,140,0,0,0,0,False,unchanged,
E:\kagglegolf\submissions\candidates\GOLF_20260608_025_kojimar_6272_full_replace\onnx\task214.onnx,E:\kagglegolf\data\interim\onnx_surgery\GOLF_20260608_029_seddik_surgery_6272\task214.onnx,1,1,1,1,1800,1800,0,0,0,0,False,unchanged,
E:\kagglegolf\submissions\candidates\GOLF_20260608_025_kojimar_6272_full_replace\onnx\task215.onnx,E:\kagglegolf\data\interim\onnx_surgery\GOLF_20260608_029_seddik_surgery_6272\task215.onnx,21,21,7,7,112,112,0,0,0,0,False,unchanged,
E:\kagglegolf\submissions\candidates\GOLF_20260608_025_kojimar_6272_full_replace\onnx\task216.onnx,E:\kagglegolf\data\interim\onnx_surgery\GOLF_20260608_029_seddik_surgery_6272\task216.onnx,268,268,10,10,100,100,0,0,0,0,False,unchanged,
E:\kagglegolf\submissions\candidates\GOLF_20260608_025_kojimar_6272_full_replace\onnx\task217.onnx,E:\kagglegolf\data\interim\onnx_surgery\GOLF_20260608_029_seddik_surgery_6272\task217.onnx,18,18,5,5,23,23,0,0,0,0,False,unchanged,
E:\kagglegolf\submissions\candidates\GOLF_20260608_025_kojimar_6272_full_replace\onnx\task218.onnx,E:\kagglegolf\data\interim\onnx_surgery\GOLF_20260608_029_seddik_surgery_6272\task218.onnx,137,137,21,21,44,44,0,0,0,0,False,unchanged,
E:\kagglegolf\submissions\candidates\GOLF_20260608_025_kojimar_6272_full_replace\onnx\task219.onnx,E:\kagglegolf\data\interim\onnx_surgery\GOLF_20260608_029_seddik_surgery_6272\task219.onnx,420,420,34,34,97,97,0,0,0,0,False,unchanged,
E:\kagglegolf\submissions\candidates\GOLF_20260608_025_kojimar_6272_full_replace\onnx\task220.onnx,E:\kagglegolf\data\interim\onnx_surgery\GOLF_20260608_029_seddik_surgery_6272\task220.onnx,1,1,1,1,900,900,0,0,0,0,False,unchanged,
E:\kagglegolf\submissions\candidates\GOLF_20260608_025_kojimar_6272_full_replace\onnx\task221.onnx,E:\kagglegolf\data\interim\onnx_surgery\GOLF_20260608_029_seddik_surgery_6272\task221.onnx,28,28,26,26,5028,5028,0,0,0,0,False,unchanged,
E:\kagglegolf\submissions\candidates\GOLF_20260608_025_kojimar_6272_full_replace\onnx\task222.onnx,E:\kagglegolf\data\interim\onnx_surgery\GOLF_20260608_029_seddik_surgery_6272\task222.onnx,21,21,11,11,87,87,0,0,0,0,False,unchanged,
E:\kagglegolf\submissions\candidates\GOLF_20260608_025_kojimar_6272_full_replace\onnx\task223.onnx,E:\kagglegolf\data\interim\onnx_surgery\GOLF_20260608_029_seddik_surgery_6272\task223.onnx,1,1,1,1,1800,1800,0,0,0,0,False,unchanged,
E:\kagglegolf\submissions\candidates\GOLF_20260608_025_kojimar_6272_full_replace\onnx\task224.onnx,E:\kagglegolf\data\interim\onnx_surgery\GOLF_20260608_029_seddik_surgery_6272\task224.onnx,55,55,17,17,182,182,0,0,0,0,False,unchanged,
E:\kagglegolf\submissions\candidates\GOLF_20260608_025_kojimar_6272_full_replace\onnx\task225.onnx,E:\kagglegolf\data\interim\onnx_surgery\GOLF_20260608_029_seddik_surgery_6272\task225.onnx,40,40,24,24,650,650,0,0,0,0,False,unchanged,
E:\kagglegolf\submissions\candidates\GOLF_20260608_025_kojimar_6272_full_replace\onnx\task226.onnx,E:\kagglegolf\data\interim\onnx_surgery\GOLF_20260608_029_seddik_surgery_6272\task226.onnx,39,39,15,15,151,151,0,0,0,0,False,unchanged,
E:\kagglegolf\submissions\candidates\GOLF_20260608_025_kojimar_6272_full_replace\onnx\task227.onnx,E:\kagglegolf\data\interim\onnx_surgery\GOLF_20260608_029_seddik_surgery_6272\task227.onnx,14,14,10,10,47,47,0,0,0,0,False,unchanged,
E:\kagglegolf\submissions\candidates\GOLF_20260608_025_kojimar_6272_full_replace\onnx\task228.onnx,E:\kagglegolf\data\interim\onnx_surgery\GOLF_20260608_029_seddik_surgery_6272\task228.onnx,61,61,15,15,78,78,0,0,0,0,False,unchanged,
E:\kagglegolf\submissions\candidates\GOLF_20260608_025_kojimar_6272_full_replace\onnx\task229.onnx,E:\kagglegolf\data\interim\onnx_surgery\GOLF_20260608_029_seddik_surgery_6272\task229.onnx,14,14,12,12,45,45,0,0,0,0,False,unchanged,
E:\kagglegolf\submissions\candidates\GOLF_20260608_025_kojimar_6272_full_replace\onnx\task230.onnx,E:\kagglegolf\data\interim\onnx_surgery\GOLF_20260608_029_seddik_surgery_6272\task230.onnx,1,1,1,1,900,900,0,0,0,0,False,unchanged,
E:\kagglegolf\submissions\candidates\GOLF_20260608_025_kojimar_6272_full_replace\onnx\task231.onnx,E:\kagglegolf\data\interim\onnx_surgery\GOLF_20260608_029_seddik_surgery_6272\task231.onnx,50,50,12,12,101,101,0,0,0,0,False,unchanged,
E:\kagglegolf\submissions\candidates\GOLF_20260608_025_kojimar_6272_full_replace\onnx\task232.onnx,E:\kagglegolf\data\interim\onnx_surgery\GOLF_20260608_029_seddik_surgery_6272\task232.onnx,29,29,14,14,69,69,0,0,0,0,False,unchanged,
E:\kagglegolf\submissions\candidates\GOLF_20260608_025_kojimar_6272_full_replace\onnx\task233.onnx,E:\kagglegolf\data\interim\onnx_surgery\GOLF_20260608_029_seddik_surgery_6272\task233.onnx,2420,2420,91,91,10142,10142,0,0,0,0,False,reverted,"InferenceError: [ShapeInferenceError] Inference error(s): (op_type:Greater, node name: used_init_b): [ShapeInferenceError] Inferred shape and existing shape differ in rank: (0) vs (4)
"
E:\kagglegolf\submissions\candidates\GOLF_20260608_025_kojimar_6272_full_replace\onnx\task234.onnx,E:\kagglegolf\data\interim\onnx_surgery\GOLF_20260608_029_seddik_surgery_6272\task234.onnx,58,58,14,14,82,82,0,0,0,0,False,unchanged,
E:\kagglegolf\submissions\candidates\GOLF_20260608_025_kojimar_6272_full_replace\onnx\task235.onnx,E:\kagglegolf\data\interim\onnx_surgery\GOLF_20260608_029_seddik_surgery_6272\task235.onnx,35,35,19,19,114,114,0,0,0,0,False,unchanged,
E:\kagglegolf\submissions\candidates\GOLF_20260608_025_kojimar_6272_full_replace\onnx\task236.onnx,E:\kagglegolf\data\interim\onnx_surgery\GOLF_20260608_029_seddik_surgery_6272\task236.onnx,11,11,0,0,0,0,0,0,0,0,False,unchanged,
E:\kagglegolf\submissions\candidates\GOLF_20260608_025_kojimar_6272_full_replace\onnx\task237.onnx,E:\kagglegolf\data\interim\onnx_surgery\GOLF_20260608_029_seddik_surgery_6272\task237.onnx,25,25,11,11,41,41,0,0,0,0,False,unchanged,
E:\kagglegolf\submissions\candidates\GOLF_20260608_025_kojimar_6272_full_replace\onnx\task238.onnx,E:\kagglegolf\data\interim\onnx_surgery\GOLF_20260608_029_seddik_surgery_6272\task238.onnx,102,102,38,38,1447,1447,0,0,0,0,False,unchanged,
E:\kagglegolf\submissions\candidates\GOLF_20260608_025_kojimar_6272_full_replace\onnx\task239.onnx,E:\kagglegolf\data\interim\onnx_surgery\GOLF_20260608_029_seddik_surgery_6272\task239.onnx,32,32,19,19,386,386,0,0,0,0,False,unchanged,
E:\kagglegolf\submissions\candidates\GOLF_20260608_025_kojimar_6272_full_replace\onnx\task240.onnx,E:\kagglegolf\data\interim\onnx_surgery\GOLF_20260608_029_seddik_surgery_6272\task240.onnx,11,11,11,11,13735,13735,0,0,0,0,False,unchanged,
E:\kagglegolf\submissions\candidates\GOLF_20260608_025_kojimar_6272_full_replace\onnx\task241.onnx,E:\kagglegolf\data\interim\onnx_surgery\GOLF_20260608_029_seddik_surgery_6272\task241.onnx,1,1,0,0,0,0,0,0,0,0,False,unchanged,
E:\kagglegolf\submissions\candidates\GOLF_20260608_025_kojimar_6272_full_replace\onnx\task242.onnx,E:\kagglegolf\data\interim\onnx_surgery\GOLF_20260608_029_seddik_surgery_6272\task242.onnx,14,14,7,7,45,45,0,0,0,0,False,unchanged,
E:\kagglegolf\submissions\candidates\GOLF_20260608_025_kojimar_6272_full_replace\onnx\task243.onnx,E:\kagglegolf\data\interim\onnx_surgery\GOLF_20260608_029_seddik_surgery_6272\task243.onnx,135,135,26,26,102,102,0,0,0,0,False,unchanged,
E:\kagglegolf\submissions\candidates\GOLF_20260608_025_kojimar_6272_full_replace\onnx\task244.onnx,E:\kagglegolf\data\interim\onnx_surgery\GOLF_20260608_029_seddik_surgery_6272\task244.onnx,66,66,31,31,85,85,0,0,0,0,False,unchanged,
E:\kagglegolf\submissions\candidates\GOLF_20260608_025_kojimar_6272_full_replace\onnx\task245.onnx,E:\kagglegolf\data\interim\onnx_surgery\GOLF_20260608_029_seddik_surgery_6272\task245.onnx,37,37,18,15,99,96,0,3,0,3,True,rewritten,
E:\kagglegolf\submissions\candidates\GOLF_20260608_025_kojimar_6272_full_replace\onnx\task246.onnx,E:\kagglegolf\data\interim\onnx_surgery\GOLF_20260608_029_seddik_surgery_6272\task246.onnx,31,31,11,11,431,431,0,0,0,0,False,unchanged,
E:\kagglegolf\submissions\candidates\GOLF_20260608_025_kojimar_6272_full_replace\onnx\task247.onnx,E:\kagglegolf\data\interim\onnx_surgery\GOLF_20260608_029_seddik_surgery_6272\task247.onnx,23,23,7,7,26,26,0,0,0,0,False,unchanged,
E:\kagglegolf\submissions\candidates\GOLF_20260608_025_kojimar_6272_full_replace\onnx\task248.onnx,E:\kagglegolf\data\interim\onnx_surgery\GOLF_20260608_029_seddik_surgery_6272\task248.onnx,10,10,6,6,1812,1812,0,0,0,0,False,unchanged,
E:\kagglegolf\submissions\candidates\GOLF_20260608_025_kojimar_6272_full_replace\onnx\task249.onnx,E:\kagglegolf\data\interim\onnx_surgery\GOLF_20260608_029_seddik_surgery_6272\task249.onnx,19,19,13,13,322,322,0,0,0,0,False,unchanged,
E:\kagglegolf\submissions\candidates\GOLF_20260608_025_kojimar_6272_full_replace\onnx\task250.onnx,E:\kagglegolf\data\interim\onnx_surgery\GOLF_20260608_029_seddik_surgery_6272\task250.onnx,129,129,18,18,68,68,0,0,0,0,False,unchanged,
E:\kagglegolf\submissions\candidates\GOLF_20260608_025_kojimar_6272_full_replace\onnx\task251.onnx,E:\kagglegolf\data\interim\onnx_surgery\GOLF_20260608_029_seddik_surgery_6272\task251.onnx,53,53,13,13,20,20,0,0,0,0,False,unchanged,
E:\kagglegolf\submissions\candidates\GOLF_20260608_025_kojimar_6272_full_replace\onnx\task252.onnx,E:\kagglegolf\data\interim\onnx_surgery\GOLF_20260608_029_seddik_surgery_6272\task252.onnx,38,38,19,19,262,262,0,0,0,0,False,unchanged,
E:\kagglegolf\submissions\candidates\GOLF_20260608_025_kojimar_6272_full_replace\onnx\task253.onnx,E:\kagglegolf\data\interim\onnx_surgery\GOLF_20260608_029_seddik_surgery_6272\task253.onnx,17,17,13,13,439,439,0,0,0,0,False,unchanged,
E:\kagglegolf\submissions\candidates\GOLF_20260608_025_kojimar_6272_full_replace\onnx\task254.onnx,E:\kagglegolf\data\interim\onnx_surgery\GOLF_20260608_029_seddik_surgery_6272\task254.onnx,49,49,27,27,158,158,0,0,0,0,False,unchanged,
E:\kagglegolf\submissions\candidates\GOLF_20260608_025_kojimar_6272_full_replace\onnx\task255.onnx,E:\kagglegolf\data\interim\onnx_surgery\GOLF_20260608_029_seddik_surgery_6272\task255.onnx,174,174,30,30,142628,141729,0,0,1,899,True,rewritten,
E:\kagglegolf\submissions\candidates\GOLF_20260608_025_kojimar_6272_full_replace\onnx\task256.onnx,E:\kagglegolf\data\interim\onnx_surgery\GOLF_20260608_029_seddik_surgery_6272\task256.onnx,40,40,16,16,59,59,0,0,0,0,False,unchanged,
E:\kagglegolf\submissions\candidates\GOLF_20260608_025_kojimar_6272_full_replace\onnx\task257.onnx,E:\kagglegolf\data\interim\onnx_surgery\GOLF_20260608_029_seddik_surgery_6272\task257.onnx,20,20,11,11,53,53,0,0,0,0,False,unchanged,
E:\kagglegolf\submissions\candidates\GOLF_20260608_025_kojimar_6272_full_replace\onnx\task258.onnx,E:\kagglegolf\data\interim\onnx_surgery\GOLF_20260608_029_seddik_surgery_6272\task258.onnx,1,1,2,2,160,160,0,0,0,0,False,unchanged,
E:\kagglegolf\submissions\candidates\GOLF_20260608_025_kojimar_6272_full_replace\onnx\task259.onnx,E:\kagglegolf\data\interim\onnx_surgery\GOLF_20260608_029_seddik_surgery_6272\task259.onnx,30,30,15,15,50,50,0,0,0,0,False,unchanged,
E:\kagglegolf\submissions\candidates\GOLF_20260608_025_kojimar_6272_full_replace\onnx\task260.onnx,E:\kagglegolf\data\interim\onnx_surgery\GOLF_20260608_029_seddik_surgery_6272\task260.onnx,28,28,14,14,141,141,0,0,0,0,False,unchanged,
E:\kagglegolf\submissions\candidates\GOLF_20260608_025_kojimar_6272_full_replace\onnx\task261.onnx,E:\kagglegolf\data\interim\onnx_surgery\GOLF_20260608_029_seddik_surgery_6272\task261.onnx,1,1,1,1,200,200,0,0,0,0,False,unchanged,
E:\kagglegolf\submissions\candidates\GOLF_20260608_025_kojimar_6272_full_replace\onnx\task262.onnx,E:\kagglegolf\data\interim\onnx_surgery\GOLF_20260608_029_seddik_surgery_6272\task262.onnx,8,8,10,10,26,26,0,0,0,0,False,unchanged,
E:\kagglegolf\submissions\candidates\GOLF_20260608_025_kojimar_6272_full_replace\onnx\task263.onnx,E:\kagglegolf\data\interim\onnx_surgery\GOLF_20260608_029_seddik_surgery_6272\task263.onnx,158,158,27,27,52,52,0,0,0,0,False,unchanged,
E:\kagglegolf\submissions\candidates\GOLF_20260608_025_kojimar_6272_full_replace\onnx\task264.onnx,E:\kagglegolf\data\interim\onnx_surgery\GOLF_20260608_029_seddik_surgery_6272\task264.onnx,46,46,17,17,2172,2172,0,0,0,0,False,unchanged,
E:\kagglegolf\submissions\candidates\GOLF_20260608_025_kojimar_6272_full_replace\onnx\task265.onnx,E:\kagglegolf\data\interim\onnx_surgery\GOLF_20260608_029_seddik_surgery_6272\task265.onnx,32,32,11,11,129,129,0,0,0,0,False,unchanged,
E:\kagglegolf\submissions\candidates\GOLF_20260608_025_kojimar_6272_full_replace\onnx\task266.onnx,E:\kagglegolf\data\interim\onnx_surgery\GOLF_20260608_029_seddik_surgery_6272\task266.onnx,1,1,2,2,910,910,0,0,0,0,False,unchanged,
E:\kagglegolf\submissions\candidates\GOLF_20260608_025_kojimar_6272_full_replace\onnx\task267.onnx,E:\kagglegolf\data\interim\onnx_surgery\GOLF_20260608_029_seddik_surgery_6272\task267.onnx,11,11,13,13,95,47,0,0,1,48,True,rewritten,
E:\kagglegolf\submissions\candidates\GOLF_20260608_025_kojimar_6272_full_replace\onnx\task268.onnx,E:\kagglegolf\data\interim\onnx_surgery\GOLF_20260608_029_seddik_surgery_6272\task268.onnx,180,180,29,29,98,98,0,0,0,0,False,unchanged,
E:\kagglegolf\submissions\candidates\GOLF_20260608_025_kojimar_6272_full_replace\onnx\task269.onnx,E:\kagglegolf\data\interim\onnx_surgery\GOLF_20260608_029_seddik_surgery_6272\task269.onnx,31,31,18,18,96,96,0,0,0,0,False,unchanged,
E:\kagglegolf\submissions\candidates\GOLF_20260608_025_kojimar_6272_full_replace\onnx\task270.onnx,E:\kagglegolf\data\interim\onnx_surgery\GOLF_20260608_029_seddik_surgery_6272\task270.onnx,96,96,23,23,1185,1185,0,0,0,0,False,unchanged,
E:\kagglegolf\submissions\candidates\GOLF_20260608_025_kojimar_6272_full_replace\onnx\task271.onnx,E:\kagglegolf\data\interim\onnx_surgery\GOLF_20260608_029_seddik_surgery_6272\task271.onnx,22,22,10,10,63,63,0,0,0,0,False,unchanged,
E:\kagglegolf\submissions\candidates\GOLF_20260608_025_kojimar_6272_full_replace\onnx\task272.onnx,E:\kagglegolf\data\interim\onnx_surgery\GOLF_20260608_029_seddik_surgery_6272\task272.onnx,1,1,2,2,460,460,0,0,0,0,False,unchanged,
E:\kagglegolf\submissions\candidates\GOLF_20260608_025_kojimar_6272_full_replace\onnx\task273.onnx,E:\kagglegolf\data\interim\onnx_surgery\GOLF_20260608_029_seddik_surgery_6272\task273.onnx,21,21,13,13,37,37,0,0,0,0,False,unchanged,
E:\kagglegolf\submissions\candidates\GOLF_20260608_025_kojimar_6272_full_replace\onnx\task274.onnx,E:\kagglegolf\data\interim\onnx_surgery\GOLF_20260608_029_seddik_surgery_6272\task274.onnx,16,16,11,11,389,389,0,0,0,0,False,unchanged,
E:\kagglegolf\submissions\candidates\GOLF_20260608_025_kojimar_6272_full_replace\onnx\task275.onnx,E:\kagglegolf\data\interim\onnx_surgery\GOLF_20260608_029_seddik_surgery_6272\task275.onnx,253,253,26,26,2773,2773,0,0,0,0,False,unchanged,
E:\kagglegolf\submissions\candidates\GOLF_20260608_025_kojimar_6272_full_replace\onnx\task276.onnx,E:\kagglegolf\data\interim\onnx_surgery\GOLF_20260608_029_seddik_surgery_6272\task276.onnx,1,1,1,1,10,10,0,0,0,0,False,unchanged,
E:\kagglegolf\submissions\candidates\GOLF_20260608_025_kojimar_6272_full_replace\onnx\task277.onnx,E:\kagglegolf\data\interim\onnx_surgery\GOLF_20260608_029_seddik_surgery_6272\task277.onnx,60,60,17,17,250,250,0,0,0,0,False,unchanged,
E:\kagglegolf\submissions\candidates\GOLF_20260608_025_kojimar_6272_full_replace\onnx\task278.onnx,E:\kagglegolf\data\interim\onnx_surgery\GOLF_20260608_029_seddik_surgery_6272\task278.onnx,16,16,12,12,362,362,0,0,0,0,False,unchanged,
E:\kagglegolf\submissions\candidates\GOLF_20260608_025_kojimar_6272_full_replace\onnx\task279.onnx,E:\kagglegolf\data\interim\onnx_surgery\GOLF_20260608_029_seddik_surgery_6272\task279.onnx,52,52,10,10,1186,1186,0,0,0,0,False,unchanged,
E:\kagglegolf\submissions\candidates\GOLF_20260608_025_kojimar_6272_full_replace\onnx\task280.onnx,E:\kagglegolf\data\interim\onnx_surgery\GOLF_20260608_029_seddik_surgery_6272\task280.onnx,144,144,16,16,880,880,0,0,0,0,False,unchanged,
E:\kagglegolf\submissions\candidates\GOLF_20260608_025_kojimar_6272_full_replace\onnx\task281.onnx,E:\kagglegolf\data\interim\onnx_surgery\GOLF_20260608_029_seddik_surgery_6272\task281.onnx,61,61,15,15,987,987,0,0,0,0,False,unchanged,
E:\kagglegolf\submissions\candidates\GOLF_20260608_025_kojimar_6272_full_replace\onnx\task282.onnx,E:\kagglegolf\data\interim\onnx_surgery\GOLF_20260608_029_seddik_surgery_6272\task282.onnx,1,1,1,1,900,900,0,0,0,0,False,unchanged,
E:\kagglegolf\submissions\candidates\GOLF_20260608_025_kojimar_6272_full_replace\onnx\task283.onnx,E:\kagglegolf\data\interim\onnx_surgery\GOLF_20260608_029_seddik_surgery_6272\task283.onnx,1,1,2,2,910,910,0,0,0,0,False,unchanged,
E:\kagglegolf\submissions\candidates\GOLF_20260608_025_kojimar_6272_full_replace\onnx\task284.onnx,E:\kagglegolf\data\interim\onnx_surgery\GOLF_20260608_029_seddik_surgery_6272\task284.onnx,125,125,19,19,1976,1976,0,0,0,0,False,unchanged,
E:\kagglegolf\submissions\candidates\GOLF_20260608_025_kojimar_6272_full_replace\onnx\task285.onnx,E:\kagglegolf\data\interim\onnx_surgery\GOLF_20260608_029_seddik_surgery_6272\task285.onnx,279,279,50,50,4618,4618,0,0,0,0,False,unchanged,
E:\kagglegolf\submissions\candidates\GOLF_20260608_025_kojimar_6272_full_replace\onnx\task286.onnx,E:\kagglegolf\data\interim\onnx_surgery\GOLF_20260608_029_seddik_surgery_6272\task286.onnx,169,169,21,20,1303,1302,1,0,0,1,True,rewritten,
E:\kagglegolf\submissions\candidates\GOLF_20260608_025_kojimar_6272_full_replace\onnx\task287.onnx,E:\kagglegolf\data\interim\onnx_surgery\GOLF_20260608_029_seddik_surgery_6272\task287.onnx,22,22,13,13,38,38,0,0,0,0,False,unchanged,
E:\kagglegolf\submissions\candidates\GOLF_20260608_025_kojimar_6272_full_replace\onnx\task288.onnx,E:\kagglegolf\data\interim\onnx_surgery\GOLF_20260608_029_seddik_surgery_6272\task288.onnx,54,54,15,15,41,41,0,0,0,0,False,unchanged,
E:\kagglegolf\submissions\candidates\GOLF_20260608_025_kojimar_6272_full_replace\onnx\task289.onnx,E:\kagglegolf\data\interim\onnx_surgery\GOLF_20260608_029_seddik_surgery_6272\task289.onnx,24,24,17,17,80,80,0,0,0,0,False,unchanged,
E:\kagglegolf\submissions\candidates\GOLF_20260608_025_kojimar_6272_full_replace\onnx\task290.onnx,E:\kagglegolf\data\interim\onnx_surgery\GOLF_20260608_029_seddik_surgery_6272\task290.onnx,32,32,14,14,94,94,0,0,0,0,False,unchanged,
E:\kagglegolf\submissions\candidates\GOLF_20260608_025_kojimar_6272_full_replace\onnx\task291.onnx,E:\kagglegolf\data\interim\onnx_surgery\GOLF_20260608_029_seddik_surgery_6272\task291.onnx,22,22,9,9,931,931,0,0,0,0,False,unchanged,
E:\kagglegolf\submissions\candidates\GOLF_20260608_025_kojimar_6272_full_replace\onnx\task292.onnx,E:\kagglegolf\data\interim\onnx_surgery\GOLF_20260608_029_seddik_surgery_6272\task292.onnx,7,7,9,9,65,65,0,0,0,0,False,unchanged,
E:\kagglegolf\submissions\candidates\GOLF_20260608_025_kojimar_6272_full_replace\onnx\task293.onnx,E:\kagglegolf\data\interim\onnx_surgery\GOLF_20260608_029_seddik_surgery_6272\task293.onnx,52,52,20,20,496,496,0,0,0,0,False,unchanged,
E:\kagglegolf\submissions\candidates\GOLF_20260608_025_kojimar_6272_full_replace\onnx\task294.onnx,E:\kagglegolf\data\interim\onnx_surgery\GOLF_20260608_029_seddik_surgery_6272\task294.onnx,1,1,2,2,910,910,0,0,0,0,False,unchanged,
E:\kagglegolf\submissions\candidates\GOLF_20260608_025_kojimar_6272_full_replace\onnx\task295.onnx,E:\kagglegolf\data\interim\onnx_surgery\GOLF_20260608_029_seddik_surgery_6272\task295.onnx,22,22,11,11,65,65,0,0,0,0,False,unchanged,
E:\kagglegolf\submissions\candidates\GOLF_20260608_025_kojimar_6272_full_replace\onnx\task296.onnx,E:\kagglegolf\data\interim\onnx_surgery\GOLF_20260608_029_seddik_surgery_6272\task296.onnx,10,10,11,11,345,345,0,0,0,0,False,unchanged,
E:\kagglegolf\submissions\candidates\GOLF_20260608_025_kojimar_6272_full_replace\onnx\task297.onnx,E:\kagglegolf\data\interim\onnx_surgery\GOLF_20260608_029_seddik_surgery_6272\task297.onnx,24,24,17,17,95,95,0,0,0,0,False,unchanged,
E:\kagglegolf\submissions\candidates\GOLF_20260608_025_kojimar_6272_full_replace\onnx\task298.onnx,E:\kagglegolf\data\interim\onnx_surgery\GOLF_20260608_029_seddik_surgery_6272\task298.onnx,35,35,19,19,534,534,0,0,0,0,False,unchanged,
E:\kagglegolf\submissions\candidates\GOLF_20260608_025_kojimar_6272_full_replace\onnx\task299.onnx,E:\kagglegolf\data\interim\onnx_surgery\GOLF_20260608_029_seddik_surgery_6272\task299.onnx,21,21,8,8,62,62,0,0,0,0,False,unchanged,
E:\kagglegolf\submissions\candidates\GOLF_20260608_025_kojimar_6272_full_replace\onnx\task300.onnx,E:\kagglegolf\data\interim\onnx_surgery\GOLF_20260608_029_seddik_surgery_6272\task300.onnx,43,43,14,14,108,108,0,0,0,0,False,unchanged,
E:\kagglegolf\submissions\candidates\GOLF_20260608_025_kojimar_6272_full_replace\onnx\task301.onnx,E:\kagglegolf\data\interim\onnx_surgery\GOLF_20260608_029_seddik_surgery_6272\task301.onnx,48,48,11,11,1848,1848,0,0,0,0,False,unchanged,
E:\kagglegolf\submissions\candidates\GOLF_20260608_025_kojimar_6272_full_replace\onnx\task302.onnx,E:\kagglegolf\data\interim\onnx_surgery\GOLF_20260608_029_seddik_surgery_6272\task302.onnx,43,43,4,4,20,20,0,0,0,0,False,unchanged,
E:\kagglegolf\submissions\candidates\GOLF_20260608_025_kojimar_6272_full_replace\onnx\task303.onnx,E:\kagglegolf\data\interim\onnx_surgery\GOLF_20260608_029_seddik_surgery_6272\task303.onnx,8,8,4,4,310,310,0,0,0,0,False,unchanged,
E:\kagglegolf\submissions\candidates\GOLF_20260608_025_kojimar_6272_full_replace\onnx\task304.onnx,E:\kagglegolf\data\interim\onnx_surgery\GOLF_20260608_029_seddik_surgery_6272\task304.onnx,14,14,8,8,35,35,0,0,0,0,False,unchanged,
E:\kagglegolf\submissions\candidates\GOLF_20260608_025_kojimar_6272_full_replace\onnx\task305.onnx,E:\kagglegolf\data\interim\onnx_surgery\GOLF_20260608_029_seddik_surgery_6272\task305.onnx,6,6,4,4,284,284,0,0,0,0,False,unchanged,
E:\kagglegolf\submissions\candidates\GOLF_20260608_025_kojimar_6272_full_replace\onnx\task306.onnx,E:\kagglegolf\data\interim\onnx_surgery\GOLF_20260608_029_seddik_surgery_6272\task306.onnx,33,33,31,31,68,68,0,0,0,0,False,unchanged,
E:\kagglegolf\submissions\candidates\GOLF_20260608_025_kojimar_6272_full_replace\onnx\task307.onnx,E:\kagglegolf\data\interim\onnx_surgery\GOLF_20260608_029_seddik_surgery_6272\task307.onnx,1,1,1,1,1800,1800,0,0,0,0,False,unchanged,
E:\kagglegolf\submissions\candidates\GOLF_20260608_025_kojimar_6272_full_replace\onnx\task308.onnx,E:\kagglegolf\data\interim\onnx_surgery\GOLF_20260608_029_seddik_surgery_6272\task308.onnx,59,59,14,14,101,101,0,0,0,0,False,unchanged,
E:\kagglegolf\submissions\candidates\GOLF_20260608_025_kojimar_6272_full_replace\onnx\task309.onnx,E:\kagglegolf\data\interim\onnx_surgery\GOLF_20260608_029_seddik_surgery_6272\task309.onnx,1,1,1,1,10,10,0,0,0,0,False,unchanged,
E:\kagglegolf\submissions\candidates\GOLF_20260608_025_kojimar_6272_full_replace\onnx\task310.onnx,E:\kagglegolf\data\interim\onnx_surgery\GOLF_20260608_029_seddik_surgery_6272\task310.onnx,42,42,17,17,166,166,0,0,0,0,False,unchanged,
E:\kagglegolf\submissions\candidates\GOLF_20260608_025_kojimar_6272_full_replace\onnx\task311.onnx,E:\kagglegolf\data\interim\onnx_surgery\GOLF_20260608_029_seddik_surgery_6272\task311.onnx,1,1,1,1,30,30,0,0,0,0,False,unchanged,
E:\kagglegolf\submissions\candidates\GOLF_20260608_025_kojimar_6272_full_replace\onnx\task312.onnx,E:\kagglegolf\data\interim\onnx_surgery\GOLF_20260608_029_seddik_surgery_6272\task312.onnx,8,8,9,9,19,19,0,0,0,0,False,unchanged,
E:\kagglegolf\submissions\candidates\GOLF_20260608_025_kojimar_6272_full_replace\onnx\task313.onnx,E:\kagglegolf\data\interim\onnx_surgery\GOLF_20260608_029_seddik_surgery_6272\task313.onnx,34,34,12,12,4547,4547,0,0,0,0,False,unchanged,
E:\kagglegolf\submissions\candidates\GOLF_20260608_025_kojimar_6272_full_replace\onnx\task314.onnx,E:\kagglegolf\data\interim\onnx_surgery\GOLF_20260608_029_seddik_surgery_6272\task314.onnx,282,282,83,83,178,178,0,0,0,0,False,unchanged,
E:\kagglegolf\submissions\candidates\GOLF_20260608_025_kojimar_6272_full_replace\onnx\task315.onnx,E:\kagglegolf\data\interim\onnx_surgery\GOLF_20260608_029_seddik_surgery_6272\task315.onnx,9,9,9,9,39,39,0,0,0,0,False,unchanged,
E:\kagglegolf\submissions\candidates\GOLF_20260608_025_kojimar_6272_full_replace\onnx\task316.onnx,E:\kagglegolf\data\interim\onnx_surgery\GOLF_20260608_029_seddik_surgery_6272\task316.onnx,46,46,18,18,154,154,0,0,0,0,False,unchanged,
E:\kagglegolf\submissions\candidates\GOLF_20260608_025_kojimar_6272_full_replace\onnx\task317.onnx,E:\kagglegolf\data\interim\onnx_surgery\GOLF_20260608_029_seddik_surgery_6272\task317.onnx,1,1,1,1,900,900,0,0,0,0,False,unchanged,
E:\kagglegolf\submissions\candidates\GOLF_20260608_025_kojimar_6272_full_replace\onnx\task318.onnx,E:\kagglegolf\data\interim\onnx_surgery\GOLF_20260608_029_seddik_surgery_6272\task318.onnx,14,14,0,0,0,0,0,0,0,0,False,unchanged,
E:\kagglegolf\submissions\candidates\GOLF_20260608_025_kojimar_6272_full_replace\onnx\task319.onnx,E:\kagglegolf\data\interim\onnx_surgery\GOLF_20260608_029_seddik_surgery_6272\task319.onnx,66,66,24,24,101,101,0,0,0,0,False,unchanged,
E:\kagglegolf\submissions\candidates\GOLF_20260608_025_kojimar_6272_full_replace\onnx\task320.onnx,E:\kagglegolf\data\interim\onnx_surgery\GOLF_20260608_029_seddik_surgery_6272\task320.onnx,19,19,11,11,141,141,0,0,0,0,False,unchanged,
E:\kagglegolf\submissions\candidates\GOLF_20260608_025_kojimar_6272_full_replace\onnx\task321.onnx,E:\kagglegolf\data\interim\onnx_surgery\GOLF_20260608_029_seddik_surgery_6272\task321.onnx,22,22,10,10,35,35,0,0,0,0,False,unchanged,
E:\kagglegolf\submissions\candidates\GOLF_20260608_025_kojimar_6272_full_replace\onnx\task322.onnx,E:\kagglegolf\data\interim\onnx_surgery\GOLF_20260608_029_seddik_surgery_6272\task322.onnx,8,8,0,0,0,0,0,0,0,0,False,unchanged,
E:\kagglegolf\submissions\candidates\GOLF_20260608_025_kojimar_6272_full_replace\onnx\task323.onnx,E:\kagglegolf\data\interim\onnx_surgery\GOLF_20260608_029_seddik_surgery_6272\task323.onnx,10,10,5,5,645,645,0,0,0,0,False,unchanged,
E:\kagglegolf\submissions\candidates\GOLF_20260608_025_kojimar_6272_full_replace\onnx\task324.onnx,E:\kagglegolf\data\interim\onnx_surgery\GOLF_20260608_029_seddik_surgery_6272\task324.onnx,52,52,18,18,1672,1672,0,0,0,0,False,unchanged,
E:\kagglegolf\submissions\candidates\GOLF_20260608_025_kojimar_6272_full_replace\onnx\task325.onnx,E:\kagglegolf\data\interim\onnx_surgery\GOLF_20260608_029_seddik_surgery_6272\task325.onnx,39,39,22,22,1902,1902,0,0,0,0,False,unchanged,
E:\kagglegolf\submissions\candidates\GOLF_20260608_025_kojimar_6272_full_replace\onnx\task326.onnx,E:\kagglegolf\data\interim\onnx_surgery\GOLF_20260608_029_seddik_surgery_6272\task326.onnx,2,2,0,0,0,0,0,0,0,0,False,unchanged,
E:\kagglegolf\submissions\candidates\GOLF_20260608_025_kojimar_6272_full_replace\onnx\task327.onnx,E:\kagglegolf\data\interim\onnx_surgery\GOLF_20260608_029_seddik_surgery_6272\task327.onnx,18,18,8,8,22,22,0,0,0,0,False,unchanged,
E:\kagglegolf\submissions\candidates\GOLF_20260608_025_kojimar_6272_full_replace\onnx\task328.onnx,E:\kagglegolf\data\interim\onnx_surgery\GOLF_20260608_029_seddik_surgery_6272\task328.onnx,102,102,20,20,1126,1126,0,0,0,0,False,unchanged,
E:\kagglegolf\submissions\candidates\GOLF_20260608_025_kojimar_6272_full_replace\onnx\task329.onnx,E:\kagglegolf\data\interim\onnx_surgery\GOLF_20260608_029_seddik_surgery_6272\task329.onnx,21,21,10,10,46,46,0,0,0,0,False,unchanged,
E:\kagglegolf\submissions\candidates\GOLF_20260608_025_kojimar_6272_full_replace\onnx\task330.onnx,E:\kagglegolf\data\interim\onnx_surgery\GOLF_20260608_029_seddik_surgery_6272\task330.onnx,23,23,13,13,1133,1133,0,0,0,0,False,unchanged,
E:\kagglegolf\submissions\candidates\GOLF_20260608_025_kojimar_6272_full_replace\onnx\task331.onnx,E:\kagglegolf\data\interim\onnx_surgery\GOLF_20260608_029_seddik_surgery_6272\task331.onnx,1,1,2,2,910,910,0,0,0,0,False,unchanged,
E:\kagglegolf\submissions\candidates\GOLF_20260608_025_kojimar_6272_full_replace\onnx\task332.onnx,E:\kagglegolf\data\interim\onnx_surgery\GOLF_20260608_029_seddik_surgery_6272\task332.onnx,29,29,17,17,164,164,0,0,0,0,False,unchanged,
E:\kagglegolf\submissions\candidates\GOLF_20260608_025_kojimar_6272_full_replace\onnx\task333.onnx,E:\kagglegolf\data\interim\onnx_surgery\GOLF_20260608_029_seddik_surgery_6272\task333.onnx,55,55,19,19,53,53,0,0,0,0,False,unchanged,
E:\kagglegolf\submissions\candidates\GOLF_20260608_025_kojimar_6272_full_replace\onnx\task334.onnx,E:\kagglegolf\data\interim\onnx_surgery\GOLF_20260608_029_seddik_surgery_6272\task334.onnx,9,9,5,5,37,37,0,0,0,0,False,unchanged,
E:\kagglegolf\submissions\candidates\GOLF_20260608_025_kojimar_6272_full_replace\onnx\task335.onnx,E:\kagglegolf\data\interim\onnx_surgery\GOLF_20260608_029_seddik_surgery_6272\task335.onnx,36,36,11,11,93,93,0,0,0,0,False,unchanged,
E:\kagglegolf\submissions\candidates\GOLF_20260608_025_kojimar_6272_full_replace\onnx\task336.onnx,E:\kagglegolf\data\interim\onnx_surgery\GOLF_20260608_029_seddik_surgery_6272\task336.onnx,54,54,12,12,136,136,0,0,0,0,False,unchanged,
E:\kagglegolf\submissions\candidates\GOLF_20260608_025_kojimar_6272_full_replace\onnx\task337.onnx,E:\kagglegolf\data\interim\onnx_surgery\GOLF_20260608_029_seddik_surgery_6272\task337.onnx,1,1,1,1,10,10,0,0,0,0,False,unchanged,
E:\kagglegolf\submissions\candidates\GOLF_20260608_025_kojimar_6272_full_replace\onnx\task338.onnx,E:\kagglegolf\data\interim\onnx_surgery\GOLF_20260608_029_seddik_surgery_6272\task338.onnx,37,37,9,9,1816,1816,0,0,0,0,False,unchanged,
E:\kagglegolf\submissions\candidates\GOLF_20260608_025_kojimar_6272_full_replace\onnx\task339.onnx,E:\kagglegolf\data\interim\onnx_surgery\GOLF_20260608_029_seddik_surgery_6272\task339.onnx,12,12,11,11,108,108,0,0,0,0,False,unchanged,
E:\kagglegolf\submissions\candidates\GOLF_20260608_025_kojimar_6272_full_replace\onnx\task340.onnx,E:\kagglegolf\data\interim\onnx_surgery\GOLF_20260608_029_seddik_surgery_6272\task340.onnx,72,72,25,25,162,162,0,0,0,0,False,unchanged,
E:\kagglegolf\submissions\candidates\GOLF_20260608_025_kojimar_6272_full_replace\onnx\task341.onnx,E:\kagglegolf\data\interim\onnx_surgery\GOLF_20260608_029_seddik_surgery_6272\task341.onnx,101,101,52,52,289,289,0,0,0,0,False,unchanged,
E:\kagglegolf\submissions\candidates\GOLF_20260608_025_kojimar_6272_full_replace\onnx\task342.onnx,E:\kagglegolf\data\interim\onnx_surgery\GOLF_20260608_029_seddik_surgery_6272\task342.onnx,40,40,16,16,237,237,0,0,0,0,False,unchanged,
E:\kagglegolf\submissions\candidates\GOLF_20260608_025_kojimar_6272_full_replace\onnx\task343.onnx,E:\kagglegolf\data\interim\onnx_surgery\GOLF_20260608_029_seddik_surgery_6272\task343.onnx,92,92,15,15,368,368,0,0,0,0,False,unchanged,
E:\kagglegolf\submissions\candidates\GOLF_20260608_025_kojimar_6272_full_replace\onnx\task344.onnx,E:\kagglegolf\data\interim\onnx_surgery\GOLF_20260608_029_seddik_surgery_6272\task344.onnx,1,1,2,2,2510,2510,0,0,0,0,False,unchanged,
E:\kagglegolf\submissions\candidates\GOLF_20260608_025_kojimar_6272_full_replace\onnx\task345.onnx,E:\kagglegolf\data\interim\onnx_surgery\GOLF_20260608_029_seddik_surgery_6272\task345.onnx,89,89,23,23,1856,1856,0,0,0,0,False,unchanged,
E:\kagglegolf\submissions\candidates\GOLF_20260608_025_kojimar_6272_full_replace\onnx\task346.onnx,E:\kagglegolf\data\interim\onnx_surgery\GOLF_20260608_029_seddik_surgery_6272\task346.onnx,13,13,9,9,23,23,0,0,0,0,False,unchanged,
E:\kagglegolf\submissions\candidates\GOLF_20260608_025_kojimar_6272_full_replace\onnx\task347.onnx,E:\kagglegolf\data\interim\onnx_surgery\GOLF_20260608_029_seddik_surgery_6272\task347.onnx,13,13,0,0,0,0,0,0,0,0,False,unchanged,
E:\kagglegolf\submissions\candidates\GOLF_20260608_025_kojimar_6272_full_replace\onnx\task348.onnx,E:\kagglegolf\data\interim\onnx_surgery\GOLF_20260608_029_seddik_surgery_6272\task348.onnx,28,28,12,12,139,139,0,0,0,0,False,unchanged,
E:\kagglegolf\submissions\candidates\GOLF_20260608_025_kojimar_6272_full_replace\onnx\task349.onnx,E:\kagglegolf\data\interim\onnx_surgery\GOLF_20260608_029_seddik_surgery_6272\task349.onnx,19,19,10,10,3579,3579,0,0,0,0,False,unchanged,
E:\kagglegolf\submissions\candidates\GOLF_20260608_025_kojimar_6272_full_replace\onnx\task350.onnx,E:\kagglegolf\data\interim\onnx_surgery\GOLF_20260608_029_seddik_surgery_6272\task350.onnx,17,17,6,6,30,30,0,0,0,0,False,unchanged,
E:\kagglegolf\submissions\candidates\GOLF_20260608_025_kojimar_6272_full_replace\onnx\task351.onnx,E:\kagglegolf\data\interim\onnx_surgery\GOLF_20260608_029_seddik_surgery_6272\task351.onnx,25,25,7,7,40,40,0,0,0,0,False,unchanged,
E:\kagglegolf\submissions\candidates\GOLF_20260608_025_kojimar_6272_full_replace\onnx\task352.onnx,E:\kagglegolf\data\interim\onnx_surgery\GOLF_20260608_029_seddik_surgery_6272\task352.onnx,11,11,7,7,26,26,0,0,0,0,False,unchanged,
E:\kagglegolf\submissions\candidates\GOLF_20260608_025_kojimar_6272_full_replace\onnx\task353.onnx,E:\kagglegolf\data\interim\onnx_surgery\GOLF_20260608_029_seddik_surgery_6272\task353.onnx,31,31,13,13,225,225,0,0,0,0,False,unchanged,
E:\kagglegolf\submissions\candidates\GOLF_20260608_025_kojimar_6272_full_replace\onnx\task354.onnx,E:\kagglegolf\data\interim\onnx_surgery\GOLF_20260608_029_seddik_surgery_6272\task354.onnx,22,22,15,15,147,147,0,0,0,0,False,unchanged,
E:\kagglegolf\submissions\candidates\GOLF_20260608_025_kojimar_6272_full_replace\onnx\task355.onnx,E:\kagglegolf\data\interim\onnx_surgery\GOLF_20260608_029_seddik_surgery_6272\task355.onnx,41,41,12,12,89,89,0,0,0,0,False,unchanged,
E:\kagglegolf\submissions\candidates\GOLF_20260608_025_kojimar_6272_full_replace\onnx\task356.onnx,E:\kagglegolf\data\interim\onnx_surgery\GOLF_20260608_029_seddik_surgery_6272\task356.onnx,21,21,9,9,121,121,0,0,0,0,False,unchanged,
E:\kagglegolf\submissions\candidates\GOLF_20260608_025_kojimar_6272_full_replace\onnx\task357.onnx,E:\kagglegolf\data\interim\onnx_surgery\GOLF_20260608_029_seddik_surgery_6272\task357.onnx,24,24,12,12,49,40,0,0,1,9,True,rewritten,
E:\kagglegolf\submissions\candidates\GOLF_20260608_025_kojimar_6272_full_replace\onnx\task358.onnx,E:\kagglegolf\data\interim\onnx_surgery\GOLF_20260608_029_seddik_surgery_6272\task358.onnx,132,132,36,36,415,337,0,0,4,78,True,rewritten,
E:\kagglegolf\submissions\candidates\GOLF_20260608_025_kojimar_6272_full_replace\onnx\task359.onnx,E:\kagglegolf\data\interim\onnx_surgery\GOLF_20260608_029_seddik_surgery_6272\task359.onnx,15,15,4,4,13,13,0,0,0,0,False,unchanged,
E:\kagglegolf\submissions\candidates\GOLF_20260608_025_kojimar_6272_full_replace\onnx\task360.onnx,E:\kagglegolf\data\interim\onnx_surgery\GOLF_20260608_029_seddik_surgery_6272\task360.onnx,13,13,13,13,26,26,0,0,0,0,False,unchanged,
E:\kagglegolf\submissions\candidates\GOLF_20260608_025_kojimar_6272_full_replace\onnx\task361.onnx,E:\kagglegolf\data\interim\onnx_surgery\GOLF_20260608_029_seddik_surgery_6272\task361.onnx,60,60,19,19,275,275,0,0,0,0,False,unchanged,
E:\kagglegolf\submissions\candidates\GOLF_20260608_025_kojimar_6272_full_replace\onnx\task362.onnx,E:\kagglegolf\data\interim\onnx_surgery\GOLF_20260608_029_seddik_surgery_6272\task362.onnx,28,28,11,11,45,45,0,0,0,0,False,unchanged,
E:\kagglegolf\submissions\candidates\GOLF_20260608_025_kojimar_6272_full_replace\onnx\task363.onnx,E:\kagglegolf\data\interim\onnx_surgery\GOLF_20260608_029_seddik_surgery_6272\task363.onnx,48,48,20,20,254,254,0,0,0,0,False,unchanged,
E:\kagglegolf\submissions\candidates\GOLF_20260608_025_kojimar_6272_full_replace\onnx\task364.onnx,E:\kagglegolf\data\interim\onnx_surgery\GOLF_20260608_029_seddik_surgery_6272\task364.onnx,63,63,23,23,963,963,0,0,0,0,False,unchanged,
E:\kagglegolf\submissions\candidates\GOLF_20260608_025_kojimar_6272_full_replace\onnx\task365.onnx,E:\kagglegolf\data\interim\onnx_surgery\GOLF_20260608_029_seddik_surgery_6272\task365.onnx,234,234,12,12,71,71,0,0,0,0,False,unchanged,
E:\kagglegolf\submissions\candidates\GOLF_20260608_025_kojimar_6272_full_replace\onnx\task366.onnx,E:\kagglegolf\data\interim\onnx_surgery\GOLF_20260608_029_seddik_surgery_6272\task366.onnx,723,723,42,42,4527,4527,0,0,0,0,False,unchanged,
E:\kagglegolf\submissions\candidates\GOLF_20260608_025_kojimar_6272_full_replace\onnx\task367.onnx,E:\kagglegolf\data\interim\onnx_surgery\GOLF_20260608_029_seddik_surgery_6272\task367.onnx,135,135,26,26,1991,1991,0,0,0,0,False,unchanged,
E:\kagglegolf\submissions\candidates\GOLF_20260608_025_kojimar_6272_full_replace\onnx\task368.onnx,E:\kagglegolf\data\interim\onnx_surgery\GOLF_20260608_029_seddik_surgery_6272\task368.onnx,186,186,32,32,75,75,0,0,0,0,False,unchanged,
E:\kagglegolf\submissions\candidates\GOLF_20260608_025_kojimar_6272_full_replace\onnx\task369.onnx,E:\kagglegolf\data\interim\onnx_surgery\GOLF_20260608_029_seddik_surgery_6272\task369.onnx,27,27,11,11,130,130,0,0,0,0,False,unchanged,
E:\kagglegolf\submissions\candidates\GOLF_20260608_025_kojimar_6272_full_replace\onnx\task370.onnx,E:\kagglegolf\data\interim\onnx_surgery\GOLF_20260608_029_seddik_surgery_6272\task370.onnx,153,153,27,27,119,119,0,0,0,0,False,unchanged,
E:\kagglegolf\submissions\candidates\GOLF_20260608_025_kojimar_6272_full_replace\onnx\task371.onnx,E:\kagglegolf\data\interim\onnx_surgery\GOLF_20260608_029_seddik_surgery_6272\task371.onnx,22,22,12,12,249,249,0,0,0,0,False,unchanged,
E:\kagglegolf\submissions\candidates\GOLF_20260608_025_kojimar_6272_full_replace\onnx\task372.onnx,E:\kagglegolf\data\interim\onnx_surgery\GOLF_20260608_029_seddik_surgery_6272\task372.onnx,9,9,7,7,12,12,0,0,0,0,False,unchanged,
E:\kagglegolf\submissions\candidates\GOLF_20260608_025_kojimar_6272_full_replace\onnx\task373.onnx,E:\kagglegolf\data\interim\onnx_surgery\GOLF_20260608_029_seddik_surgery_6272\task373.onnx,9,9,1,1,4,4,0,0,0,0,False,unchanged,
E:\kagglegolf\submissions\candidates\GOLF_20260608_025_kojimar_6272_full_replace\onnx\task374.onnx,E:\kagglegolf\data\interim\onnx_surgery\GOLF_20260608_029_seddik_surgery_6272\task374.onnx,45,45,13,13,134,134,0,0,0,0,False,unchanged,
E:\kagglegolf\submissions\candidates\GOLF_20260608_025_kojimar_6272_full_replace\onnx\task375.onnx,E:\kagglegolf\data\interim\onnx_surgery\GOLF_20260608_029_seddik_surgery_6272\task375.onnx,19,19,12,12,59,59,0,0,0,0,False,unchanged,
E:\kagglegolf\submissions\candidates\GOLF_20260608_025_kojimar_6272_full_replace\onnx\task376.onnx,E:\kagglegolf\data\interim\onnx_surgery\GOLF_20260608_029_seddik_surgery_6272\task376.onnx,41,41,15,15,150,150,0,0,0,0,False,unchanged,
E:\kagglegolf\submissions\candidates\GOLF_20260608_025_kojimar_6272_full_replace\onnx\task377.onnx,E:\kagglegolf\data\interim\onnx_surgery\GOLF_20260608_029_seddik_surgery_6272\task377.onnx,197,197,13,13,84,84,0,0,0,0,False,unchanged,
E:\kagglegolf\submissions\candidates\GOLF_20260608_025_kojimar_6272_full_replace\onnx\task378.onnx,E:\kagglegolf\data\interim\onnx_surgery\GOLF_20260608_029_seddik_surgery_6272\task378.onnx,96,96,16,16,76,76,0,0,0,0,False,unchanged,
E:\kagglegolf\submissions\candidates\GOLF_20260608_025_kojimar_6272_full_replace\onnx\task379.onnx,E:\kagglegolf\data\interim\onnx_surgery\GOLF_20260608_029_seddik_surgery_6272\task379.onnx,107,107,29,29,1730,1730,0,0,0,0,False,unchanged,
E:\kagglegolf\submissions\candidates\GOLF_20260608_025_kojimar_6272_full_replace\onnx\task380.onnx,E:\kagglegolf\data\interim\onnx_surgery\GOLF_20260608_029_seddik_surgery_6272\task380.onnx,3,3,4,4,8,8,0,0,0,0,False,unchanged,
E:\kagglegolf\submissions\candidates\GOLF_20260608_025_kojimar_6272_full_replace\onnx\task381.onnx,E:\kagglegolf\data\interim\onnx_surgery\GOLF_20260608_029_seddik_surgery_6272\task381.onnx,17,17,6,6,130,130,0,0,0,0,False,unchanged,
E:\kagglegolf\submissions\candidates\GOLF_20260608_025_kojimar_6272_full_replace\onnx\task382.onnx,E:\kagglegolf\data\interim\onnx_surgery\GOLF_20260608_029_seddik_surgery_6272\task382.onnx,246,246,82,72,392,382,0,10,0,10,True,rewritten,
E:\kagglegolf\submissions\candidates\GOLF_20260608_025_kojimar_6272_full_replace\onnx\task383.onnx,E:\kagglegolf\data\interim\onnx_surgery\GOLF_20260608_029_seddik_surgery_6272\task383.onnx,57,57,10,10,928,29,0,0,1,899,True,rewritten,
E:\kagglegolf\submissions\candidates\GOLF_20260608_025_kojimar_6272_full_replace\onnx\task384.onnx,E:\kagglegolf\data\interim\onnx_surgery\GOLF_20260608_029_seddik_surgery_6272\task384.onnx,39,39,13,13,106,106,0,0,0,0,False,unchanged,
E:\kagglegolf\submissions\candidates\GOLF_20260608_025_kojimar_6272_full_replace\onnx\task385.onnx,E:\kagglegolf\data\interim\onnx_surgery\GOLF_20260608_029_seddik_surgery_6272\task385.onnx,1,1,1,1,30,30,0,0,0,0,False,unchanged,
E:\kagglegolf\submissions\candidates\GOLF_20260608_025_kojimar_6272_full_replace\onnx\task386.onnx,E:\kagglegolf\data\interim\onnx_surgery\GOLF_20260608_029_seddik_surgery_6272\task386.onnx,15,15,0,0,0,0,0,0,0,0,False,unchanged,
E:\kagglegolf\submissions\candidates\GOLF_20260608_025_kojimar_6272_full_replace\onnx\task387.onnx,E:\kagglegolf\data\interim\onnx_surgery\GOLF_20260608_029_seddik_surgery_6272\task387.onnx,125,125,25,25,88,88,0,0,0,0,False,unchanged,
E:\kagglegolf\submissions\candidates\GOLF_20260608_025_kojimar_6272_full_replace\onnx\task388.onnx,E:\kagglegolf\data\interim\onnx_surgery\GOLF_20260608_029_seddik_surgery_6272\task388.onnx,52,52,32,32,186,186,0,0,0,0,False,unchanged,
E:\kagglegolf\submissions\candidates\GOLF_20260608_025_kojimar_6272_full_replace\onnx\task389.onnx,E:\kagglegolf\data\interim\onnx_surgery\GOLF_20260608_029_seddik_surgery_6272\task389.onnx,13,13,9,9,42,42,0,0,0,0,False,unchanged,
E:\kagglegolf\submissions\candidates\GOLF_20260608_025_kojimar_6272_full_replace\onnx\task390.onnx,E:\kagglegolf\data\interim\onnx_surgery\GOLF_20260608_029_seddik_surgery_6272\task390.onnx,43,43,10,10,967,967,0,0,0,0,False,unchanged,
E:\kagglegolf\submissions\candidates\GOLF_20260608_025_kojimar_6272_full_replace\onnx\task391.onnx,E:\kagglegolf\data\interim\onnx_surgery\GOLF_20260608_029_seddik_surgery_6272\task391.onnx,26,26,12,12,29,29,0,0,0,0,False,unchanged,
E:\kagglegolf\submissions\candidates\GOLF_20260608_025_kojimar_6272_full_replace\onnx\task392.onnx,E:\kagglegolf\data\interim\onnx_surgery\GOLF_20260608_029_seddik_surgery_6272\task392.onnx,51,51,32,32,2087,2087,0,0,0,0,False,unchanged,
E:\kagglegolf\submissions\candidates\GOLF_20260608_025_kojimar_6272_full_replace\onnx\task393.onnx,E:\kagglegolf\data\interim\onnx_surgery\GOLF_20260608_029_seddik_surgery_6272\task393.onnx,25,25,8,8,9,9,0,0,0,0,False,unchanged,
E:\kagglegolf\submissions\candidates\GOLF_20260608_025_kojimar_6272_full_replace\onnx\task394.onnx,E:\kagglegolf\data\interim\onnx_surgery\GOLF_20260608_029_seddik_surgery_6272\task394.onnx,80,80,14,14,35,35,0,0,0,0,False,unchanged,
E:\kagglegolf\submissions\candidates\GOLF_20260608_025_kojimar_6272_full_replace\onnx\task395.onnx,E:\kagglegolf\data\interim\onnx_surgery\GOLF_20260608_029_seddik_surgery_6272\task395.onnx,14,14,10,10,47,47,0,0,0,0,False,unchanged,
E:\kagglegolf\submissions\candidates\GOLF_20260608_025_kojimar_6272_full_replace\onnx\task396.onnx,E:\kagglegolf\data\interim\onnx_surgery\GOLF_20260608_029_seddik_surgery_6272\task396.onnx,71,71,20,20,5446,5446,0,0,0,0,False,unchanged,
E:\kagglegolf\submissions\candidates\GOLF_20260608_025_kojimar_6272_full_replace\onnx\task397.onnx,E:\kagglegolf\data\interim\onnx_surgery\GOLF_20260608_029_seddik_surgery_6272\task397.onnx,86,86,29,29,95,95,0,0,0,0,False,unchanged,
E:\kagglegolf\submissions\candidates\GOLF_20260608_025_kojimar_6272_full_replace\onnx\task398.onnx,E:\kagglegolf\data\interim\onnx_surgery\GOLF_20260608_029_seddik_surgery_6272\task398.onnx,44,44,26,26,762,762,0,0,0,0,False,unchanged,
E:\kagglegolf\submissions\candidates\GOLF_20260608_025_kojimar_6272_full_replace\onnx\task399.onnx,E:\kagglegolf\data\interim\onnx_surgery\GOLF_20260608_029_seddik_surgery_6272\task399.onnx,8,8,4,4,909,909,0,0,0,0,False,unchanged,
E:\kagglegolf\submissions\candidates\GOLF_20260608_025_kojimar_6272_full_replace\onnx\task400.onnx,E:\kagglegolf\data\interim\onnx_surgery\GOLF_20260608_029_seddik_surgery_6272\task400.onnx,25,25,6,6,39,39,0,0,0,0,False,unchanged,
