task_id,model_path,source_id,method_family,risk,cost_proxy
task001,E:\Jitter\kagglegolf\data\external\public_kernel_outputs\mirza_best_score\_src_A\task001.onnx,SRC_KAGGLE_NOTEBOOK_MIRZA_BEST_SCORE,mirza_partial_public_harvest,medium,1433
task002,E:\Jitter\kagglegolf\data\external\public_kernel_outputs\mirza_best_score\_src_A\task002.onnx,SRC_KAGGLE_NOTEBOOK_MIRZA_BEST_SCORE,mirza_partial_public_harvest,medium,15506
task003,E:\Jitter\kagglegolf\data\external\public_kernel_outputs\mirza_best_score\_src_A\task003.onnx,SRC_KAGGLE_NOTEBOOK_MIRZA_BEST_SCORE,mirza_partial_public_harvest,medium,4167
task004,E:\Jitter\kagglegolf\data\external\public_kernel_outputs\mirza_best_score\_src_A\task004.onnx,SRC_KAGGLE_NOTEBOOK_MIRZA_BEST_SCORE,mirza_partial_public_harvest,medium,2522
task005,E:\Jitter\kagglegolf\data\external\public_kernel_outputs\mirza_best_score\_src_A\task005.onnx,SRC_KAGGLE_NOTEBOOK_MIRZA_BEST_SCORE,mirza_partial_public_harvest,medium,10910
task006,E:\Jitter\kagglegolf\data\external\public_kernel_outputs\mirza_best_score\_src_A\task006.onnx,SRC_KAGGLE_NOTEBOOK_MIRZA_BEST_SCORE,mirza_partial_public_harvest,medium,1364
task007,E:\Jitter\kagglegolf\data\external\public_kernel_outputs\mirza_best_score\_src_A\task007.onnx,SRC_KAGGLE_NOTEBOOK_MIRZA_BEST_SCORE,mirza_partial_public_harvest,medium,1603
task008,E:\Jitter\kagglegolf\data\external\public_kernel_outputs\mirza_best_score\_src_A\task008.onnx,SRC_KAGGLE_NOTEBOOK_MIRZA_BEST_SCORE,mirza_partial_public_harvest,medium,7667
task009,E:\Jitter\kagglegolf\data\external\public_kernel_outputs\mirza_best_score\_src_A\task009.onnx,SRC_KAGGLE_NOTEBOOK_MIRZA_BEST_SCORE,mirza_partial_public_harvest,medium,30956
task010,E:\Jitter\kagglegolf\data\external\public_kernel_outputs\mirza_best_score\_src_A\task010.onnx,SRC_KAGGLE_NOTEBOOK_MIRZA_BEST_SCORE,mirza_partial_public_harvest,medium,6061
task011,E:\Jitter\kagglegolf\data\external\public_kernel_outputs\mirza_best_score\_src_A\task011.onnx,SRC_KAGGLE_NOTEBOOK_MIRZA_BEST_SCORE,mirza_partial_public_harvest,medium,10170
task012,E:\Jitter\kagglegolf\data\external\public_kernel_outputs\mirza_best_score\_src_A\task012.onnx,SRC_KAGGLE_NOTEBOOK_MIRZA_BEST_SCORE,mirza_partial_public_harvest,medium,1975
task013,E:\Jitter\kagglegolf\data\external\public_kernel_outputs\mirza_best_score\_src_A\task013.onnx,SRC_KAGGLE_NOTEBOOK_MIRZA_BEST_SCORE,mirza_partial_public_harvest,medium,18384
task014,E:\Jitter\kagglegolf\data\external\public_kernel_outputs\mirza_best_score\_src_A\task014.onnx,SRC_KAGGLE_NOTEBOOK_MIRZA_BEST_SCORE,mirza_partial_public_harvest,medium,9683
task015,E:\Jitter\kagglegolf\data\external\public_kernel_outputs\mirza_best_score\_src_A\task015.onnx,SRC_KAGGLE_NOTEBOOK_MIRZA_BEST_SCORE,mirza_partial_public_harvest,medium,3798
task016,E:\Jitter\kagglegolf\data\external\public_kernel_outputs\mirza_best_score\_src_A\task016.onnx,SRC_KAGGLE_NOTEBOOK_MIRZA_BEST_SCORE,mirza_partial_public_harvest,medium,158
task017,E:\Jitter\kagglegolf\data\external\public_kernel_outputs\mirza_best_score\_src_A\task017.onnx,SRC_KAGGLE_NOTEBOOK_MIRZA_BEST_SCORE,mirza_partial_public_harvest,medium,8855
task018,E:\Jitter\kagglegolf\data\external\public_kernel_outputs\mirza_best_score\_src_A\task018.onnx,SRC_KAGGLE_NOTEBOOK_MIRZA_BEST_SCORE,mirza_partial_public_harvest,medium,29359
task019,E:\Jitter\kagglegolf\data\external\public_kernel_outputs\mirza_best_score\_src_A\task019.onnx,SRC_KAGGLE_NOTEBOOK_MIRZA_BEST_SCORE,mirza_partial_public_harvest,medium,17887
task020,E:\Jitter\kagglegolf\data\external\public_kernel_outputs\mirza_best_score\_src_A\task020.onnx,SRC_KAGGLE_NOTEBOOK_MIRZA_BEST_SCORE,mirza_partial_public_harvest,medium,31378
task021,E:\Jitter\kagglegolf\data\external\public_kernel_outputs\mirza_best_score\_src_A\task021.onnx,SRC_KAGGLE_NOTEBOOK_MIRZA_BEST_SCORE,mirza_partial_public_harvest,medium,38267
task022,E:\Jitter\kagglegolf\data\external\public_kernel_outputs\mirza_best_score\_src_A\task022.onnx,SRC_KAGGLE_NOTEBOOK_MIRZA_BEST_SCORE,mirza_partial_public_harvest,medium,43895
task023,E:\Jitter\kagglegolf\data\external\public_kernel_outputs\mirza_best_score\_src_A\task023.onnx,SRC_KAGGLE_NOTEBOOK_MIRZA_BEST_SCORE,mirza_partial_public_harvest,medium,33302
task024,E:\Jitter\kagglegolf\data\external\public_kernel_outputs\mirza_best_score\_src_A\task024.onnx,SRC_KAGGLE_NOTEBOOK_MIRZA_BEST_SCORE,mirza_partial_public_harvest,medium,3233
task025,E:\Jitter\kagglegolf\data\external\public_kernel_outputs\mirza_best_score\_src_A\task025.onnx,SRC_KAGGLE_NOTEBOOK_MIRZA_BEST_SCORE,mirza_partial_public_harvest,medium,13460
task026,E:\Jitter\kagglegolf\data\external\public_kernel_outputs\mirza_best_score\_src_A\task026.onnx,SRC_KAGGLE_NOTEBOOK_MIRZA_BEST_SCORE,mirza_partial_public_harvest,medium,1622
task027,E:\Jitter\kagglegolf\data\external\public_kernel_outputs\mirza_best_score\_src_A\task027.onnx,SRC_KAGGLE_NOTEBOOK_MIRZA_BEST_SCORE,mirza_partial_public_harvest,medium,31135
task028,E:\Jitter\kagglegolf\data\external\public_kernel_outputs\mirza_best_score\_src_A\task028.onnx,SRC_KAGGLE_NOTEBOOK_MIRZA_BEST_SCORE,mirza_partial_public_harvest,medium,2452
task029,E:\Jitter\kagglegolf\data\external\public_kernel_outputs\mirza_best_score\_src_A\task029.onnx,SRC_KAGGLE_NOTEBOOK_MIRZA_BEST_SCORE,mirza_partial_public_harvest,medium,13589
task030,E:\Jitter\kagglegolf\data\external\public_kernel_outputs\mirza_best_score\_src_A\task030.onnx,SRC_KAGGLE_NOTEBOOK_MIRZA_BEST_SCORE,mirza_partial_public_harvest,medium,9441
task031,E:\Jitter\kagglegolf\data\external\public_kernel_outputs\mirza_best_score\_src_A\task031.onnx,SRC_KAGGLE_NOTEBOOK_MIRZA_BEST_SCORE,mirza_partial_public_harvest,medium,3417
task032,E:\Jitter\kagglegolf\data\external\public_kernel_outputs\mirza_best_score\_src_A\task032.onnx,SRC_KAGGLE_NOTEBOOK_MIRZA_BEST_SCORE,mirza_partial_public_harvest,medium,2347
task033,E:\Jitter\kagglegolf\data\external\public_kernel_outputs\mirza_best_score\_src_A\task033.onnx,SRC_KAGGLE_NOTEBOOK_MIRZA_BEST_SCORE,mirza_partial_public_harvest,medium,1510
task034,E:\Jitter\kagglegolf\data\external\public_kernel_outputs\mirza_best_score\_src_A\task034.onnx,SRC_KAGGLE_NOTEBOOK_MIRZA_BEST_SCORE,mirza_partial_public_harvest,medium,11293
task035,E:\Jitter\kagglegolf\data\external\public_kernel_outputs\mirza_best_score\_src_A\task035.onnx,SRC_KAGGLE_NOTEBOOK_MIRZA_BEST_SCORE,mirza_partial_public_harvest,medium,12860
task036,E:\Jitter\kagglegolf\data\external\public_kernel_outputs\mirza_best_score\_src_A\task036.onnx,SRC_KAGGLE_NOTEBOOK_MIRZA_BEST_SCORE,mirza_partial_public_harvest,medium,5866
task037,E:\Jitter\kagglegolf\data\external\public_kernel_outputs\mirza_best_score\_src_A\task037.onnx,SRC_KAGGLE_NOTEBOOK_MIRZA_BEST_SCORE,mirza_partial_public_harvest,medium,20424
task038,E:\Jitter\kagglegolf\data\external\public_kernel_outputs\mirza_best_score\_src_A\task038.onnx,SRC_KAGGLE_NOTEBOOK_MIRZA_BEST_SCORE,mirza_partial_public_harvest,medium,2357
task039,E:\Jitter\kagglegolf\data\external\public_kernel_outputs\mirza_best_score\_src_A\task039.onnx,SRC_KAGGLE_NOTEBOOK_MIRZA_BEST_SCORE,mirza_partial_public_harvest,medium,1913
task040,E:\Jitter\kagglegolf\data\external\public_kernel_outputs\mirza_best_score\_src_A\task040.onnx,SRC_KAGGLE_NOTEBOOK_MIRZA_BEST_SCORE,mirza_partial_public_harvest,medium,4167
task041,E:\Jitter\kagglegolf\data\external\public_kernel_outputs\mirza_best_score\_src_A\task041.onnx,SRC_KAGGLE_NOTEBOOK_MIRZA_BEST_SCORE,mirza_partial_public_harvest,medium,1665
task042,E:\Jitter\kagglegolf\data\external\public_kernel_outputs\mirza_best_score\_src_A\task042.onnx,SRC_KAGGLE_NOTEBOOK_MIRZA_BEST_SCORE,mirza_partial_public_harvest,medium,9668
task043,E:\Jitter\kagglegolf\data\external\public_kernel_outputs\mirza_best_score\_src_A\task043.onnx,SRC_KAGGLE_NOTEBOOK_MIRZA_BEST_SCORE,mirza_partial_public_harvest,medium,1966
task044,E:\Jitter\kagglegolf\data\external\public_kernel_outputs\mirza_best_score\_src_A\task044.onnx,SRC_KAGGLE_NOTEBOOK_MIRZA_BEST_SCORE,mirza_partial_public_harvest,medium,22434
task045,E:\Jitter\kagglegolf\data\external\public_kernel_outputs\mirza_best_score\_src_A\task045.onnx,SRC_KAGGLE_NOTEBOOK_MIRZA_BEST_SCORE,mirza_partial_public_harvest,medium,1438
task046,E:\Jitter\kagglegolf\data\external\public_kernel_outputs\mirza_best_score\_src_A\task046.onnx,SRC_KAGGLE_NOTEBOOK_MIRZA_BEST_SCORE,mirza_partial_public_harvest,medium,8963
task047,E:\Jitter\kagglegolf\data\external\public_kernel_outputs\mirza_best_score\_src_A\task047.onnx,SRC_KAGGLE_NOTEBOOK_MIRZA_BEST_SCORE,mirza_partial_public_harvest,medium,3091
task048,E:\Jitter\kagglegolf\data\external\public_kernel_outputs\mirza_best_score\_src_A\task048.onnx,SRC_KAGGLE_NOTEBOOK_MIRZA_BEST_SCORE,mirza_partial_public_harvest,medium,5695
task049,E:\Jitter\kagglegolf\data\external\public_kernel_outputs\mirza_best_score\_src_A\task049.onnx,SRC_KAGGLE_NOTEBOOK_MIRZA_BEST_SCORE,mirza_partial_public_harvest,medium,3516
task050,E:\Jitter\kagglegolf\data\external\public_kernel_outputs\mirza_best_score\_src_A\task050.onnx,SRC_KAGGLE_NOTEBOOK_MIRZA_BEST_SCORE,mirza_partial_public_harvest,medium,2540
task051,E:\Jitter\kagglegolf\data\external\public_kernel_outputs\mirza_best_score\_src_A\task051.onnx,SRC_KAGGLE_NOTEBOOK_MIRZA_BEST_SCORE,mirza_partial_public_harvest,medium,3365
task052,E:\Jitter\kagglegolf\data\external\public_kernel_outputs\mirza_best_score\_src_A\task052.onnx,SRC_KAGGLE_NOTEBOOK_MIRZA_BEST_SCORE,mirza_partial_public_harvest,medium,1277
task053,E:\Jitter\kagglegolf\data\external\public_kernel_outputs\mirza_best_score\_src_A\task053.onnx,SRC_KAGGLE_NOTEBOOK_MIRZA_BEST_SCORE,mirza_partial_public_harvest,medium,175
task054,E:\Jitter\kagglegolf\data\external\public_kernel_outputs\mirza_best_score\_src_A\task054.onnx,SRC_KAGGLE_NOTEBOOK_MIRZA_BEST_SCORE,mirza_partial_public_harvest,medium,9661
task055,E:\Jitter\kagglegolf\data\external\public_kernel_outputs\mirza_best_score\_src_A\task055.onnx,SRC_KAGGLE_NOTEBOOK_MIRZA_BEST_SCORE,mirza_partial_public_harvest,medium,21458
task056,E:\Jitter\kagglegolf\data\external\public_kernel_outputs\mirza_best_score\_src_A\task056.onnx,SRC_KAGGLE_NOTEBOOK_MIRZA_BEST_SCORE,mirza_partial_public_harvest,medium,1515
task057,E:\Jitter\kagglegolf\data\external\public_kernel_outputs\mirza_best_score\_src_A\task057.onnx,SRC_KAGGLE_NOTEBOOK_MIRZA_BEST_SCORE,mirza_partial_public_harvest,medium,1832
task058,E:\Jitter\kagglegolf\data\external\public_kernel_outputs\mirza_best_score\_src_A\task058.onnx,SRC_KAGGLE_NOTEBOOK_MIRZA_BEST_SCORE,mirza_partial_public_harvest,medium,27439
task059,E:\Jitter\kagglegolf\data\external\public_kernel_outputs\mirza_best_score\_src_A\task059.onnx,SRC_KAGGLE_NOTEBOOK_MIRZA_BEST_SCORE,mirza_partial_public_harvest,medium,12715
task060,E:\Jitter\kagglegolf\data\external\public_kernel_outputs\mirza_best_score\_src_A\task060.onnx,SRC_KAGGLE_NOTEBOOK_MIRZA_BEST_SCORE,mirza_partial_public_harvest,medium,3039
task061,E:\Jitter\kagglegolf\data\external\public_kernel_outputs\mirza_best_score\_src_A\task061.onnx,SRC_KAGGLE_NOTEBOOK_MIRZA_BEST_SCORE,mirza_partial_public_harvest,medium,17030
task062,E:\Jitter\kagglegolf\data\external\public_kernel_outputs\mirza_best_score\_src_A\task062.onnx,SRC_KAGGLE_NOTEBOOK_MIRZA_BEST_SCORE,mirza_partial_public_harvest,medium,22124
task063,E:\Jitter\kagglegolf\data\external\public_kernel_outputs\mirza_best_score\_src_A\task063.onnx,SRC_KAGGLE_NOTEBOOK_MIRZA_BEST_SCORE,mirza_partial_public_harvest,medium,3709
task064,E:\Jitter\kagglegolf\data\external\public_kernel_outputs\mirza_best_score\_src_A\task064.onnx,SRC_KAGGLE_NOTEBOOK_MIRZA_BEST_SCORE,mirza_partial_public_harvest,medium,7151
task065,E:\Jitter\kagglegolf\data\external\public_kernel_outputs\mirza_best_score\_src_A\task065.onnx,SRC_KAGGLE_NOTEBOOK_MIRZA_BEST_SCORE,mirza_partial_public_harvest,medium,2705
task066,E:\Jitter\kagglegolf\data\external\public_kernel_outputs\mirza_best_score\_src_A\task066.onnx,SRC_KAGGLE_NOTEBOOK_MIRZA_BEST_SCORE,mirza_partial_public_harvest,medium,170467
task067,E:\Jitter\kagglegolf\data\external\public_kernel_outputs\mirza_best_score\_src_A\task067.onnx,SRC_KAGGLE_NOTEBOOK_MIRZA_BEST_SCORE,mirza_partial_public_harvest,medium,892
task068,E:\Jitter\kagglegolf\data\external\public_kernel_outputs\mirza_best_score\_src_A\task068.onnx,SRC_KAGGLE_NOTEBOOK_MIRZA_BEST_SCORE,mirza_partial_public_harvest,medium,2335
task069,E:\Jitter\kagglegolf\data\external\public_kernel_outputs\mirza_best_score\_src_A\task069.onnx,SRC_KAGGLE_NOTEBOOK_MIRZA_BEST_SCORE,mirza_partial_public_harvest,medium,32330
task070,E:\Jitter\kagglegolf\data\external\public_kernel_outputs\mirza_best_score\_src_A\task070.onnx,SRC_KAGGLE_NOTEBOOK_MIRZA_BEST_SCORE,mirza_partial_public_harvest,medium,11844
task071,E:\Jitter\kagglegolf\data\external\public_kernel_outputs\mirza_best_score\_src_A\task071.onnx,SRC_KAGGLE_NOTEBOOK_MIRZA_BEST_SCORE,mirza_partial_public_harvest,medium,12082
task072,E:\Jitter\kagglegolf\data\external\public_kernel_outputs\mirza_best_score\_src_A\task072.onnx,SRC_KAGGLE_NOTEBOOK_MIRZA_BEST_SCORE,mirza_partial_public_harvest,medium,1625
task073,E:\Jitter\kagglegolf\data\external\public_kernel_outputs\mirza_best_score\_src_A\task073.onnx,SRC_KAGGLE_NOTEBOOK_MIRZA_BEST_SCORE,mirza_partial_public_harvest,medium,3825
task074,E:\Jitter\kagglegolf\data\external\public_kernel_outputs\mirza_best_score\_src_A\task074.onnx,SRC_KAGGLE_NOTEBOOK_MIRZA_BEST_SCORE,mirza_partial_public_harvest,medium,1824
task075,E:\Jitter\kagglegolf\data\external\public_kernel_outputs\mirza_best_score\_src_A\task075.onnx,SRC_KAGGLE_NOTEBOOK_MIRZA_BEST_SCORE,mirza_partial_public_harvest,medium,7736
task076,E:\Jitter\kagglegolf\data\external\public_kernel_outputs\mirza_best_score\_src_A\task076.onnx,SRC_KAGGLE_NOTEBOOK_MIRZA_BEST_SCORE,mirza_partial_public_harvest,medium,64473
task077,E:\Jitter\kagglegolf\data\external\public_kernel_outputs\mirza_best_score\_src_A\task077.onnx,SRC_KAGGLE_NOTEBOOK_MIRZA_BEST_SCORE,mirza_partial_public_harvest,medium,9812
task078,E:\Jitter\kagglegolf\data\external\public_kernel_outputs\mirza_best_score\_src_A\task078.onnx,SRC_KAGGLE_NOTEBOOK_MIRZA_BEST_SCORE,mirza_partial_public_harvest,medium,2588
task079,E:\Jitter\kagglegolf\data\external\public_kernel_outputs\mirza_best_score\_src_A\task079.onnx,SRC_KAGGLE_NOTEBOOK_MIRZA_BEST_SCORE,mirza_partial_public_harvest,medium,2695
task080,E:\Jitter\kagglegolf\data\external\public_kernel_outputs\mirza_best_score\_src_A\task080.onnx,SRC_KAGGLE_NOTEBOOK_MIRZA_BEST_SCORE,mirza_partial_public_harvest,medium,18484
task081,E:\Jitter\kagglegolf\data\external\public_kernel_outputs\mirza_best_score\_src_A\task081.onnx,SRC_KAGGLE_NOTEBOOK_MIRZA_BEST_SCORE,mirza_partial_public_harvest,medium,3749
task082,E:\Jitter\kagglegolf\data\external\public_kernel_outputs\mirza_best_score\_src_A\task082.onnx,SRC_KAGGLE_NOTEBOOK_MIRZA_BEST_SCORE,mirza_partial_public_harvest,medium,2282
task083,E:\Jitter\kagglegolf\data\external\public_kernel_outputs\mirza_best_score\_src_A\task083.onnx,SRC_KAGGLE_NOTEBOOK_MIRZA_BEST_SCORE,mirza_partial_public_harvest,medium,7454
task084,E:\Jitter\kagglegolf\data\external\public_kernel_outputs\mirza_best_score\_src_A\task084.onnx,SRC_KAGGLE_NOTEBOOK_MIRZA_BEST_SCORE,mirza_partial_public_harvest,medium,2820
task085,E:\Jitter\kagglegolf\data\external\public_kernel_outputs\mirza_best_score\_src_A\task085.onnx,SRC_KAGGLE_NOTEBOOK_MIRZA_BEST_SCORE,mirza_partial_public_harvest,medium,2547
task086,E:\Jitter\kagglegolf\data\external\public_kernel_outputs\mirza_best_score\_src_A\task086.onnx,SRC_KAGGLE_NOTEBOOK_MIRZA_BEST_SCORE,mirza_partial_public_harvest,medium,4804
task087,E:\Jitter\kagglegolf\data\external\public_kernel_outputs\mirza_best_score\_src_A\task087.onnx,SRC_KAGGLE_NOTEBOOK_MIRZA_BEST_SCORE,mirza_partial_public_harvest,medium,474
task088,E:\Jitter\kagglegolf\data\external\public_kernel_outputs\mirza_best_score\_src_A\task088.onnx,SRC_KAGGLE_NOTEBOOK_MIRZA_BEST_SCORE,mirza_partial_public_harvest,medium,14980
task089,E:\Jitter\kagglegolf\data\external\public_kernel_outputs\mirza_best_score\_src_A\task089.onnx,SRC_KAGGLE_NOTEBOOK_MIRZA_BEST_SCORE,mirza_partial_public_harvest,medium,17792
task090,E:\Jitter\kagglegolf\data\external\public_kernel_outputs\mirza_best_score\_src_A\task090.onnx,SRC_KAGGLE_NOTEBOOK_MIRZA_BEST_SCORE,mirza_partial_public_harvest,medium,19660
task091,E:\Jitter\kagglegolf\data\external\public_kernel_outputs\mirza_best_score\_src_A\task091.onnx,SRC_KAGGLE_NOTEBOOK_MIRZA_BEST_SCORE,mirza_partial_public_harvest,medium,4627
task092,E:\Jitter\kagglegolf\data\external\public_kernel_outputs\mirza_best_score\_src_A\task092.onnx,SRC_KAGGLE_NOTEBOOK_MIRZA_BEST_SCORE,mirza_partial_public_harvest,medium,4299
task093,E:\Jitter\kagglegolf\data\external\public_kernel_outputs\mirza_best_score\_src_A\task093.onnx,SRC_KAGGLE_NOTEBOOK_MIRZA_BEST_SCORE,mirza_partial_public_harvest,medium,6234
task094,E:\Jitter\kagglegolf\data\external\public_kernel_outputs\mirza_best_score\_src_A\task094.onnx,SRC_KAGGLE_NOTEBOOK_MIRZA_BEST_SCORE,mirza_partial_public_harvest,medium,2950
task095,E:\Jitter\kagglegolf\data\external\public_kernel_outputs\mirza_best_score\_src_A\task095.onnx,SRC_KAGGLE_NOTEBOOK_MIRZA_BEST_SCORE,mirza_partial_public_harvest,medium,3950
task096,E:\Jitter\kagglegolf\data\external\public_kernel_outputs\mirza_best_score\_src_A\task096.onnx,SRC_KAGGLE_NOTEBOOK_MIRZA_BEST_SCORE,mirza_partial_public_harvest,medium,59457
task097,E:\Jitter\kagglegolf\data\external\public_kernel_outputs\mirza_best_score\_src_A\task097.onnx,SRC_KAGGLE_NOTEBOOK_MIRZA_BEST_SCORE,mirza_partial_public_harvest,medium,2494
task098,E:\Jitter\kagglegolf\data\external\public_kernel_outputs\mirza_best_score\_src_A\task098.onnx,SRC_KAGGLE_NOTEBOOK_MIRZA_BEST_SCORE,mirza_partial_public_harvest,medium,3836
task099,E:\Jitter\kagglegolf\data\external\public_kernel_outputs\mirza_best_score\_src_A\task099.onnx,SRC_KAGGLE_NOTEBOOK_MIRZA_BEST_SCORE,mirza_partial_public_harvest,medium,19839
task100,E:\Jitter\kagglegolf\data\external\public_kernel_outputs\mirza_best_score\_src_A\task100.onnx,SRC_KAGGLE_NOTEBOOK_MIRZA_BEST_SCORE,mirza_partial_public_harvest,medium,4954
task101,E:\Jitter\kagglegolf\data\external\public_kernel_outputs\mirza_best_score\_src_A\task101.onnx,SRC_KAGGLE_NOTEBOOK_MIRZA_BEST_SCORE,mirza_partial_public_harvest,medium,19733
task102,E:\Jitter\kagglegolf\data\external\public_kernel_outputs\mirza_best_score\_src_A\task102.onnx,SRC_KAGGLE_NOTEBOOK_MIRZA_BEST_SCORE,mirza_partial_public_harvest,medium,6500
task103,E:\Jitter\kagglegolf\data\external\public_kernel_outputs\mirza_best_score\_src_A\task103.onnx,SRC_KAGGLE_NOTEBOOK_MIRZA_BEST_SCORE,mirza_partial_public_harvest,medium,1669
task104,E:\Jitter\kagglegolf\data\external\public_kernel_outputs\mirza_best_score\_src_A\task104.onnx,SRC_KAGGLE_NOTEBOOK_MIRZA_BEST_SCORE,mirza_partial_public_harvest,medium,6350
task105,E:\Jitter\kagglegolf\data\external\public_kernel_outputs\mirza_best_score\_src_A\task105.onnx,SRC_KAGGLE_NOTEBOOK_MIRZA_BEST_SCORE,mirza_partial_public_harvest,medium,8120
task106,E:\Jitter\kagglegolf\data\external\public_kernel_outputs\mirza_best_score\_src_A\task106.onnx,SRC_KAGGLE_NOTEBOOK_MIRZA_BEST_SCORE,mirza_partial_public_harvest,medium,2939
task107,E:\Jitter\kagglegolf\data\external\public_kernel_outputs\mirza_best_score\_src_A\task107.onnx,SRC_KAGGLE_NOTEBOOK_MIRZA_BEST_SCORE,mirza_partial_public_harvest,medium,31191
task108,E:\Jitter\kagglegolf\data\external\public_kernel_outputs\mirza_best_score\_src_A\task108.onnx,SRC_KAGGLE_NOTEBOOK_MIRZA_BEST_SCORE,mirza_partial_public_harvest,medium,7454
task109,E:\Jitter\kagglegolf\data\external\public_kernel_outputs\mirza_best_score\_src_A\task109.onnx,SRC_KAGGLE_NOTEBOOK_MIRZA_BEST_SCORE,mirza_partial_public_harvest,medium,5491
task110,E:\Jitter\kagglegolf\data\external\public_kernel_outputs\mirza_best_score\_src_A\task110.onnx,SRC_KAGGLE_NOTEBOOK_MIRZA_BEST_SCORE,mirza_partial_public_harvest,medium,22233
task111,E:\Jitter\kagglegolf\data\external\public_kernel_outputs\mirza_best_score\_src_A\task111.onnx,SRC_KAGGLE_NOTEBOOK_MIRZA_BEST_SCORE,mirza_partial_public_harvest,medium,1457
task112,E:\Jitter\kagglegolf\data\external\public_kernel_outputs\mirza_best_score\_src_A\task112.onnx,SRC_KAGGLE_NOTEBOOK_MIRZA_BEST_SCORE,mirza_partial_public_harvest,medium,3987
task113,E:\Jitter\kagglegolf\data\external\public_kernel_outputs\mirza_best_score\_src_A\task113.onnx,SRC_KAGGLE_NOTEBOOK_MIRZA_BEST_SCORE,mirza_partial_public_harvest,medium,499
task114,E:\Jitter\kagglegolf\data\external\public_kernel_outputs\mirza_best_score\_src_A\task114.onnx,SRC_KAGGLE_NOTEBOOK_MIRZA_BEST_SCORE,mirza_partial_public_harvest,medium,4719
task115,E:\Jitter\kagglegolf\data\external\public_kernel_outputs\mirza_best_score\_src_A\task115.onnx,SRC_KAGGLE_NOTEBOOK_MIRZA_BEST_SCORE,mirza_partial_public_harvest,medium,5069
task116,E:\Jitter\kagglegolf\data\external\public_kernel_outputs\mirza_best_score\_src_A\task116.onnx,SRC_KAGGLE_NOTEBOOK_MIRZA_BEST_SCORE,mirza_partial_public_harvest,medium,479
task117,E:\Jitter\kagglegolf\data\external\public_kernel_outputs\mirza_best_score\_src_A\task117.onnx,SRC_KAGGLE_NOTEBOOK_MIRZA_BEST_SCORE,mirza_partial_public_harvest,medium,10774
task118,E:\Jitter\kagglegolf\data\external\public_kernel_outputs\mirza_best_score\_src_A\task118.onnx,SRC_KAGGLE_NOTEBOOK_MIRZA_BEST_SCORE,mirza_partial_public_harvest,medium,7366
task119,E:\Jitter\kagglegolf\data\external\public_kernel_outputs\mirza_best_score\_src_A\task119.onnx,SRC_KAGGLE_NOTEBOOK_MIRZA_BEST_SCORE,mirza_partial_public_harvest,medium,25915
task120,E:\Jitter\kagglegolf\data\external\public_kernel_outputs\mirza_best_score\_src_A\task120.onnx,SRC_KAGGLE_NOTEBOOK_MIRZA_BEST_SCORE,mirza_partial_public_harvest,medium,3836
task121,E:\Jitter\kagglegolf\data\external\public_kernel_outputs\mirza_best_score\_src_A\task121.onnx,SRC_KAGGLE_NOTEBOOK_MIRZA_BEST_SCORE,mirza_partial_public_harvest,medium,3339
task122,E:\Jitter\kagglegolf\data\external\public_kernel_outputs\mirza_best_score\_src_A\task122.onnx,SRC_KAGGLE_NOTEBOOK_MIRZA_BEST_SCORE,mirza_partial_public_harvest,medium,10236
task123,E:\Jitter\kagglegolf\data\external\public_kernel_outputs\mirza_best_score\_src_A\task123.onnx,SRC_KAGGLE_NOTEBOOK_MIRZA_BEST_SCORE,mirza_partial_public_harvest,medium,8997
task124,E:\Jitter\kagglegolf\data\external\public_kernel_outputs\mirza_best_score\_src_A\task124.onnx,SRC_KAGGLE_NOTEBOOK_MIRZA_BEST_SCORE,mirza_partial_public_harvest,medium,4339
task125,E:\Jitter\kagglegolf\data\external\public_kernel_outputs\mirza_best_score\_src_A\task125.onnx,SRC_KAGGLE_NOTEBOOK_MIRZA_BEST_SCORE,mirza_partial_public_harvest,medium,3032
task126,E:\Jitter\kagglegolf\data\external\public_kernel_outputs\mirza_best_score\_src_A\task126.onnx,SRC_KAGGLE_NOTEBOOK_MIRZA_BEST_SCORE,mirza_partial_public_harvest,medium,2765
task127,E:\Jitter\kagglegolf\data\external\public_kernel_outputs\mirza_best_score\_src_A\task127.onnx,SRC_KAGGLE_NOTEBOOK_MIRZA_BEST_SCORE,mirza_partial_public_harvest,medium,3772
task128,E:\Jitter\kagglegolf\data\external\public_kernel_outputs\mirza_best_score\_src_A\task128.onnx,SRC_KAGGLE_NOTEBOOK_MIRZA_BEST_SCORE,mirza_partial_public_harvest,medium,3365
task129,E:\Jitter\kagglegolf\data\external\public_kernel_outputs\mirza_best_score\_src_A\task129.onnx,SRC_KAGGLE_NOTEBOOK_MIRZA_BEST_SCORE,mirza_partial_public_harvest,medium,726
task130,E:\Jitter\kagglegolf\data\external\public_kernel_outputs\mirza_best_score\_src_A\task130.onnx,SRC_KAGGLE_NOTEBOOK_MIRZA_BEST_SCORE,mirza_partial_public_harvest,medium,1293
task131,E:\Jitter\kagglegolf\data\external\public_kernel_outputs\mirza_best_score\_src_A\task131.onnx,SRC_KAGGLE_NOTEBOOK_MIRZA_BEST_SCORE,mirza_partial_public_harvest,medium,12030
task132,E:\Jitter\kagglegolf\data\external\public_kernel_outputs\mirza_best_score\_src_A\task132.onnx,SRC_KAGGLE_NOTEBOOK_MIRZA_BEST_SCORE,mirza_partial_public_harvest,medium,3762
task133,E:\Jitter\kagglegolf\data\external\public_kernel_outputs\mirza_best_score\_src_A\task133.onnx,SRC_KAGGLE_NOTEBOOK_MIRZA_BEST_SCORE,mirza_partial_public_harvest,medium,65902
task134,E:\Jitter\kagglegolf\data\external\public_kernel_outputs\mirza_best_score\_src_A\task134.onnx,SRC_KAGGLE_NOTEBOOK_MIRZA_BEST_SCORE,mirza_partial_public_harvest,medium,7220
task135,E:\Jitter\kagglegolf\data\external\public_kernel_outputs\mirza_best_score\_src_A\task135.onnx,SRC_KAGGLE_NOTEBOOK_MIRZA_BEST_SCORE,mirza_partial_public_harvest,medium,381
task136,E:\Jitter\kagglegolf\data\external\public_kernel_outputs\mirza_best_score\_src_A\task136.onnx,SRC_KAGGLE_NOTEBOOK_MIRZA_BEST_SCORE,mirza_partial_public_harvest,medium,3173
task137,E:\Jitter\kagglegolf\data\external\public_kernel_outputs\mirza_best_score\_src_A\task137.onnx,SRC_KAGGLE_NOTEBOOK_MIRZA_BEST_SCORE,mirza_partial_public_harvest,medium,3864
task138,E:\Jitter\kagglegolf\data\external\public_kernel_outputs\mirza_best_score\_src_A\task138.onnx,SRC_KAGGLE_NOTEBOOK_MIRZA_BEST_SCORE,mirza_partial_public_harvest,medium,11562
task139,E:\Jitter\kagglegolf\data\external\public_kernel_outputs\mirza_best_score\_src_A\task139.onnx,SRC_KAGGLE_NOTEBOOK_MIRZA_BEST_SCORE,mirza_partial_public_harvest,medium,3865
task140,E:\Jitter\kagglegolf\data\external\public_kernel_outputs\mirza_best_score\_src_A\task140.onnx,SRC_KAGGLE_NOTEBOOK_MIRZA_BEST_SCORE,mirza_partial_public_harvest,medium,474
task141,E:\Jitter\kagglegolf\data\external\public_kernel_outputs\mirza_best_score\_src_A\task141.onnx,SRC_KAGGLE_NOTEBOOK_MIRZA_BEST_SCORE,mirza_partial_public_harvest,medium,2345
task142,E:\Jitter\kagglegolf\data\external\public_kernel_outputs\mirza_best_score\_src_A\task142.onnx,SRC_KAGGLE_NOTEBOOK_MIRZA_BEST_SCORE,mirza_partial_public_harvest,medium,7454
task143,E:\Jitter\kagglegolf\data\external\public_kernel_outputs\mirza_best_score\_src_A\task143.onnx,SRC_KAGGLE_NOTEBOOK_MIRZA_BEST_SCORE,mirza_partial_public_harvest,medium,2690
task144,E:\Jitter\kagglegolf\data\external\public_kernel_outputs\mirza_best_score\_src_A\task144.onnx,SRC_KAGGLE_NOTEBOOK_MIRZA_BEST_SCORE,mirza_partial_public_harvest,medium,1639
task145,E:\Jitter\kagglegolf\data\external\public_kernel_outputs\mirza_best_score\_src_A\task145.onnx,SRC_KAGGLE_NOTEBOOK_MIRZA_BEST_SCORE,mirza_partial_public_harvest,medium,31434
task146,E:\Jitter\kagglegolf\data\external\public_kernel_outputs\mirza_best_score\_src_A\task146.onnx,SRC_KAGGLE_NOTEBOOK_MIRZA_BEST_SCORE,mirza_partial_public_harvest,medium,1894
task147,E:\Jitter\kagglegolf\data\external\public_kernel_outputs\mirza_best_score\_src_A\task147.onnx,SRC_KAGGLE_NOTEBOOK_MIRZA_BEST_SCORE,mirza_partial_public_harvest,medium,3825
task148,E:\Jitter\kagglegolf\data\external\public_kernel_outputs\mirza_best_score\_src_A\task148.onnx,SRC_KAGGLE_NOTEBOOK_MIRZA_BEST_SCORE,mirza_partial_public_harvest,medium,10573
task149,E:\Jitter\kagglegolf\data\external\public_kernel_outputs\mirza_best_score\_src_A\task149.onnx,SRC_KAGGLE_NOTEBOOK_MIRZA_BEST_SCORE,mirza_partial_public_harvest,medium,1404
task150,E:\Jitter\kagglegolf\data\external\public_kernel_outputs\mirza_best_score\_src_A\task150.onnx,SRC_KAGGLE_NOTEBOOK_MIRZA_BEST_SCORE,mirza_partial_public_harvest,medium,1299
task151,E:\Jitter\kagglegolf\data\external\public_kernel_outputs\mirza_best_score\_src_A\task151.onnx,SRC_KAGGLE_NOTEBOOK_MIRZA_BEST_SCORE,mirza_partial_public_harvest,medium,2352
task152,E:\Jitter\kagglegolf\data\external\public_kernel_outputs\mirza_best_score\_src_A\task152.onnx,SRC_KAGGLE_NOTEBOOK_MIRZA_BEST_SCORE,mirza_partial_public_harvest,medium,7454
task153,E:\Jitter\kagglegolf\data\external\public_kernel_outputs\mirza_best_score\_src_A\task153.onnx,SRC_KAGGLE_NOTEBOOK_MIRZA_BEST_SCORE,mirza_partial_public_harvest,medium,54531
task154,E:\Jitter\kagglegolf\data\external\public_kernel_outputs\mirza_best_score\_src_A\task154.onnx,SRC_KAGGLE_NOTEBOOK_MIRZA_BEST_SCORE,mirza_partial_public_harvest,medium,8020
task155,E:\Jitter\kagglegolf\data\external\public_kernel_outputs\mirza_best_score\_src_A\task155.onnx,SRC_KAGGLE_NOTEBOOK_MIRZA_BEST_SCORE,mirza_partial_public_harvest,medium,1299
task156,E:\Jitter\kagglegolf\data\external\public_kernel_outputs\mirza_best_score\_src_A\task156.onnx,SRC_KAGGLE_NOTEBOOK_MIRZA_BEST_SCORE,mirza_partial_public_harvest,medium,49215
task157,E:\Jitter\kagglegolf\data\external\public_kernel_outputs\mirza_best_score\_src_A\task157.onnx,SRC_KAGGLE_NOTEBOOK_MIRZA_BEST_SCORE,mirza_partial_public_harvest,medium,327441
task158,E:\Jitter\kagglegolf\data\external\public_kernel_outputs\mirza_best_score\_src_A\task158.onnx,SRC_KAGGLE_NOTEBOOK_MIRZA_BEST_SCORE,mirza_partial_public_harvest,medium,58188
task159,E:\Jitter\kagglegolf\data\external\public_kernel_outputs\mirza_best_score\_src_A\task159.onnx,SRC_KAGGLE_NOTEBOOK_MIRZA_BEST_SCORE,mirza_partial_public_harvest,medium,12966
task160,E:\Jitter\kagglegolf\data\external\public_kernel_outputs\mirza_best_score\_src_A\task160.onnx,SRC_KAGGLE_NOTEBOOK_MIRZA_BEST_SCORE,mirza_partial_public_harvest,medium,2189
task161,E:\Jitter\kagglegolf\data\external\public_kernel_outputs\mirza_best_score\_src_A\task161.onnx,SRC_KAGGLE_NOTEBOOK_MIRZA_BEST_SCORE,mirza_partial_public_harvest,medium,6008
task162,E:\Jitter\kagglegolf\data\external\public_kernel_outputs\mirza_best_score\_src_A\task162.onnx,SRC_KAGGLE_NOTEBOOK_MIRZA_BEST_SCORE,mirza_partial_public_harvest,medium,2268
task163,E:\Jitter\kagglegolf\data\external\public_kernel_outputs\mirza_best_score\_src_A\task163.onnx,SRC_KAGGLE_NOTEBOOK_MIRZA_BEST_SCORE,mirza_partial_public_harvest,medium,13875
task164,E:\Jitter\kagglegolf\data\external\public_kernel_outputs\mirza_best_score\_src_A\task164.onnx,SRC_KAGGLE_NOTEBOOK_MIRZA_BEST_SCORE,mirza_partial_public_harvest,medium,479
task165,E:\Jitter\kagglegolf\data\external\public_kernel_outputs\mirza_best_score\_src_A\task165.onnx,SRC_KAGGLE_NOTEBOOK_MIRZA_BEST_SCORE,mirza_partial_public_harvest,medium,4910
task166,E:\Jitter\kagglegolf\data\external\public_kernel_outputs\mirza_best_score\_src_A\task166.onnx,SRC_KAGGLE_NOTEBOOK_MIRZA_BEST_SCORE,mirza_partial_public_harvest,medium,1628
task167,E:\Jitter\kagglegolf\data\external\public_kernel_outputs\mirza_best_score\_src_A\task167.onnx,SRC_KAGGLE_NOTEBOOK_MIRZA_BEST_SCORE,mirza_partial_public_harvest,medium,2375
task168,E:\Jitter\kagglegolf\data\external\public_kernel_outputs\mirza_best_score\_src_A\task168.onnx,SRC_KAGGLE_NOTEBOOK_MIRZA_BEST_SCORE,mirza_partial_public_harvest,medium,7297
task169,E:\Jitter\kagglegolf\data\external\public_kernel_outputs\mirza_best_score\_src_A\task169.onnx,SRC_KAGGLE_NOTEBOOK_MIRZA_BEST_SCORE,mirza_partial_public_harvest,medium,21301
task170,E:\Jitter\kagglegolf\data\external\public_kernel_outputs\mirza_best_score\_src_A\task170.onnx,SRC_KAGGLE_NOTEBOOK_MIRZA_BEST_SCORE,mirza_partial_public_harvest,medium,64849
task171,E:\Jitter\kagglegolf\data\external\public_kernel_outputs\mirza_best_score\_src_A\task171.onnx,SRC_KAGGLE_NOTEBOOK_MIRZA_BEST_SCORE,mirza_partial_public_harvest,medium,3825
task172,E:\Jitter\kagglegolf\data\external\public_kernel_outputs\mirza_best_score\_src_A\task172.onnx,SRC_KAGGLE_NOTEBOOK_MIRZA_BEST_SCORE,mirza_partial_public_harvest,medium,479
task173,E:\Jitter\kagglegolf\data\external\public_kernel_outputs\mirza_best_score\_src_A\task173.onnx,SRC_KAGGLE_NOTEBOOK_MIRZA_BEST_SCORE,mirza_partial_public_harvest,medium,10061
task174,E:\Jitter\kagglegolf\data\external\public_kernel_outputs\mirza_best_score\_src_A\task174.onnx,SRC_KAGGLE_NOTEBOOK_MIRZA_BEST_SCORE,mirza_partial_public_harvest,medium,61839
task175,E:\Jitter\kagglegolf\data\external\public_kernel_outputs\mirza_best_score\_src_A\task175.onnx,SRC_KAGGLE_NOTEBOOK_MIRZA_BEST_SCORE,mirza_partial_public_harvest,medium,11343
task176,E:\Jitter\kagglegolf\data\external\public_kernel_outputs\mirza_best_score\_src_A\task176.onnx,SRC_KAGGLE_NOTEBOOK_MIRZA_BEST_SCORE,mirza_partial_public_harvest,medium,1420
task177,E:\Jitter\kagglegolf\data\external\public_kernel_outputs\mirza_best_score\_src_A\task177.onnx,SRC_KAGGLE_NOTEBOOK_MIRZA_BEST_SCORE,mirza_partial_public_harvest,medium,4180
task178,E:\Jitter\kagglegolf\data\external\public_kernel_outputs\mirza_best_score\_src_A\task178.onnx,SRC_KAGGLE_NOTEBOOK_MIRZA_BEST_SCORE,mirza_partial_public_harvest,medium,11303
task179,E:\Jitter\kagglegolf\data\external\public_kernel_outputs\mirza_best_score\_src_A\task179.onnx,SRC_KAGGLE_NOTEBOOK_MIRZA_BEST_SCORE,mirza_partial_public_harvest,medium,170
task180,E:\Jitter\kagglegolf\data\external\public_kernel_outputs\mirza_best_score\_src_A\task180.onnx,SRC_KAGGLE_NOTEBOOK_MIRZA_BEST_SCORE,mirza_partial_public_harvest,medium,4414
task181,E:\Jitter\kagglegolf\data\external\public_kernel_outputs\mirza_best_score\_src_A\task181.onnx,SRC_KAGGLE_NOTEBOOK_MIRZA_BEST_SCORE,mirza_partial_public_harvest,medium,3083
task182,E:\Jitter\kagglegolf\data\external\public_kernel_outputs\mirza_best_score\_src_A\task182.onnx,SRC_KAGGLE_NOTEBOOK_MIRZA_BEST_SCORE,mirza_partial_public_harvest,medium,30831
task183,E:\Jitter\kagglegolf\data\external\public_kernel_outputs\mirza_best_score\_src_A\task183.onnx,SRC_KAGGLE_NOTEBOOK_MIRZA_BEST_SCORE,mirza_partial_public_harvest,medium,4645
task184,E:\Jitter\kagglegolf\data\external\public_kernel_outputs\mirza_best_score\_src_A\task184.onnx,SRC_KAGGLE_NOTEBOOK_MIRZA_BEST_SCORE,mirza_partial_public_harvest,medium,6934
task185,E:\Jitter\kagglegolf\data\external\public_kernel_outputs\mirza_best_score\_src_A\task185.onnx,SRC_KAGGLE_NOTEBOOK_MIRZA_BEST_SCORE,mirza_partial_public_harvest,medium,18881
task186,E:\Jitter\kagglegolf\data\external\public_kernel_outputs\mirza_best_score\_src_A\task186.onnx,SRC_KAGGLE_NOTEBOOK_MIRZA_BEST_SCORE,mirza_partial_public_harvest,medium,2418
task187,E:\Jitter\kagglegolf\data\external\public_kernel_outputs\mirza_best_score\_src_A\task187.onnx,SRC_KAGGLE_NOTEBOOK_MIRZA_BEST_SCORE,mirza_partial_public_harvest,medium,8852
task188,E:\Jitter\kagglegolf\data\external\public_kernel_outputs\mirza_best_score\_src_A\task188.onnx,SRC_KAGGLE_NOTEBOOK_MIRZA_BEST_SCORE,mirza_partial_public_harvest,medium,4356
task189,E:\Jitter\kagglegolf\data\external\public_kernel_outputs\mirza_best_score\_src_A\task189.onnx,SRC_KAGGLE_NOTEBOOK_MIRZA_BEST_SCORE,mirza_partial_public_harvest,medium,8560
task190,E:\Jitter\kagglegolf\data\external\public_kernel_outputs\mirza_best_score\_src_A\task190.onnx,SRC_KAGGLE_NOTEBOOK_MIRZA_BEST_SCORE,mirza_partial_public_harvest,medium,8781
task191,E:\Jitter\kagglegolf\data\external\public_kernel_outputs\mirza_best_score\_src_A\task191.onnx,SRC_KAGGLE_NOTEBOOK_MIRZA_BEST_SCORE,mirza_partial_public_harvest,medium,13532
task192,E:\Jitter\kagglegolf\data\external\public_kernel_outputs\mirza_best_score\_src_A\task192.onnx,SRC_KAGGLE_NOTEBOOK_MIRZA_BEST_SCORE,mirza_partial_public_harvest,medium,2511
task193,E:\Jitter\kagglegolf\data\external\public_kernel_outputs\mirza_best_score\_src_A\task193.onnx,SRC_KAGGLE_NOTEBOOK_MIRZA_BEST_SCORE,mirza_partial_public_harvest,medium,1925
task194,E:\Jitter\kagglegolf\data\external\public_kernel_outputs\mirza_best_score\_src_A\task194.onnx,SRC_KAGGLE_NOTEBOOK_MIRZA_BEST_SCORE,mirza_partial_public_harvest,medium,7454
task195,E:\Jitter\kagglegolf\data\external\public_kernel_outputs\mirza_best_score\_src_A\task195.onnx,SRC_KAGGLE_NOTEBOOK_MIRZA_BEST_SCORE,mirza_partial_public_harvest,medium,5381
task196,E:\Jitter\kagglegolf\data\external\public_kernel_outputs\mirza_best_score\_src_A\task196.onnx,SRC_KAGGLE_NOTEBOOK_MIRZA_BEST_SCORE,mirza_partial_public_harvest,medium,3457
task197,E:\Jitter\kagglegolf\data\external\public_kernel_outputs\mirza_best_score\_src_A\task197.onnx,SRC_KAGGLE_NOTEBOOK_MIRZA_BEST_SCORE,mirza_partial_public_harvest,medium,1758
task198,E:\Jitter\kagglegolf\data\external\public_kernel_outputs\mirza_best_score\_src_A\task198.onnx,SRC_KAGGLE_NOTEBOOK_MIRZA_BEST_SCORE,mirza_partial_public_harvest,medium,6979
task199,E:\Jitter\kagglegolf\data\external\public_kernel_outputs\mirza_best_score\_src_A\task199.onnx,SRC_KAGGLE_NOTEBOOK_MIRZA_BEST_SCORE,mirza_partial_public_harvest,medium,2948
task200,E:\Jitter\kagglegolf\data\external\public_kernel_outputs\mirza_best_score\_src_A\task200.onnx,SRC_KAGGLE_NOTEBOOK_MIRZA_BEST_SCORE,mirza_partial_public_harvest,medium,3848
task201,E:\Jitter\kagglegolf\data\external\public_kernel_outputs\mirza_best_score\_src_A\task201.onnx,SRC_KAGGLE_NOTEBOOK_MIRZA_BEST_SCORE,mirza_partial_public_harvest,medium,10924
task202,E:\Jitter\kagglegolf\data\external\public_kernel_outputs\mirza_best_score\_src_A\task202.onnx,SRC_KAGGLE_NOTEBOOK_MIRZA_BEST_SCORE,mirza_partial_public_harvest,medium,3582
task203,E:\Jitter\kagglegolf\data\external\public_kernel_outputs\mirza_best_score\_src_A\task203.onnx,SRC_KAGGLE_NOTEBOOK_MIRZA_BEST_SCORE,mirza_partial_public_harvest,medium,6437
task204,E:\Jitter\kagglegolf\data\external\public_kernel_outputs\mirza_best_score\_src_A\task204.onnx,SRC_KAGGLE_NOTEBOOK_MIRZA_BEST_SCORE,mirza_partial_public_harvest,medium,9669
task205,E:\Jitter\kagglegolf\data\external\public_kernel_outputs\mirza_best_score\_src_A\task205.onnx,SRC_KAGGLE_NOTEBOOK_MIRZA_BEST_SCORE,mirza_partial_public_harvest,medium,48180
task206,E:\Jitter\kagglegolf\data\external\public_kernel_outputs\mirza_best_score\_src_A\task206.onnx,SRC_KAGGLE_NOTEBOOK_MIRZA_BEST_SCORE,mirza_partial_public_harvest,medium,20303
task207,E:\Jitter\kagglegolf\data\external\public_kernel_outputs\mirza_best_score\_src_A\task207.onnx,SRC_KAGGLE_NOTEBOOK_MIRZA_BEST_SCORE,mirza_partial_public_harvest,medium,2330
task208,E:\Jitter\kagglegolf\data\external\public_kernel_outputs\mirza_best_score\_src_A\task208.onnx,SRC_KAGGLE_NOTEBOOK_MIRZA_BEST_SCORE,mirza_partial_public_harvest,medium,15885
task209,E:\Jitter\kagglegolf\data\external\public_kernel_outputs\mirza_best_score\_src_A\task209.onnx,SRC_KAGGLE_NOTEBOOK_MIRZA_BEST_SCORE,mirza_partial_public_harvest,medium,122649
task210,E:\Jitter\kagglegolf\data\external\public_kernel_outputs\mirza_best_score\_src_A\task210.onnx,SRC_KAGGLE_NOTEBOOK_MIRZA_BEST_SCORE,mirza_partial_public_harvest,medium,479
task211,E:\Jitter\kagglegolf\data\external\public_kernel_outputs\mirza_best_score\_src_A\task211.onnx,SRC_KAGGLE_NOTEBOOK_MIRZA_BEST_SCORE,mirza_partial_public_harvest,medium,7454
task212,E:\Jitter\kagglegolf\data\external\public_kernel_outputs\mirza_best_score\_src_A\task212.onnx,SRC_KAGGLE_NOTEBOOK_MIRZA_BEST_SCORE,mirza_partial_public_harvest,medium,6853
task213,E:\Jitter\kagglegolf\data\external\public_kernel_outputs\mirza_best_score\_src_A\task213.onnx,SRC_KAGGLE_NOTEBOOK_MIRZA_BEST_SCORE,mirza_partial_public_harvest,medium,26897
task214,E:\Jitter\kagglegolf\data\external\public_kernel_outputs\mirza_best_score\_src_A\task214.onnx,SRC_KAGGLE_NOTEBOOK_MIRZA_BEST_SCORE,mirza_partial_public_harvest,medium,7454
task215,E:\Jitter\kagglegolf\data\external\public_kernel_outputs\mirza_best_score\_src_A\task215.onnx,SRC_KAGGLE_NOTEBOOK_MIRZA_BEST_SCORE,mirza_partial_public_harvest,medium,4015
task216,E:\Jitter\kagglegolf\data\external\public_kernel_outputs\mirza_best_score\_src_A\task216.onnx,SRC_KAGGLE_NOTEBOOK_MIRZA_BEST_SCORE,mirza_partial_public_harvest,medium,19626
task217,E:\Jitter\kagglegolf\data\external\public_kernel_outputs\mirza_best_score\_src_A\task217.onnx,SRC_KAGGLE_NOTEBOOK_MIRZA_BEST_SCORE,mirza_partial_public_harvest,medium,7268
task218,E:\Jitter\kagglegolf\data\external\public_kernel_outputs\mirza_best_score\_src_A\task218.onnx,SRC_KAGGLE_NOTEBOOK_MIRZA_BEST_SCORE,mirza_partial_public_harvest,medium,9594
task219,E:\Jitter\kagglegolf\data\external\public_kernel_outputs\mirza_best_score\_src_A\task219.onnx,SRC_KAGGLE_NOTEBOOK_MIRZA_BEST_SCORE,mirza_partial_public_harvest,medium,87016
task220,E:\Jitter\kagglegolf\data\external\public_kernel_outputs\mirza_best_score\_src_A\task220.onnx,SRC_KAGGLE_NOTEBOOK_MIRZA_BEST_SCORE,mirza_partial_public_harvest,medium,3798
task221,E:\Jitter\kagglegolf\data\external\public_kernel_outputs\mirza_best_score\_src_A\task221.onnx,SRC_KAGGLE_NOTEBOOK_MIRZA_BEST_SCORE,mirza_partial_public_harvest,medium,13333
task222,E:\Jitter\kagglegolf\data\external\public_kernel_outputs\mirza_best_score\_src_A\task222.onnx,SRC_KAGGLE_NOTEBOOK_MIRZA_BEST_SCORE,mirza_partial_public_harvest,medium,2578
task223,E:\Jitter\kagglegolf\data\external\public_kernel_outputs\mirza_best_score\_src_A\task223.onnx,SRC_KAGGLE_NOTEBOOK_MIRZA_BEST_SCORE,mirza_partial_public_harvest,medium,7454
task224,E:\Jitter\kagglegolf\data\external\public_kernel_outputs\mirza_best_score\_src_A\task224.onnx,SRC_KAGGLE_NOTEBOOK_MIRZA_BEST_SCORE,mirza_partial_public_harvest,medium,6314
task225,E:\Jitter\kagglegolf\data\external\public_kernel_outputs\mirza_best_score\_src_A\task225.onnx,SRC_KAGGLE_NOTEBOOK_MIRZA_BEST_SCORE,mirza_partial_public_harvest,medium,5386
task226,E:\Jitter\kagglegolf\data\external\public_kernel_outputs\mirza_best_score\_src_A\task226.onnx,SRC_KAGGLE_NOTEBOOK_MIRZA_BEST_SCORE,mirza_partial_public_harvest,medium,4694
task227,E:\Jitter\kagglegolf\data\external\public_kernel_outputs\mirza_best_score\_src_A\task227.onnx,SRC_KAGGLE_NOTEBOOK_MIRZA_BEST_SCORE,mirza_partial_public_harvest,medium,1435
task228,E:\Jitter\kagglegolf\data\external\public_kernel_outputs\mirza_best_score\_src_A\task228.onnx,SRC_KAGGLE_NOTEBOOK_MIRZA_BEST_SCORE,mirza_partial_public_harvest,medium,4406
task229,E:\Jitter\kagglegolf\data\external\public_kernel_outputs\mirza_best_score\_src_A\task229.onnx,SRC_KAGGLE_NOTEBOOK_MIRZA_BEST_SCORE,mirza_partial_public_harvest,medium,1735
task230,E:\Jitter\kagglegolf\data\external\public_kernel_outputs\mirza_best_score\_src_A\task230.onnx,SRC_KAGGLE_NOTEBOOK_MIRZA_BEST_SCORE,mirza_partial_public_harvest,medium,3798
task231,E:\Jitter\kagglegolf\data\external\public_kernel_outputs\mirza_best_score\_src_A\task231.onnx,SRC_KAGGLE_NOTEBOOK_MIRZA_BEST_SCORE,mirza_partial_public_harvest,medium,3468
task232,E:\Jitter\kagglegolf\data\external\public_kernel_outputs\mirza_best_score\_src_A\task232.onnx,SRC_KAGGLE_NOTEBOOK_MIRZA_BEST_SCORE,mirza_partial_public_harvest,medium,2435
task233,E:\Jitter\kagglegolf\data\external\public_kernel_outputs\mirza_best_score\_src_A\task233.onnx,SRC_KAGGLE_NOTEBOOK_MIRZA_BEST_SCORE,mirza_partial_public_harvest,medium,321271
task234,E:\Jitter\kagglegolf\data\external\public_kernel_outputs\mirza_best_score\_src_A\task234.onnx,SRC_KAGGLE_NOTEBOOK_MIRZA_BEST_SCORE,mirza_partial_public_harvest,medium,8333
task235,E:\Jitter\kagglegolf\data\external\public_kernel_outputs\mirza_best_score\_src_A\task235.onnx,SRC_KAGGLE_NOTEBOOK_MIRZA_BEST_SCORE,mirza_partial_public_harvest,medium,3931
task236,E:\Jitter\kagglegolf\data\external\public_kernel_outputs\mirza_best_score\_src_A\task236.onnx,SRC_KAGGLE_NOTEBOOK_MIRZA_BEST_SCORE,mirza_partial_public_harvest,medium,1511
task237,E:\Jitter\kagglegolf\data\external\public_kernel_outputs\mirza_best_score\_src_A\task237.onnx,SRC_KAGGLE_NOTEBOOK_MIRZA_BEST_SCORE,mirza_partial_public_harvest,medium,2237
task238,E:\Jitter\kagglegolf\data\external\public_kernel_outputs\mirza_best_score\_src_A\task238.onnx,SRC_KAGGLE_NOTEBOOK_MIRZA_BEST_SCORE,mirza_partial_public_harvest,medium,11927
task239,E:\Jitter\kagglegolf\data\external\public_kernel_outputs\mirza_best_score\_src_A\task239.onnx,SRC_KAGGLE_NOTEBOOK_MIRZA_BEST_SCORE,mirza_partial_public_harvest,medium,4143
task240,E:\Jitter\kagglegolf\data\external\public_kernel_outputs\mirza_best_score\_src_A\task240.onnx,SRC_KAGGLE_NOTEBOOK_MIRZA_BEST_SCORE,mirza_partial_public_harvest,medium,3953
task241,E:\Jitter\kagglegolf\data\external\public_kernel_outputs\mirza_best_score\_src_A\task241.onnx,SRC_KAGGLE_NOTEBOOK_MIRZA_BEST_SCORE,mirza_partial_public_harvest,medium,170
task242,E:\Jitter\kagglegolf\data\external\public_kernel_outputs\mirza_best_score\_src_A\task242.onnx,SRC_KAGGLE_NOTEBOOK_MIRZA_BEST_SCORE,mirza_partial_public_harvest,medium,1968
task243,E:\Jitter\kagglegolf\data\external\public_kernel_outputs\mirza_best_score\_src_A\task243.onnx,SRC_KAGGLE_NOTEBOOK_MIRZA_BEST_SCORE,mirza_partial_public_harvest,medium,16926
task244,E:\Jitter\kagglegolf\data\external\public_kernel_outputs\mirza_best_score\_src_A\task244.onnx,SRC_KAGGLE_NOTEBOOK_MIRZA_BEST_SCORE,mirza_partial_public_harvest,medium,6538
task245,E:\Jitter\kagglegolf\data\external\public_kernel_outputs\mirza_best_score\_src_A\task245.onnx,SRC_KAGGLE_NOTEBOOK_MIRZA_BEST_SCORE,mirza_partial_public_harvest,medium,2843
task246,E:\Jitter\kagglegolf\data\external\public_kernel_outputs\mirza_best_score\_src_A\task246.onnx,SRC_KAGGLE_NOTEBOOK_MIRZA_BEST_SCORE,mirza_partial_public_harvest,medium,3824
task247,E:\Jitter\kagglegolf\data\external\public_kernel_outputs\mirza_best_score\_src_A\task247.onnx,SRC_KAGGLE_NOTEBOOK_MIRZA_BEST_SCORE,mirza_partial_public_harvest,medium,2056
task248,E:\Jitter\kagglegolf\data\external\public_kernel_outputs\mirza_best_score\_src_A\task248.onnx,SRC_KAGGLE_NOTEBOOK_MIRZA_BEST_SCORE,mirza_partial_public_harvest,medium,2328
task249,E:\Jitter\kagglegolf\data\external\public_kernel_outputs\mirza_best_score\_src_A\task249.onnx,SRC_KAGGLE_NOTEBOOK_MIRZA_BEST_SCORE,mirza_partial_public_harvest,medium,2901
task250,E:\Jitter\kagglegolf\data\external\public_kernel_outputs\mirza_best_score\_src_A\task250.onnx,SRC_KAGGLE_NOTEBOOK_MIRZA_BEST_SCORE,mirza_partial_public_harvest,medium,13543
task251,E:\Jitter\kagglegolf\data\external\public_kernel_outputs\mirza_best_score\_src_A\task251.onnx,SRC_KAGGLE_NOTEBOOK_MIRZA_BEST_SCORE,mirza_partial_public_harvest,medium,6906
task252,E:\Jitter\kagglegolf\data\external\public_kernel_outputs\mirza_best_score\_src_A\task252.onnx,SRC_KAGGLE_NOTEBOOK_MIRZA_BEST_SCORE,mirza_partial_public_harvest,medium,4879
task253,E:\Jitter\kagglegolf\data\external\public_kernel_outputs\mirza_best_score\_src_A\task253.onnx,SRC_KAGGLE_NOTEBOOK_MIRZA_BEST_SCORE,mirza_partial_public_harvest,medium,3510
task254,E:\Jitter\kagglegolf\data\external\public_kernel_outputs\mirza_best_score\_src_A\task254.onnx,SRC_KAGGLE_NOTEBOOK_MIRZA_BEST_SCORE,mirza_partial_public_harvest,medium,6052
task255,E:\Jitter\kagglegolf\data\external\public_kernel_outputs\mirza_best_score\_src_A\task255.onnx,SRC_KAGGLE_NOTEBOOK_MIRZA_BEST_SCORE,mirza_partial_public_harvest,medium,301761
task256,E:\Jitter\kagglegolf\data\external\public_kernel_outputs\mirza_best_score\_src_A\task256.onnx,SRC_KAGGLE_NOTEBOOK_MIRZA_BEST_SCORE,mirza_partial_public_harvest,medium,8793
task257,E:\Jitter\kagglegolf\data\external\public_kernel_outputs\mirza_best_score\_src_A\task257.onnx,SRC_KAGGLE_NOTEBOOK_MIRZA_BEST_SCORE,mirza_partial_public_harvest,medium,1669
task258,E:\Jitter\kagglegolf\data\external\public_kernel_outputs\mirza_best_score\_src_A\task258.onnx,SRC_KAGGLE_NOTEBOOK_MIRZA_BEST_SCORE,mirza_partial_public_harvest,medium,3836
task259,E:\Jitter\kagglegolf\data\external\public_kernel_outputs\mirza_best_score\_src_A\task259.onnx,SRC_KAGGLE_NOTEBOOK_MIRZA_BEST_SCORE,mirza_partial_public_harvest,medium,3882
task260,E:\Jitter\kagglegolf\data\external\public_kernel_outputs\mirza_best_score\_src_A\task260.onnx,SRC_KAGGLE_NOTEBOOK_MIRZA_BEST_SCORE,mirza_partial_public_harvest,medium,3320
task261,E:\Jitter\kagglegolf\data\external\public_kernel_outputs\mirza_best_score\_src_A\task261.onnx,SRC_KAGGLE_NOTEBOOK_MIRZA_BEST_SCORE,mirza_partial_public_harvest,medium,995
task262,E:\Jitter\kagglegolf\data\external\public_kernel_outputs\mirza_best_score\_src_A\task262.onnx,SRC_KAGGLE_NOTEBOOK_MIRZA_BEST_SCORE,mirza_partial_public_harvest,medium,1329
task263,E:\Jitter\kagglegolf\data\external\public_kernel_outputs\mirza_best_score\_src_A\task263.onnx,SRC_KAGGLE_NOTEBOOK_MIRZA_BEST_SCORE,mirza_partial_public_harvest,medium,10867
task264,E:\Jitter\kagglegolf\data\external\public_kernel_outputs\mirza_best_score\_src_A\task264.onnx,SRC_KAGGLE_NOTEBOOK_MIRZA_BEST_SCORE,mirza_partial_public_harvest,medium,10074
task265,E:\Jitter\kagglegolf\data\external\public_kernel_outputs\mirza_best_score\_src_A\task265.onnx,SRC_KAGGLE_NOTEBOOK_MIRZA_BEST_SCORE,mirza_partial_public_harvest,medium,3110
task266,E:\Jitter\kagglegolf\data\external\public_kernel_outputs\mirza_best_score\_src_A\task266.onnx,SRC_KAGGLE_NOTEBOOK_MIRZA_BEST_SCORE,mirza_partial_public_harvest,medium,3825
task267,E:\Jitter\kagglegolf\data\external\public_kernel_outputs\mirza_best_score\_src_A\task267.onnx,SRC_KAGGLE_NOTEBOOK_MIRZA_BEST_SCORE,mirza_partial_public_harvest,medium,1659
task268,E:\Jitter\kagglegolf\data\external\public_kernel_outputs\mirza_best_score\_src_A\task268.onnx,SRC_KAGGLE_NOTEBOOK_MIRZA_BEST_SCORE,mirza_partial_public_harvest,medium,19789
task269,E:\Jitter\kagglegolf\data\external\public_kernel_outputs\mirza_best_score\_src_A\task269.onnx,SRC_KAGGLE_NOTEBOOK_MIRZA_BEST_SCORE,mirza_partial_public_harvest,medium,3349
task270,E:\Jitter\kagglegolf\data\external\public_kernel_outputs\mirza_best_score\_src_A\task270.onnx,SRC_KAGGLE_NOTEBOOK_MIRZA_BEST_SCORE,mirza_partial_public_harvest,medium,10862
task271,E:\Jitter\kagglegolf\data\external\public_kernel_outputs\mirza_best_score\_src_A\task271.onnx,SRC_KAGGLE_NOTEBOOK_MIRZA_BEST_SCORE,mirza_partial_public_harvest,medium,1993
task272,E:\Jitter\kagglegolf\data\external\public_kernel_outputs\mirza_best_score\_src_A\task272.onnx,SRC_KAGGLE_NOTEBOOK_MIRZA_BEST_SCORE,mirza_partial_public_harvest,medium,3825
task273,E:\Jitter\kagglegolf\data\external\public_kernel_outputs\mirza_best_score\_src_A\task273.onnx,SRC_KAGGLE_NOTEBOOK_MIRZA_BEST_SCORE,mirza_partial_public_harvest,medium,2414
task274,E:\Jitter\kagglegolf\data\external\public_kernel_outputs\mirza_best_score\_src_A\task274.onnx,SRC_KAGGLE_NOTEBOOK_MIRZA_BEST_SCORE,mirza_partial_public_harvest,medium,3619
task275,E:\Jitter\kagglegolf\data\external\public_kernel_outputs\mirza_best_score\_src_A\task275.onnx,SRC_KAGGLE_NOTEBOOK_MIRZA_BEST_SCORE,mirza_partial_public_harvest,medium,24193
task276,E:\Jitter\kagglegolf\data\external\public_kernel_outputs\mirza_best_score\_src_A\task276.onnx,SRC_KAGGLE_NOTEBOOK_MIRZA_BEST_SCORE,mirza_partial_public_harvest,medium,217
task277,E:\Jitter\kagglegolf\data\external\public_kernel_outputs\mirza_best_score\_src_A\task277.onnx,SRC_KAGGLE_NOTEBOOK_MIRZA_BEST_SCORE,mirza_partial_public_harvest,medium,6687
task278,E:\Jitter\kagglegolf\data\external\public_kernel_outputs\mirza_best_score\_src_A\task278.onnx,SRC_KAGGLE_NOTEBOOK_MIRZA_BEST_SCORE,mirza_partial_public_harvest,medium,3294
task279,E:\Jitter\kagglegolf\data\external\public_kernel_outputs\mirza_best_score\_src_A\task279.onnx,SRC_KAGGLE_NOTEBOOK_MIRZA_BEST_SCORE,mirza_partial_public_harvest,medium,4658
task280,E:\Jitter\kagglegolf\data\external\public_kernel_outputs\mirza_best_score\_src_A\task280.onnx,SRC_KAGGLE_NOTEBOOK_MIRZA_BEST_SCORE,mirza_partial_public_harvest,medium,16655
task281,E:\Jitter\kagglegolf\data\external\public_kernel_outputs\mirza_best_score\_src_A\task281.onnx,SRC_KAGGLE_NOTEBOOK_MIRZA_BEST_SCORE,mirza_partial_public_harvest,medium,7659
task282,E:\Jitter\kagglegolf\data\external\public_kernel_outputs\mirza_best_score\_src_A\task282.onnx,SRC_KAGGLE_NOTEBOOK_MIRZA_BEST_SCORE,mirza_partial_public_harvest,medium,3798
task283,E:\Jitter\kagglegolf\data\external\public_kernel_outputs\mirza_best_score\_src_A\task283.onnx,SRC_KAGGLE_NOTEBOOK_MIRZA_BEST_SCORE,mirza_partial_public_harvest,medium,3825
task284,E:\Jitter\kagglegolf\data\external\public_kernel_outputs\mirza_best_score\_src_A\task284.onnx,SRC_KAGGLE_NOTEBOOK_MIRZA_BEST_SCORE,mirza_partial_public_harvest,medium,30975
task285,E:\Jitter\kagglegolf\data\external\public_kernel_outputs\mirza_best_score\_src_A\task285.onnx,SRC_KAGGLE_NOTEBOOK_MIRZA_BEST_SCORE,mirza_partial_public_harvest,medium,64932
task286,E:\Jitter\kagglegolf\data\external\public_kernel_outputs\mirza_best_score\_src_A\task286.onnx,SRC_KAGGLE_NOTEBOOK_MIRZA_BEST_SCORE,mirza_partial_public_harvest,medium,19743
task287,E:\Jitter\kagglegolf\data\external\public_kernel_outputs\mirza_best_score\_src_A\task287.onnx,SRC_KAGGLE_NOTEBOOK_MIRZA_BEST_SCORE,mirza_partial_public_harvest,medium,1706
task288,E:\Jitter\kagglegolf\data\external\public_kernel_outputs\mirza_best_score\_src_A\task288.onnx,SRC_KAGGLE_NOTEBOOK_MIRZA_BEST_SCORE,mirza_partial_public_harvest,medium,7847
task289,E:\Jitter\kagglegolf\data\external\public_kernel_outputs\mirza_best_score\_src_A\task289.onnx,SRC_KAGGLE_NOTEBOOK_MIRZA_BEST_SCORE,mirza_partial_public_harvest,medium,2883
task290,E:\Jitter\kagglegolf\data\external\public_kernel_outputs\mirza_best_score\_src_A\task290.onnx,SRC_KAGGLE_NOTEBOOK_MIRZA_BEST_SCORE,mirza_partial_public_harvest,medium,42089
task291,E:\Jitter\kagglegolf\data\external\public_kernel_outputs\mirza_best_score\_src_A\task291.onnx,SRC_KAGGLE_NOTEBOOK_MIRZA_BEST_SCORE,mirza_partial_public_harvest,medium,6009
task292,E:\Jitter\kagglegolf\data\external\public_kernel_outputs\mirza_best_score\_src_A\task292.onnx,SRC_KAGGLE_NOTEBOOK_MIRZA_BEST_SCORE,mirza_partial_public_harvest,medium,1411
task293,E:\Jitter\kagglegolf\data\external\public_kernel_outputs\mirza_best_score\_src_A\task293.onnx,SRC_KAGGLE_NOTEBOOK_MIRZA_BEST_SCORE,mirza_partial_public_harvest,medium,9897
task294,E:\Jitter\kagglegolf\data\external\public_kernel_outputs\mirza_best_score\_src_A\task294.onnx,SRC_KAGGLE_NOTEBOOK_MIRZA_BEST_SCORE,mirza_partial_public_harvest,medium,3825
task295,E:\Jitter\kagglegolf\data\external\public_kernel_outputs\mirza_best_score\_src_A\task295.onnx,SRC_KAGGLE_NOTEBOOK_MIRZA_BEST_SCORE,mirza_partial_public_harvest,medium,2771
task296,E:\Jitter\kagglegolf\data\external\public_kernel_outputs\mirza_best_score\_src_A\task296.onnx,SRC_KAGGLE_NOTEBOOK_MIRZA_BEST_SCORE,mirza_partial_public_harvest,medium,2843
task297,E:\Jitter\kagglegolf\data\external\public_kernel_outputs\mirza_best_score\_src_A\task297.onnx,SRC_KAGGLE_NOTEBOOK_MIRZA_BEST_SCORE,mirza_partial_public_harvest,medium,2651
task298,E:\Jitter\kagglegolf\data\external\public_kernel_outputs\mirza_best_score\_src_A\task298.onnx,SRC_KAGGLE_NOTEBOOK_MIRZA_BEST_SCORE,mirza_partial_public_harvest,medium,5059
task299,E:\Jitter\kagglegolf\data\external\public_kernel_outputs\mirza_best_score\_src_A\task299.onnx,SRC_KAGGLE_NOTEBOOK_MIRZA_BEST_SCORE,mirza_partial_public_harvest,medium,1980
task300,E:\Jitter\kagglegolf\data\external\public_kernel_outputs\mirza_best_score\_src_A\task300.onnx,SRC_KAGGLE_NOTEBOOK_MIRZA_BEST_SCORE,mirza_partial_public_harvest,medium,4688
task301,E:\Jitter\kagglegolf\data\external\public_kernel_outputs\mirza_best_score\_src_A\task301.onnx,SRC_KAGGLE_NOTEBOOK_MIRZA_BEST_SCORE,mirza_partial_public_harvest,medium,19261
task302,E:\Jitter\kagglegolf\data\external\public_kernel_outputs\mirza_best_score\_src_A\task302.onnx,SRC_KAGGLE_NOTEBOOK_MIRZA_BEST_SCORE,mirza_partial_public_harvest,medium,4372
task303,E:\Jitter\kagglegolf\data\external\public_kernel_outputs\mirza_best_score\_src_A\task303.onnx,SRC_KAGGLE_NOTEBOOK_MIRZA_BEST_SCORE,mirza_partial_public_harvest,medium,2084
task304,E:\Jitter\kagglegolf\data\external\public_kernel_outputs\mirza_best_score\_src_A\task304.onnx,SRC_KAGGLE_NOTEBOOK_MIRZA_BEST_SCORE,mirza_partial_public_harvest,medium,2136
task305,E:\Jitter\kagglegolf\data\external\public_kernel_outputs\mirza_best_score\_src_A\task305.onnx,SRC_KAGGLE_NOTEBOOK_MIRZA_BEST_SCORE,mirza_partial_public_harvest,medium,1865
task306,E:\Jitter\kagglegolf\data\external\public_kernel_outputs\mirza_best_score\_src_A\task306.onnx,SRC_KAGGLE_NOTEBOOK_MIRZA_BEST_SCORE,mirza_partial_public_harvest,medium,4155
task307,E:\Jitter\kagglegolf\data\external\public_kernel_outputs\mirza_best_score\_src_A\task307.onnx,SRC_KAGGLE_NOTEBOOK_MIRZA_BEST_SCORE,mirza_partial_public_harvest,medium,7454
task308,E:\Jitter\kagglegolf\data\external\public_kernel_outputs\mirza_best_score\_src_A\task308.onnx,SRC_KAGGLE_NOTEBOOK_MIRZA_BEST_SCORE,mirza_partial_public_harvest,medium,6118
task309,E:\Jitter\kagglegolf\data\external\public_kernel_outputs\mirza_best_score\_src_A\task309.onnx,SRC_KAGGLE_NOTEBOOK_MIRZA_BEST_SCORE,mirza_partial_public_harvest,medium,217
task310,E:\Jitter\kagglegolf\data\external\public_kernel_outputs\mirza_best_score\_src_A\task310.onnx,SRC_KAGGLE_NOTEBOOK_MIRZA_BEST_SCORE,mirza_partial_public_harvest,medium,5449
task311,E:\Jitter\kagglegolf\data\external\public_kernel_outputs\mirza_best_score\_src_A\task311.onnx,SRC_KAGGLE_NOTEBOOK_MIRZA_BEST_SCORE,mirza_partial_public_harvest,medium,479
task312,E:\Jitter\kagglegolf\data\external\public_kernel_outputs\mirza_best_score\_src_A\task312.onnx,SRC_KAGGLE_NOTEBOOK_MIRZA_BEST_SCORE,mirza_partial_public_harvest,medium,1202
task313,E:\Jitter\kagglegolf\data\external\public_kernel_outputs\mirza_best_score\_src_A\task313.onnx,SRC_KAGGLE_NOTEBOOK_MIRZA_BEST_SCORE,mirza_partial_public_harvest,medium,39887
task314,E:\Jitter\kagglegolf\data\external\public_kernel_outputs\mirza_best_score\_src_A\task314.onnx,SRC_KAGGLE_NOTEBOOK_MIRZA_BEST_SCORE,mirza_partial_public_harvest,medium,28414
task315,E:\Jitter\kagglegolf\data\external\public_kernel_outputs\mirza_best_score\_src_A\task315.onnx,SRC_KAGGLE_NOTEBOOK_MIRZA_BEST_SCORE,mirza_partial_public_harvest,medium,1520
task316,E:\Jitter\kagglegolf\data\external\public_kernel_outputs\mirza_best_score\_src_A\task316.onnx,SRC_KAGGLE_NOTEBOOK_MIRZA_BEST_SCORE,mirza_partial_public_harvest,medium,5537
task317,E:\Jitter\kagglegolf\data\external\public_kernel_outputs\mirza_best_score\_src_A\task317.onnx,SRC_KAGGLE_NOTEBOOK_MIRZA_BEST_SCORE,mirza_partial_public_harvest,medium,3798
task318,E:\Jitter\kagglegolf\data\external\public_kernel_outputs\mirza_best_score\_src_A\task318.onnx,SRC_KAGGLE_NOTEBOOK_MIRZA_BEST_SCORE,mirza_partial_public_harvest,medium,1569
task319,E:\Jitter\kagglegolf\data\external\public_kernel_outputs\mirza_best_score\_src_A\task319.onnx,SRC_KAGGLE_NOTEBOOK_MIRZA_BEST_SCORE,mirza_partial_public_harvest,medium,260816
task320,E:\Jitter\kagglegolf\data\external\public_kernel_outputs\mirza_best_score\_src_A\task320.onnx,SRC_KAGGLE_NOTEBOOK_MIRZA_BEST_SCORE,mirza_partial_public_harvest,medium,2183
task321,E:\Jitter\kagglegolf\data\external\public_kernel_outputs\mirza_best_score\_src_A\task321.onnx,SRC_KAGGLE_NOTEBOOK_MIRZA_BEST_SCORE,mirza_partial_public_harvest,medium,2449
task322,E:\Jitter\kagglegolf\data\external\public_kernel_outputs\mirza_best_score\_src_A\task322.onnx,SRC_KAGGLE_NOTEBOOK_MIRZA_BEST_SCORE,mirza_partial_public_harvest,medium,985
task323,E:\Jitter\kagglegolf\data\external\public_kernel_outputs\mirza_best_score\_src_A\task323.onnx,SRC_KAGGLE_NOTEBOOK_MIRZA_BEST_SCORE,mirza_partial_public_harvest,medium,2497
task324,E:\Jitter\kagglegolf\data\external\public_kernel_outputs\mirza_best_score\_src_A\task324.onnx,SRC_KAGGLE_NOTEBOOK_MIRZA_BEST_SCORE,mirza_partial_public_harvest,medium,26081
task325,E:\Jitter\kagglegolf\data\external\public_kernel_outputs\mirza_best_score\_src_A\task325.onnx,SRC_KAGGLE_NOTEBOOK_MIRZA_BEST_SCORE,mirza_partial_public_harvest,medium,5072
task326,E:\Jitter\kagglegolf\data\external\public_kernel_outputs\mirza_best_score\_src_A\task326.onnx,SRC_KAGGLE_NOTEBOOK_MIRZA_BEST_SCORE,mirza_partial_public_harvest,medium,388
task327,E:\Jitter\kagglegolf\data\external\public_kernel_outputs\mirza_best_score\_src_A\task327.onnx,SRC_KAGGLE_NOTEBOOK_MIRZA_BEST_SCORE,mirza_partial_public_harvest,medium,2235
task328,E:\Jitter\kagglegolf\data\external\public_kernel_outputs\mirza_best_score\_src_A\task328.onnx,SRC_KAGGLE_NOTEBOOK_MIRZA_BEST_SCORE,mirza_partial_public_harvest,medium,16420
task329,E:\Jitter\kagglegolf\data\external\public_kernel_outputs\mirza_best_score\_src_A\task329.onnx,SRC_KAGGLE_NOTEBOOK_MIRZA_BEST_SCORE,mirza_partial_public_harvest,medium,2361
task330,E:\Jitter\kagglegolf\data\external\public_kernel_outputs\mirza_best_score\_src_A\task330.onnx,SRC_KAGGLE_NOTEBOOK_MIRZA_BEST_SCORE,mirza_partial_public_harvest,medium,7543
task331,E:\Jitter\kagglegolf\data\external\public_kernel_outputs\mirza_best_score\_src_A\task331.onnx,SRC_KAGGLE_NOTEBOOK_MIRZA_BEST_SCORE,mirza_partial_public_harvest,medium,3836
task332,E:\Jitter\kagglegolf\data\external\public_kernel_outputs\mirza_best_score\_src_A\task332.onnx,SRC_KAGGLE_NOTEBOOK_MIRZA_BEST_SCORE,mirza_partial_public_harvest,medium,4180
task333,E:\Jitter\kagglegolf\data\external\public_kernel_outputs\mirza_best_score\_src_A\task333.onnx,SRC_KAGGLE_NOTEBOOK_MIRZA_BEST_SCORE,mirza_partial_public_harvest,medium,4379
task334,E:\Jitter\kagglegolf\data\external\public_kernel_outputs\mirza_best_score\_src_A\task334.onnx,SRC_KAGGLE_NOTEBOOK_MIRZA_BEST_SCORE,mirza_partial_public_harvest,medium,2063
task335,E:\Jitter\kagglegolf\data\external\public_kernel_outputs\mirza_best_score\_src_A\task335.onnx,SRC_KAGGLE_NOTEBOOK_MIRZA_BEST_SCORE,mirza_partial_public_harvest,medium,3914
task336,E:\Jitter\kagglegolf\data\external\public_kernel_outputs\mirza_best_score\_src_A\task336.onnx,SRC_KAGGLE_NOTEBOOK_MIRZA_BEST_SCORE,mirza_partial_public_harvest,medium,5276
task337,E:\Jitter\kagglegolf\data\external\public_kernel_outputs\mirza_best_score\_src_A\task337.onnx,SRC_KAGGLE_NOTEBOOK_MIRZA_BEST_SCORE,mirza_partial_public_harvest,medium,159
task338,E:\Jitter\kagglegolf\data\external\public_kernel_outputs\mirza_best_score\_src_A\task338.onnx,SRC_KAGGLE_NOTEBOOK_MIRZA_BEST_SCORE,mirza_partial_public_harvest,medium,5846
task339,E:\Jitter\kagglegolf\data\external\public_kernel_outputs\mirza_best_score\_src_A\task339.onnx,SRC_KAGGLE_NOTEBOOK_MIRZA_BEST_SCORE,mirza_partial_public_harvest,medium,2038
task340,E:\Jitter\kagglegolf\data\external\public_kernel_outputs\mirza_best_score\_src_A\task340.onnx,SRC_KAGGLE_NOTEBOOK_MIRZA_BEST_SCORE,mirza_partial_public_harvest,medium,6593
task341,E:\Jitter\kagglegolf\data\external\public_kernel_outputs\mirza_best_score\_src_A\task341.onnx,SRC_KAGGLE_NOTEBOOK_MIRZA_BEST_SCORE,mirza_partial_public_harvest,medium,11979
task342,E:\Jitter\kagglegolf\data\external\public_kernel_outputs\mirza_best_score\_src_A\task342.onnx,SRC_KAGGLE_NOTEBOOK_MIRZA_BEST_SCORE,mirza_partial_public_harvest,medium,4815
task343,E:\Jitter\kagglegolf\data\external\public_kernel_outputs\mirza_best_score\_src_A\task343.onnx,SRC_KAGGLE_NOTEBOOK_MIRZA_BEST_SCORE,mirza_partial_public_harvest,medium,7569
task344,E:\Jitter\kagglegolf\data\external\public_kernel_outputs\mirza_best_score\_src_A\task344.onnx,SRC_KAGGLE_NOTEBOOK_MIRZA_BEST_SCORE,mirza_partial_public_harvest,medium,10236
task345,E:\Jitter\kagglegolf\data\external\public_kernel_outputs\mirza_best_score\_src_A\task345.onnx,SRC_KAGGLE_NOTEBOOK_MIRZA_BEST_SCORE,mirza_partial_public_harvest,medium,6721
task346,E:\Jitter\kagglegolf\data\external\public_kernel_outputs\mirza_best_score\_src_A\task346.onnx,SRC_KAGGLE_NOTEBOOK_MIRZA_BEST_SCORE,mirza_partial_public_harvest,medium,2236
task347,E:\Jitter\kagglegolf\data\external\public_kernel_outputs\mirza_best_score\_src_A\task347.onnx,SRC_KAGGLE_NOTEBOOK_MIRZA_BEST_SCORE,mirza_partial_public_harvest,medium,1369
task348,E:\Jitter\kagglegolf\data\external\public_kernel_outputs\mirza_best_score\_src_A\task348.onnx,SRC_KAGGLE_NOTEBOOK_MIRZA_BEST_SCORE,mirza_partial_public_harvest,medium,3000
task349,E:\Jitter\kagglegolf\data\external\public_kernel_outputs\mirza_best_score\_src_A\task349.onnx,SRC_KAGGLE_NOTEBOOK_MIRZA_BEST_SCORE,mirza_partial_public_harvest,medium,8755
task350,E:\Jitter\kagglegolf\data\external\public_kernel_outputs\mirza_best_score\_src_A\task350.onnx,SRC_KAGGLE_NOTEBOOK_MIRZA_BEST_SCORE,mirza_partial_public_harvest,medium,1437
task351,E:\Jitter\kagglegolf\data\external\public_kernel_outputs\mirza_best_score\_src_A\task351.onnx,SRC_KAGGLE_NOTEBOOK_MIRZA_BEST_SCORE,mirza_partial_public_harvest,medium,3049
task352,E:\Jitter\kagglegolf\data\external\public_kernel_outputs\mirza_best_score\_src_A\task352.onnx,SRC_KAGGLE_NOTEBOOK_MIRZA_BEST_SCORE,mirza_partial_public_harvest,medium,1398
task353,E:\Jitter\kagglegolf\data\external\public_kernel_outputs\mirza_best_score\_src_A\task353.onnx,SRC_KAGGLE_NOTEBOOK_MIRZA_BEST_SCORE,mirza_partial_public_harvest,medium,3244
task354,E:\Jitter\kagglegolf\data\external\public_kernel_outputs\mirza_best_score\_src_A\task354.onnx,SRC_KAGGLE_NOTEBOOK_MIRZA_BEST_SCORE,mirza_partial_public_harvest,medium,4335
task355,E:\Jitter\kagglegolf\data\external\public_kernel_outputs\mirza_best_score\_src_A\task355.onnx,SRC_KAGGLE_NOTEBOOK_MIRZA_BEST_SCORE,mirza_partial_public_harvest,medium,4506
task356,E:\Jitter\kagglegolf\data\external\public_kernel_outputs\mirza_best_score\_src_A\task356.onnx,SRC_KAGGLE_NOTEBOOK_MIRZA_BEST_SCORE,mirza_partial_public_harvest,medium,2344
task357,E:\Jitter\kagglegolf\data\external\public_kernel_outputs\mirza_best_score\_src_A\task357.onnx,SRC_KAGGLE_NOTEBOOK_MIRZA_BEST_SCORE,mirza_partial_public_harvest,medium,2328
task358,E:\Jitter\kagglegolf\data\external\public_kernel_outputs\mirza_best_score\_src_A\task358.onnx,SRC_KAGGLE_NOTEBOOK_MIRZA_BEST_SCORE,mirza_partial_public_harvest,medium,10944
task359,E:\Jitter\kagglegolf\data\external\public_kernel_outputs\mirza_best_score\_src_A\task359.onnx,SRC_KAGGLE_NOTEBOOK_MIRZA_BEST_SCORE,mirza_partial_public_harvest,medium,3909
task360,E:\Jitter\kagglegolf\data\external\public_kernel_outputs\mirza_best_score\_src_A\task360.onnx,SRC_KAGGLE_NOTEBOOK_MIRZA_BEST_SCORE,mirza_partial_public_harvest,medium,1399
task361,E:\Jitter\kagglegolf\data\external\public_kernel_outputs\mirza_best_score\_src_A\task361.onnx,SRC_KAGGLE_NOTEBOOK_MIRZA_BEST_SCORE,mirza_partial_public_harvest,medium,6886
task362,E:\Jitter\kagglegolf\data\external\public_kernel_outputs\mirza_best_score\_src_A\task362.onnx,SRC_KAGGLE_NOTEBOOK_MIRZA_BEST_SCORE,mirza_partial_public_harvest,medium,2814
task363,E:\Jitter\kagglegolf\data\external\public_kernel_outputs\mirza_best_score\_src_A\task363.onnx,SRC_KAGGLE_NOTEBOOK_MIRZA_BEST_SCORE,mirza_partial_public_harvest,medium,5499
task364,E:\Jitter\kagglegolf\data\external\public_kernel_outputs\mirza_best_score\_src_A\task364.onnx,SRC_KAGGLE_NOTEBOOK_MIRZA_BEST_SCORE,mirza_partial_public_harvest,medium,9250
task365,E:\Jitter\kagglegolf\data\external\public_kernel_outputs\mirza_best_score\_src_A\task365.onnx,SRC_KAGGLE_NOTEBOOK_MIRZA_BEST_SCORE,mirza_partial_public_harvest,medium,16991
task366,E:\Jitter\kagglegolf\data\external\public_kernel_outputs\mirza_best_score\_src_A\task366.onnx,SRC_KAGGLE_NOTEBOOK_MIRZA_BEST_SCORE,mirza_partial_public_harvest,medium,107036
task367,E:\Jitter\kagglegolf\data\external\public_kernel_outputs\mirza_best_score\_src_A\task367.onnx,SRC_KAGGLE_NOTEBOOK_MIRZA_BEST_SCORE,mirza_partial_public_harvest,medium,26515
task368,E:\Jitter\kagglegolf\data\external\public_kernel_outputs\mirza_best_score\_src_A\task368.onnx,SRC_KAGGLE_NOTEBOOK_MIRZA_BEST_SCORE,mirza_partial_public_harvest,medium,14735
task369,E:\Jitter\kagglegolf\data\external\public_kernel_outputs\mirza_best_score\_src_A\task369.onnx,SRC_KAGGLE_NOTEBOOK_MIRZA_BEST_SCORE,mirza_partial_public_harvest,medium,4692
task370,E:\Jitter\kagglegolf\data\external\public_kernel_outputs\mirza_best_score\_src_A\task370.onnx,SRC_KAGGLE_NOTEBOOK_MIRZA_BEST_SCORE,mirza_partial_public_harvest,medium,43394
task371,E:\Jitter\kagglegolf\data\external\public_kernel_outputs\mirza_best_score\_src_A\task371.onnx,SRC_KAGGLE_NOTEBOOK_MIRZA_BEST_SCORE,mirza_partial_public_harvest,medium,2475
task372,E:\Jitter\kagglegolf\data\external\public_kernel_outputs\mirza_best_score\_src_A\task372.onnx,SRC_KAGGLE_NOTEBOOK_MIRZA_BEST_SCORE,mirza_partial_public_harvest,medium,1328
task373,E:\Jitter\kagglegolf\data\external\public_kernel_outputs\mirza_best_score\_src_A\task373.onnx,SRC_KAGGLE_NOTEBOOK_MIRZA_BEST_SCORE,mirza_partial_public_harvest,medium,988
task374,E:\Jitter\kagglegolf\data\external\public_kernel_outputs\mirza_best_score\_src_A\task374.onnx,SRC_KAGGLE_NOTEBOOK_MIRZA_BEST_SCORE,mirza_partial_public_harvest,medium,16450
task375,E:\Jitter\kagglegolf\data\external\public_kernel_outputs\mirza_best_score\_src_A\task375.onnx,SRC_KAGGLE_NOTEBOOK_MIRZA_BEST_SCORE,mirza_partial_public_harvest,medium,2214
task376,E:\Jitter\kagglegolf\data\external\public_kernel_outputs\mirza_best_score\_src_A\task376.onnx,SRC_KAGGLE_NOTEBOOK_MIRZA_BEST_SCORE,mirza_partial_public_harvest,medium,2344
task377,E:\Jitter\kagglegolf\data\external\public_kernel_outputs\mirza_best_score\_src_A\task377.onnx,SRC_KAGGLE_NOTEBOOK_MIRZA_BEST_SCORE,mirza_partial_public_harvest,medium,19220
task378,E:\Jitter\kagglegolf\data\external\public_kernel_outputs\mirza_best_score\_src_A\task378.onnx,SRC_KAGGLE_NOTEBOOK_MIRZA_BEST_SCORE,mirza_partial_public_harvest,medium,10496
task379,E:\Jitter\kagglegolf\data\external\public_kernel_outputs\mirza_best_score\_src_A\task379.onnx,SRC_KAGGLE_NOTEBOOK_MIRZA_BEST_SCORE,mirza_partial_public_harvest,medium,10260
task380,E:\Jitter\kagglegolf\data\external\public_kernel_outputs\mirza_best_score\_src_A\task380.onnx,SRC_KAGGLE_NOTEBOOK_MIRZA_BEST_SCORE,mirza_partial_public_harvest,medium,531
task381,E:\Jitter\kagglegolf\data\external\public_kernel_outputs\mirza_best_score\_src_A\task381.onnx,SRC_KAGGLE_NOTEBOOK_MIRZA_BEST_SCORE,mirza_partial_public_harvest,medium,3773
task382,E:\Jitter\kagglegolf\data\external\public_kernel_outputs\mirza_best_score\_src_A\task382.onnx,SRC_KAGGLE_NOTEBOOK_MIRZA_BEST_SCORE,mirza_partial_public_harvest,medium,32747
task383,E:\Jitter\kagglegolf\data\external\public_kernel_outputs\mirza_best_score\_src_A\task383.onnx,SRC_KAGGLE_NOTEBOOK_MIRZA_BEST_SCORE,mirza_partial_public_harvest,medium,6805
task384,E:\Jitter\kagglegolf\data\external\public_kernel_outputs\mirza_best_score\_src_A\task384.onnx,SRC_KAGGLE_NOTEBOOK_MIRZA_BEST_SCORE,mirza_partial_public_harvest,medium,4542
task385,E:\Jitter\kagglegolf\data\external\public_kernel_outputs\mirza_best_score\_src_A\task385.onnx,SRC_KAGGLE_NOTEBOOK_MIRZA_BEST_SCORE,mirza_partial_public_harvest,medium,175
task386,E:\Jitter\kagglegolf\data\external\public_kernel_outputs\mirza_best_score\_src_A\task386.onnx,SRC_KAGGLE_NOTEBOOK_MIRZA_BEST_SCORE,mirza_partial_public_harvest,medium,1471
task387,E:\Jitter\kagglegolf\data\external\public_kernel_outputs\mirza_best_score\_src_A\task387.onnx,SRC_KAGGLE_NOTEBOOK_MIRZA_BEST_SCORE,mirza_partial_public_harvest,medium,13036
task388,E:\Jitter\kagglegolf\data\external\public_kernel_outputs\mirza_best_score\_src_A\task388.onnx,SRC_KAGGLE_NOTEBOOK_MIRZA_BEST_SCORE,mirza_partial_public_harvest,medium,6368
task389,E:\Jitter\kagglegolf\data\external\public_kernel_outputs\mirza_best_score\_src_A\task389.onnx,SRC_KAGGLE_NOTEBOOK_MIRZA_BEST_SCORE,mirza_partial_public_harvest,medium,1421
task390,E:\Jitter\kagglegolf\data\external\public_kernel_outputs\mirza_best_score\_src_A\task390.onnx,SRC_KAGGLE_NOTEBOOK_MIRZA_BEST_SCORE,mirza_partial_public_harvest,medium,7851
task391,E:\Jitter\kagglegolf\data\external\public_kernel_outputs\mirza_best_score\_src_A\task391.onnx,SRC_KAGGLE_NOTEBOOK_MIRZA_BEST_SCORE,mirza_partial_public_harvest,medium,2841
task392,E:\Jitter\kagglegolf\data\external\public_kernel_outputs\mirza_best_score\_src_A\task392.onnx,SRC_KAGGLE_NOTEBOOK_MIRZA_BEST_SCORE,mirza_partial_public_harvest,medium,13503
task393,E:\Jitter\kagglegolf\data\external\public_kernel_outputs\mirza_best_score\_src_A\task393.onnx,SRC_KAGGLE_NOTEBOOK_MIRZA_BEST_SCORE,mirza_partial_public_harvest,medium,2433
task394,E:\Jitter\kagglegolf\data\external\public_kernel_outputs\mirza_best_score\_src_A\task394.onnx,SRC_KAGGLE_NOTEBOOK_MIRZA_BEST_SCORE,mirza_partial_public_harvest,medium,5312
task395,E:\Jitter\kagglegolf\data\external\public_kernel_outputs\mirza_best_score\_src_A\task395.onnx,SRC_KAGGLE_NOTEBOOK_MIRZA_BEST_SCORE,mirza_partial_public_harvest,medium,1479
task396,E:\Jitter\kagglegolf\data\external\public_kernel_outputs\mirza_best_score\_src_A\task396.onnx,SRC_KAGGLE_NOTEBOOK_MIRZA_BEST_SCORE,mirza_partial_public_harvest,medium,148123
task397,E:\Jitter\kagglegolf\data\external\public_kernel_outputs\mirza_best_score\_src_A\task397.onnx,SRC_KAGGLE_NOTEBOOK_MIRZA_BEST_SCORE,mirza_partial_public_harvest,medium,7101
task398,E:\Jitter\kagglegolf\data\external\public_kernel_outputs\mirza_best_score\_src_A\task398.onnx,SRC_KAGGLE_NOTEBOOK_MIRZA_BEST_SCORE,mirza_partial_public_harvest,medium,8768
task399,E:\Jitter\kagglegolf\data\external\public_kernel_outputs\mirza_best_score\_src_A\task399.onnx,SRC_KAGGLE_NOTEBOOK_MIRZA_BEST_SCORE,mirza_partial_public_harvest,medium,1907
task400,E:\Jitter\kagglegolf\data\external\public_kernel_outputs\mirza_best_score\_src_A\task400.onnx,SRC_KAGGLE_NOTEBOOK_MIRZA_BEST_SCORE,mirza_partial_public_harvest,medium,3021
