task_id,change
task001,public_6154_manual_rewrites
task002,public_6154_manual_rewrites
task003,public_6154_manual_rewrites
task004,public_6154_manual_rewrites
task005,public_6154_manual_rewrites
task006,public_6154_manual_rewrites
task007,public_6154_manual_rewrites
task008,public_6154_manual_rewrites
task009,public_6154_manual_rewrites
task010,public_6154_manual_rewrites
task011,public_6154_manual_rewrites
task012,public_6154_manual_rewrites
task013,public_6154_manual_rewrites
task014,public_6154_manual_rewrites
task015,public_6154_manual_rewrites
task016,public_6154_manual_rewrites
task017,public_6154_manual_rewrites
task018,public_6154_manual_rewrites
task019,public_6154_manual_rewrites
task020,public_6154_manual_rewrites
task021,public_6154_manual_rewrites
task022,public_6154_manual_rewrites
task023,public_6154_manual_rewrites
task024,public_6154_manual_rewrites
task025,public_6154_manual_rewrites
task026,public_6154_manual_rewrites
task027,public_6154_manual_rewrites
task028,public_6154_manual_rewrites
task029,public_6154_manual_rewrites
task030,public_6154_manual_rewrites
task031,public_6154_manual_rewrites
task032,public_6154_manual_rewrites
task033,public_6154_manual_rewrites
task034,public_6154_manual_rewrites
task035,public_6154_manual_rewrites
task036,public_6154_manual_rewrites
task037,public_6154_manual_rewrites
task038,public_6154_manual_rewrites
task039,public_6154_manual_rewrites
task040,public_6154_manual_rewrites
task041,public_6154_manual_rewrites
task042,public_6154_manual_rewrites
task043,public_6154_manual_rewrites
task044,public_6154_manual_rewrites
task045,public_6154_manual_rewrites
task046,public_6154_manual_rewrites
task047,public_6154_manual_rewrites
task048,public_6154_manual_rewrites
task049,public_6154_manual_rewrites
task050,public_6154_manual_rewrites
task051,public_6154_manual_rewrites
task052,public_6154_manual_rewrites
task053,public_6154_manual_rewrites
task054,public_6154_manual_rewrites
task055,public_6154_manual_rewrites
task056,public_6154_manual_rewrites
task057,public_6154_manual_rewrites
task058,public_6154_manual_rewrites
task059,public_6154_manual_rewrites
task060,public_6154_manual_rewrites
task061,public_6154_manual_rewrites
task062,public_6154_manual_rewrites
task063,public_6154_manual_rewrites
task064,public_6154_manual_rewrites
task065,public_6154_manual_rewrites
task066,public_6154_manual_rewrites
task067,public_6154_manual_rewrites
task068,public_6154_manual_rewrites
task069,public_6154_manual_rewrites
task070,public_6154_manual_rewrites
task071,public_6154_manual_rewrites
task072,public_6154_manual_rewrites
task073,public_6154_manual_rewrites
task074,public_6154_manual_rewrites
task075,public_6154_manual_rewrites
task076,public_6154_manual_rewrites
task077,public_6154_manual_rewrites
task078,public_6154_manual_rewrites
task079,public_6154_manual_rewrites
task080,public_6154_manual_rewrites
task081,public_6154_manual_rewrites
task082,public_6154_manual_rewrites
task083,public_6154_manual_rewrites
task084,public_6154_manual_rewrites
task085,public_6154_manual_rewrites
task086,public_6154_manual_rewrites
task087,public_6154_manual_rewrites
task088,public_6154_manual_rewrites
task089,public_6154_manual_rewrites
task090,public_6154_manual_rewrites
task091,public_6154_manual_rewrites
task092,public_6154_manual_rewrites
task093,public_6154_manual_rewrites
task094,public_6154_manual_rewrites
task095,public_6154_manual_rewrites
task096,public_6154_manual_rewrites
task097,public_6154_manual_rewrites
task098,public_6154_manual_rewrites
task099,public_6154_manual_rewrites
task100,public_6154_manual_rewrites
task101,public_6154_manual_rewrites
task102,public_6154_manual_rewrites
task103,public_6154_manual_rewrites
task104,public_6154_manual_rewrites
task105,public_6154_manual_rewrites
task106,public_6154_manual_rewrites
task107,public_6154_manual_rewrites
task108,public_6154_manual_rewrites
task109,public_6154_manual_rewrites
task110,public_6154_manual_rewrites
task111,public_6154_manual_rewrites
task112,public_6154_manual_rewrites
task113,public_6154_manual_rewrites
task114,public_6154_manual_rewrites
task115,public_6154_manual_rewrites
task116,public_6154_manual_rewrites
task117,public_6154_manual_rewrites
task118,public_6154_manual_rewrites
task119,public_6154_manual_rewrites
task120,public_6154_manual_rewrites
task121,public_6154_manual_rewrites
task122,public_6154_manual_rewrites
task123,public_6154_manual_rewrites
task124,public_6154_manual_rewrites
task125,public_6154_manual_rewrites
task126,public_6154_manual_rewrites
task127,public_6154_manual_rewrites
task128,public_6154_manual_rewrites
task129,public_6154_manual_rewrites
task130,public_6154_manual_rewrites
task131,public_6154_manual_rewrites
task132,public_6154_manual_rewrites
task133,public_6154_manual_rewrites
task134,public_6154_manual_rewrites
task135,public_6154_manual_rewrites
task136,public_6154_manual_rewrites
task137,public_6154_manual_rewrites
task138,public_6154_manual_rewrites
task139,public_6154_manual_rewrites
task140,public_6154_manual_rewrites
task141,public_6154_manual_rewrites
task142,public_6154_manual_rewrites
task143,public_6154_manual_rewrites
task144,public_6154_manual_rewrites
task145,public_6154_manual_rewrites
task146,public_6154_manual_rewrites
task147,public_6154_manual_rewrites
task148,public_6154_manual_rewrites
task149,public_6154_manual_rewrites
task150,public_6154_manual_rewrites
task151,public_6154_manual_rewrites
task152,public_6154_manual_rewrites
task153,public_6154_manual_rewrites
task154,public_6154_manual_rewrites
task155,public_6154_manual_rewrites
task156,public_6154_manual_rewrites
task157,public_6154_manual_rewrites
task158,public_6154_manual_rewrites
task159,public_6154_manual_rewrites
task160,public_6154_manual_rewrites
task161,public_6154_manual_rewrites
task162,public_6154_manual_rewrites
task163,public_6154_manual_rewrites
task164,public_6154_manual_rewrites
task165,public_6154_manual_rewrites
task166,public_6154_manual_rewrites
task167,public_6154_manual_rewrites
task168,public_6154_manual_rewrites
task169,public_6154_manual_rewrites
task170,public_6154_manual_rewrites
task171,public_6154_manual_rewrites
task172,public_6154_manual_rewrites
task173,public_6154_manual_rewrites
task174,public_6154_manual_rewrites
task175,public_6154_manual_rewrites
task176,public_6154_manual_rewrites
task177,public_6154_manual_rewrites
task178,public_6154_manual_rewrites
task179,public_6154_manual_rewrites
task180,public_6154_manual_rewrites
task181,public_6154_manual_rewrites
task182,public_6154_manual_rewrites
task183,public_6154_manual_rewrites
task184,public_6154_manual_rewrites
task185,public_6154_manual_rewrites
task186,public_6154_manual_rewrites
task187,public_6154_manual_rewrites
task188,public_6154_manual_rewrites
task189,public_6154_manual_rewrites
task190,public_6154_manual_rewrites
task191,public_6154_manual_rewrites
task192,public_6154_manual_rewrites
task193,public_6154_manual_rewrites
task194,public_6154_manual_rewrites
task195,public_6154_manual_rewrites
task196,public_6154_manual_rewrites
task197,public_6154_manual_rewrites
task198,public_6154_manual_rewrites
task199,public_6154_manual_rewrites
task200,public_6154_manual_rewrites
task201,public_6154_manual_rewrites
task202,public_6154_manual_rewrites
task203,public_6154_manual_rewrites
task204,public_6154_manual_rewrites
task205,public_6154_manual_rewrites
task206,public_6154_manual_rewrites
task207,public_6154_manual_rewrites
task208,public_6154_manual_rewrites
task209,public_6154_manual_rewrites
task210,public_6154_manual_rewrites
task211,public_6154_manual_rewrites
task212,public_6154_manual_rewrites
task213,public_6154_manual_rewrites
task214,public_6154_manual_rewrites
task215,public_6154_manual_rewrites
task216,public_6154_manual_rewrites
task217,public_6154_manual_rewrites
task218,public_6154_manual_rewrites
task219,public_6154_manual_rewrites
task220,public_6154_manual_rewrites
task221,public_6154_manual_rewrites
task222,public_6154_manual_rewrites
task223,public_6154_manual_rewrites
task224,public_6154_manual_rewrites
task225,public_6154_manual_rewrites
task226,public_6154_manual_rewrites
task227,public_6154_manual_rewrites
task228,public_6154_manual_rewrites
task229,public_6154_manual_rewrites
task230,public_6154_manual_rewrites
task231,public_6154_manual_rewrites
task232,public_6154_manual_rewrites
task233,public_6154_manual_rewrites
task234,public_6154_manual_rewrites
task235,public_6154_manual_rewrites
task236,public_6154_manual_rewrites
task237,public_6154_manual_rewrites
task238,public_6154_manual_rewrites
task239,public_6154_manual_rewrites
task240,public_6154_manual_rewrites
task241,public_6154_manual_rewrites
task242,public_6154_manual_rewrites
task243,public_6154_manual_rewrites
task244,public_6154_manual_rewrites
task245,public_6154_manual_rewrites
task246,public_6154_manual_rewrites
task247,public_6154_manual_rewrites
task248,public_6154_manual_rewrites
task249,public_6154_manual_rewrites
task250,public_6154_manual_rewrites
task251,public_6154_manual_rewrites
task252,public_6154_manual_rewrites
task253,public_6154_manual_rewrites
task254,public_6154_manual_rewrites
task255,public_6154_manual_rewrites
task256,public_6154_manual_rewrites
task257,public_6154_manual_rewrites
task258,public_6154_manual_rewrites
task259,public_6154_manual_rewrites
task260,public_6154_manual_rewrites
task261,public_6154_manual_rewrites
task262,public_6154_manual_rewrites
task263,public_6154_manual_rewrites
task264,public_6154_manual_rewrites
task265,public_6154_manual_rewrites
task266,public_6154_manual_rewrites
task267,public_6154_manual_rewrites
task268,public_6154_manual_rewrites
task269,public_6154_manual_rewrites
task270,public_6154_manual_rewrites
task271,public_6154_manual_rewrites
task272,public_6154_manual_rewrites
task273,public_6154_manual_rewrites
task274,public_6154_manual_rewrites
task275,public_6154_manual_rewrites
task276,public_6154_manual_rewrites
task277,public_6154_manual_rewrites
task278,public_6154_manual_rewrites
task279,public_6154_manual_rewrites
task280,public_6154_manual_rewrites
task281,public_6154_manual_rewrites
task282,public_6154_manual_rewrites
task283,public_6154_manual_rewrites
task284,public_6154_manual_rewrites
task285,public_6154_manual_rewrites
task286,public_6154_manual_rewrites
task287,public_6154_manual_rewrites
task288,public_6154_manual_rewrites
task289,public_6154_manual_rewrites
task290,public_6154_manual_rewrites
task291,public_6154_manual_rewrites
task292,public_6154_manual_rewrites
task293,public_6154_manual_rewrites
task294,public_6154_manual_rewrites
task295,public_6154_manual_rewrites
task296,public_6154_manual_rewrites
task297,public_6154_manual_rewrites
task298,public_6154_manual_rewrites
task299,public_6154_manual_rewrites
task300,public_6154_manual_rewrites
task301,public_6154_manual_rewrites
task302,public_6154_manual_rewrites
task303,public_6154_manual_rewrites
task304,public_6154_manual_rewrites
task305,public_6154_manual_rewrites
task306,public_6154_manual_rewrites
task307,public_6154_manual_rewrites
task308,public_6154_manual_rewrites
task309,public_6154_manual_rewrites
task310,public_6154_manual_rewrites
task311,public_6154_manual_rewrites
task312,public_6154_manual_rewrites
task313,public_6154_manual_rewrites
task314,public_6154_manual_rewrites
task315,public_6154_manual_rewrites
task316,public_6154_manual_rewrites
task317,public_6154_manual_rewrites
task318,public_6154_manual_rewrites
task319,public_6154_manual_rewrites
task320,public_6154_manual_rewrites
task321,public_6154_manual_rewrites
task322,public_6154_manual_rewrites
task323,public_6154_manual_rewrites
task324,public_6154_manual_rewrites
task325,public_6154_manual_rewrites
task326,public_6154_manual_rewrites
task327,public_6154_manual_rewrites
task328,public_6154_manual_rewrites
task329,public_6154_manual_rewrites
task330,public_6154_manual_rewrites
task331,public_6154_manual_rewrites
task332,public_6154_manual_rewrites
task333,public_6154_manual_rewrites
task334,public_6154_manual_rewrites
task335,public_6154_manual_rewrites
task336,public_6154_manual_rewrites
task337,public_6154_manual_rewrites
task338,public_6154_manual_rewrites
task339,public_6154_manual_rewrites
task340,public_6154_manual_rewrites
task341,public_6154_manual_rewrites
task342,public_6154_manual_rewrites
task343,public_6154_manual_rewrites
task344,public_6154_manual_rewrites
task345,public_6154_manual_rewrites
task346,public_6154_manual_rewrites
task347,public_6154_manual_rewrites
task348,public_6154_manual_rewrites
task349,public_6154_manual_rewrites
task350,public_6154_manual_rewrites
task351,public_6154_manual_rewrites
task352,public_6154_manual_rewrites
task353,public_6154_manual_rewrites
task354,public_6154_manual_rewrites
task355,public_6154_manual_rewrites
task356,public_6154_manual_rewrites
task357,public_6154_manual_rewrites
task358,public_6154_manual_rewrites
task359,public_6154_manual_rewrites
task360,public_6154_manual_rewrites
task361,public_6154_manual_rewrites
task362,public_6154_manual_rewrites
task363,public_6154_manual_rewrites
task364,public_6154_manual_rewrites
task365,public_6154_manual_rewrites
task366,public_6154_manual_rewrites
task367,public_6154_manual_rewrites
task368,public_6154_manual_rewrites
task369,public_6154_manual_rewrites
task370,public_6154_manual_rewrites
task371,public_6154_manual_rewrites
task372,public_6154_manual_rewrites
task373,public_6154_manual_rewrites
task374,public_6154_manual_rewrites
task375,public_6154_manual_rewrites
task376,public_6154_manual_rewrites
task377,public_6154_manual_rewrites
task378,public_6154_manual_rewrites
task379,public_6154_manual_rewrites
task380,public_6154_manual_rewrites
task381,public_6154_manual_rewrites
task382,public_6154_manual_rewrites
task383,public_6154_manual_rewrites
task384,public_6154_manual_rewrites
task385,public_6154_manual_rewrites
task386,public_6154_manual_rewrites
task387,public_6154_manual_rewrites
task388,public_6154_manual_rewrites
task389,public_6154_manual_rewrites
task390,public_6154_manual_rewrites
task391,public_6154_manual_rewrites
task392,public_6154_manual_rewrites
task393,public_6154_manual_rewrites
task394,public_6154_manual_rewrites
task395,public_6154_manual_rewrites
task396,public_6154_manual_rewrites
task397,public_6154_manual_rewrites
task398,public_6154_manual_rewrites
task399,public_6154_manual_rewrites
task400,public_6154_manual_rewrites
