task,source,status,before_cost,after_cost,before_points,after_points,delta_points,changed,reverted,prune_saved,dedup_saved,scalar_saved,axis_saved,const_axis_saved,identity_count,identity_rewired,n_pass,n_fail,error
task001.onnx,override,ok,2843,2843,17.04738489,17.04738489,0.00000000,False,False,0,0,0,0,0,0,0,268,0,
task002.onnx,override,ok,97293,97293,13.51451768,13.51451768,0.00000000,False,False,0,0,0,0,0,0,0,268,0,
task003.onnx,override,ok,1190,1190,17.91829141,17.91829141,0.00000000,False,False,0,0,0,0,0,0,0,265,0,
task004.onnx,base,ok,55020,55020,14.08454797,14.08454797,0.00000000,False,False,0,0,0,0,0,0,0,265,0,
task005.onnx,override,ok,117225,117225,13.32814956,13.32814956,0.00000000,False,False,0,0,0,0,0,0,0,266,0,
task006.onnx,override,ok,1631,1631,17.60305140,17.60305140,0.00000000,False,False,0,0,0,0,0,0,0,266,0,
task007.onnx,override,ok,7271,7271,16.10835089,16.10835089,0.00000000,False,False,0,0,0,0,0,0,0,266,0,
task008.onnx,override,ok,23288,23288,14.94430651,14.94430651,0.00000000,False,False,0,0,0,0,0,0,0,266,0,
task009.onnx,base,ok,81241,81241,13.69482468,13.69482468,0.00000000,False,False,0,0,0,0,0,0,0,265,0,
task010.onnx,override,ok,5015,5015,16.47981130,16.47981130,0.00000000,False,False,0,0,0,0,0,0,0,265,0,
task011.onnx,base,ok,66247,66247,13.89885454,13.89885454,0.00000000,False,False,0,0,0,0,0,0,0,267,0,
task012.onnx,override,ok,12639,12639,15.55545745,15.55545745,0.00000000,False,False,0,0,0,0,0,0,0,265,0,
task013.onnx,base,ok,116882,116882,13.33107984,13.33107984,0.00000000,False,False,0,0,0,0,0,0,0,267,0,
task014.onnx,override,ok,39049,39049,14.42742745,14.42742745,0.00000000,False,False,0,0,0,0,0,0,0,266,0,
task015.onnx,override,ok,900,900,18.19760524,18.19760524,0.00000000,False,False,0,0,0,0,0,0,0,265,0,
task016.onnx,base,ok,10,10,22.69741491,22.69741491,0.00000000,False,False,0,0,0,0,0,0,0,267,0,
task017.onnx,override,ok,34283,33843,14.55759512,14.57051254,0.01291742,True,False,0,0,440,0,0,0,0,266,0,
task018.onnx,override,ok,476184,476184,11.92644039,11.92644039,0.00000000,False,False,0,0,0,0,0,0,0,266,0,
task019.onnx,override,ok,81346,81346,13.69353306,13.69353306,0.00000000,False,False,0,0,0,0,0,0,0,267,0,
task020.onnx,base,ok,90133,70693,13.59095836,13.83389816,0.24293980,True,False,0,0,0,180,0,0,0,266,0,
task021.onnx,override,ok,51223,47743,14.15605607,14.22641226,0.07035619,True,False,0,0,0,1740,0,0,0,77,0,
task022.onnx,override,ok,34821,34821,14.54202407,14.54202407,0.00000000,False,False,0,0,0,0,0,0,0,266,0,
task023.onnx,override,ok,68652,68652,13.86319446,13.86319446,0.00000000,False,False,0,0,0,0,0,0,0,266,0,
task024.onnx,base,ok,9080,9080,15.88617053,15.88617053,0.00000000,False,False,0,0,0,0,0,0,0,266,0,
task025.onnx,override,ok,140093,140093,13.14993823,13.14993823,0.00000000,False,False,0,0,0,0,0,0,0,266,0,
task026.onnx,override,ok,724,724,18.41520861,18.41520861,0.00000000,False,False,0,0,0,0,0,0,0,268,0,
task027.onnx,override,ok,5814,5814,16.33197592,16.33197592,0.00000000,False,False,0,0,0,0,0,0,0,265,0,
task028.onnx,override,ok,4839,4839,16.51553663,16.51553663,0.00000000,False,False,0,0,0,0,0,0,0,265,0,
task029.onnx,override,ok,97117,97117,13.51632828,13.51632828,0.00000000,False,False,0,0,0,0,0,0,0,266,0,
task030.onnx,override,ok,10998,10998,15.69453128,15.69453128,0.00000000,False,False,0,0,0,0,0,0,0,266,0,
task031.onnx,override,ok,18616,18616,15.16822330,15.16822330,0.00000000,False,False,0,0,0,0,0,0,0,266,0,
task032.onnx,base,ok,3405,3405,16.86699978,16.86699978,0.00000000,False,False,0,0,0,0,0,0,0,266,0,
task033.onnx,base,ok,55161,55161,14.08198854,14.08198854,0.00000000,False,False,0,0,0,0,0,0,0,265,0,
task034.onnx,override,ok,106316,106316,13.42582893,13.42582893,0.00000000,False,False,0,0,0,0,0,0,0,267,0,
task035.onnx,override,ok,15363,15363,15.36028270,15.36028270,0.00000000,False,False,0,0,0,0,0,0,0,266,0,
task036.onnx,override,ok,79962,79944,13.71069320,13.71091833,0.00022513,True,False,0,0,18,0,0,0,0,265,0,
task037.onnx,base,ok,63726,63726,13.93765208,13.93765208,0.00000000,False,False,0,0,0,0,0,0,0,266,0,
task038.onnx,override,ok,2174,2174,17.31567593,17.31567593,0.00000000,False,False,0,0,0,0,0,0,0,266,0,
task039.onnx,override,ok,7772,7772,16.04171719,16.04171719,0.00000000,False,False,0,0,0,0,0,0,0,264,0,
task040.onnx,override,ok,7868,7868,16.02944082,16.02944082,0.00000000,False,False,0,0,0,0,0,0,0,266,0,
task041.onnx,override,ok,11769,11769,15.62677577,15.62677577,0.00000000,False,False,0,0,0,0,0,0,0,266,0,
task042.onnx,override,ok,8517,8517,15.95018055,15.95018055,0.00000000,False,False,0,0,0,0,0,0,0,266,0,
task043.onnx,override,ok,7118,7118,16.12961793,16.12961793,0.00000000,False,False,0,0,0,0,0,0,0,266,0,
task044.onnx,override,ok,42002,41912,14.35452748,14.35667254,0.00214505,True,False,0,0,0,0,18,0,0,266,0,
task045.onnx,override,ok,7425,7425,16.08739204,16.08739204,0.00000000,False,False,0,0,0,0,0,0,0,265,0,
task046.onnx,override,ok,33426,33426,14.58291068,14.58291068,0.00000000,False,False,0,0,0,0,0,0,0,267,0,
task047.onnx,override,ok,3024,3024,16.98566426,16.98566426,0.00000000,False,False,0,0,0,0,0,0,0,265,0,
task048.onnx,override,ok,5609,5609,16.36787227,16.36787227,0.00000000,False,False,0,0,0,0,0,0,0,270,0,
task049.onnx,override,ok,30489,30489,14.67487876,14.67487876,0.00000000,False,False,0,0,0,0,0,0,0,268,0,
task050.onnx,override,ok,9475,9475,15.84358797,15.84358797,0.00000000,False,False,0,0,0,0,0,0,0,271,0,
task051.onnx,override,ok,68437,68429,13.86633111,13.86644801,0.00011690,True,False,0,0,8,0,0,0,0,265,0,
task052.onnx,override,ok,1228,1228,17.88685789,17.88685789,0.00000000,False,True,0,0,0,0,0,0,0,267,0,
task053.onnx,base,ok,30,30,21.59880262,21.59880262,0.00000000,False,False,0,0,0,0,0,0,0,60,0,
task054.onnx,override,ok,150548,150548,13.07796275,13.07796275,0.00000000,False,False,0,0,0,0,0,0,0,266,0,
task055.onnx,override,ok,26370,26370,14.82001772,14.82001772,0.00000000,False,False,0,0,0,0,0,0,0,263,0,
task056.onnx,override,ok,213,213,19.63870783,19.63870783,0.00000000,False,False,0,0,0,0,0,0,0,46,0,
task057.onnx,override,ok,29304,29304,14.71452070,14.71452070,0.00000000,False,False,0,0,0,0,0,0,0,265,0,
task058.onnx,override,ok,16105,16086,15.31311494,15.31429539,0.00118045,True,False,0,0,19,0,0,0,0,22,0,
task059.onnx,override,ok,20387,20387,15.07734728,15.07734728,0.00000000,False,False,0,0,0,0,0,0,0,266,0,
task060.onnx,override,ok,5581,5581,16.37287675,16.37287675,0.00000000,False,False,0,0,0,0,0,0,0,265,0,
task061.onnx,base,ok,18914,18914,15.15234233,15.15234233,0.00000000,False,False,0,0,0,0,0,0,0,267,0,
task062.onnx,override,ok,26614,26614,14.81080733,14.81080733,0.00000000,False,False,0,0,0,0,0,0,0,267,0,
task063.onnx,base,ok,30732,30732,14.66694026,14.66694026,0.00000000,False,False,0,0,0,0,0,0,0,266,0,
task064.onnx,override,ok,114153,114153,13.35470507,13.35470507,0.00000000,False,False,0,0,0,0,0,0,0,267,0,
task065.onnx,override,ok,35109,35095,14.53378721,14.53418605,0.00039884,True,False,0,0,14,0,0,0,0,266,0,
task066.onnx,override,ok,103220,103220,13.45538209,13.45538209,0.00000000,False,False,0,0,0,0,0,0,0,266,0,
task067.onnx,base,ok,315,315,19.24742736,19.24742736,0.00000000,False,False,0,0,0,0,0,0,0,266,0,
task068.onnx,override,ok,12589,12589,15.55942130,15.55942130,0.00000000,False,False,0,0,0,0,0,0,0,266,0,
task069.onnx,override,ok,84250,84250,13.65845615,13.65845615,0.00000000,False,False,0,0,0,0,0,0,0,264,0,
task070.onnx,base,ok,66138,66138,13.90050125,13.90050125,0.00000000,False,False,0,0,0,0,0,0,0,266,0,
task071.onnx,override,ok,128243,128243,13.23831782,13.23831782,0.00000000,False,False,0,0,0,0,0,0,0,265,0,
task072.onnx,override,ok,1309,1309,17.82298123,17.82298123,0.00000000,False,False,0,0,0,0,0,0,0,268,0,
task073.onnx,base,ok,910,910,18.18655540,18.18655540,0.00000000,False,False,0,0,0,0,0,0,0,15,0,
task074.onnx,base,ok,21825,21825,15.00918862,15.00918862,0.00000000,False,False,0,0,0,0,0,0,0,267,0,
task075.onnx,override,ok,28487,28487,14.74279688,14.74279688,0.00000000,False,False,0,0,0,0,0,0,0,265,0,
task076.onnx,override,ok,330094,330094,12.29286726,12.29286726,0.00000000,False,False,0,0,0,0,0,0,0,266,0,
task077.onnx,override,ok,157494,155896,13.03285736,13.04305560,0.01019824,True,False,0,0,0,1598,0,0,0,266,0,
task078.onnx,override,ok,11496,11496,15.65024557,15.65024557,0.00000000,False,False,0,0,0,0,0,0,0,266,0,
task079.onnx,override,ok,21383,21383,15.02964851,15.02964851,0.00000000,False,False,0,0,0,0,0,0,0,266,0,
task080.onnx,override,ok,42082,42055,14.35262463,14.35326644,0.00064181,True,False,0,27,0,0,0,0,0,231,0,
task081.onnx,base,ok,2307,2307,17.25629674,17.25629674,0.00000000,False,False,0,0,0,0,0,0,0,264,0,
task082.onnx,override,ok,9716,9716,15.81847071,15.81847071,0.00000000,False,False,0,0,0,0,0,0,0,265,0,
task083.onnx,base,ok,1800,1800,17.50445806,17.50445806,0.00000000,False,False,0,0,0,0,0,0,0,266,0,
task084.onnx,override,ok,19513,19513,15.12116381,15.12116381,0.00000000,False,False,0,0,0,0,0,0,0,175,0,
task085.onnx,base,ok,113178,113178,13.36328292,13.36328292,0.00000000,False,False,0,0,0,0,0,0,0,265,0,
task086.onnx,override,ok,25857,25857,14.83966336,14.83966336,0.00000000,False,False,0,0,0,0,0,0,0,266,0,
task087.onnx,override,ok,368,368,19.09191706,19.09191706,0.00000000,False,False,0,0,0,0,0,0,0,266,0,
task088.onnx,override,ok,72766,72766,13.80499591,13.80499591,0.00000000,False,False,0,0,0,0,0,0,0,267,0,
task089.onnx,override,ok,49703,49703,14.18617943,14.18617943,0.00000000,False,False,0,0,0,0,0,0,0,267,0,
task090.onnx,base,ok,63354,63354,13.94350667,13.94350667,0.00000000,False,False,0,0,0,0,0,0,0,267,0,
task091.onnx,override,ok,51466,51466,14.15132333,14.15132333,0.00000000,False,False,0,0,0,0,0,0,0,266,0,
task092.onnx,override,ok,46289,46289,14.25734037,14.25734037,0.00000000,False,False,0,0,0,0,0,0,0,265,0,
task093.onnx,override,ok,15458,15458,15.35411805,15.35411805,0.00000000,False,False,0,0,0,0,0,0,0,265,0,
task094.onnx,override,ok,10452,10452,15.74545137,15.74545137,0.00000000,False,False,0,0,0,0,0,0,0,265,0,
task095.onnx,base,ok,910,910,18.18655540,18.18655540,0.00000000,False,False,0,0,0,0,0,0,0,265,0,
task096.onnx,override,ok,193837,193458,12.82522712,12.82718429,0.00195717,True,False,0,1,378,0,0,0,0,266,0,
task097.onnx,override,ok,55812,55812,14.07025582,14.07025582,0.00000000,False,False,0,0,0,0,0,0,0,267,0,
task098.onnx,base,ok,910,910,18.18655540,18.18655540,0.00000000,False,False,0,0,0,0,0,0,0,266,0,
task099.onnx,base,ok,4910,4910,16.50097078,16.50097078,0.00000000,False,False,0,0,0,0,0,0,0,265,0,
task100.onnx,override,ok,6536,6536,16.21491936,16.21491936,0.00000000,False,False,0,0,0,0,0,0,0,266,0,
task101.onnx,override,ok,374431,374431,12.16683718,12.16683718,0.00000000,False,False,0,0,0,0,0,0,0,266,0,
task102.onnx,override,ok,12606,12606,15.55807183,15.55807183,0.00000000,False,False,0,0,0,0,0,0,0,267,0,
task103.onnx,override,ok,193,193,19.73730981,19.73730981,0.00000000,False,False,0,0,0,0,0,0,0,223,0,
task104.onnx,override,ok,3682,3682,16.78878864,16.78878864,0.00000000,False,False,0,0,0,0,0,0,0,7,0,
task105.onnx,override,ok,7055,7055,16.13850814,16.13850814,0.00000000,False,False,0,0,0,0,0,0,0,266,0,
task106.onnx,base,ok,1164,1164,17.94038237,17.94038237,0.00000000,False,False,0,0,0,0,0,0,0,266,0,
task107.onnx,base,ok,73131,73131,13.79999237,13.79999237,0.00000000,False,False,0,0,0,0,0,0,0,266,0,
task108.onnx,base,ok,1800,1800,17.50445806,17.50445806,0.00000000,False,False,0,0,0,0,0,0,0,266,0,
task109.onnx,override,ok,94878,94878,13.53965287,13.53965287,0.00000000,False,False,0,0,0,0,0,0,0,266,0,
task110.onnx,override,ok,107893,107893,13.41110473,13.41110473,0.00000000,False,False,0,0,0,0,0,0,0,266,0,
task111.onnx,override,ok,797,797,18.31914532,18.31914532,0.00000000,False,False,0,0,0,0,0,0,0,265,0,
task112.onnx,override,ok,59270,59270,14.01014145,14.01014145,0.00000000,False,False,0,0,0,0,0,0,0,266,0,
task113.onnx,base,ok,30,30,21.59880262,21.59880262,0.00000000,False,False,0,0,0,0,0,0,0,265,0,
task114.onnx,override,ok,1249,1249,17.86990149,17.86990149,0.00000000,False,False,0,0,0,0,0,0,0,266,0,
task115.onnx,base,ok,4122,4119,16.67590624,16.67663431,0.00072807,True,False,0,0,3,0,0,0,0,266,0,
task116.onnx,base,ok,30,30,21.59880262,21.59880262,0.00000000,False,False,0,0,0,0,0,0,0,267,0,
task117.onnx,override,ok,18454,17992,15.17696357,15.20231751,0.02535393,True,False,0,0,462,0,0,0,0,265,0,
task118.onnx,override,ok,116286,116286,13.33619205,13.33619205,0.00000000,False,False,0,0,0,0,0,0,0,267,0,
task119.onnx,override,ok,16351,16351,15.29795566,15.29795566,0.00000000,False,False,0,0,0,0,0,0,0,266,0,
task120.onnx,base,ok,910,910,18.18655540,18.18655540,0.00000000,False,False,0,0,0,0,0,0,0,266,0,
task121.onnx,base,ok,6530,6530,16.21583778,16.21583778,0.00000000,False,False,0,0,0,0,0,0,0,266,0,
task122.onnx,base,ok,2510,2510,17.17196197,17.17196197,0.00000000,False,False,0,0,0,0,0,0,0,266,0,
task123.onnx,override,ok,4103,4103,16.68052631,16.68052631,0.00000000,False,False,0,0,0,0,0,0,0,265,0,
task124.onnx,override,ok,11673,11673,15.63496624,15.63496624,0.00000000,False,False,0,0,0,0,0,0,0,267,0,
task125.onnx,override,ok,13416,13416,15.49579670,15.49579670,0.00000000,False,False,0,0,0,0,0,0,0,265,0,
task126.onnx,base,ok,86091,86091,13.63683984,13.63683984,0.00000000,False,False,0,0,0,0,0,0,0,266,0,
task127.onnx,base,ok,900,900,18.19760524,18.19760524,0.00000000,False,False,0,0,0,0,0,0,0,267,0,
task128.onnx,base,ok,95042,95024,13.53792582,13.53811523,0.00018941,True,False,0,0,18,0,0,0,0,266,0,
task129.onnx,override,ok,807,807,18.30667633,18.30667633,0.00000000,False,False,0,0,0,0,0,0,0,265,0,
task130.onnx,override,ok,15938,15938,15.32353853,15.32353853,0.00000000,False,False,0,0,0,0,0,0,0,265,0,
task131.onnx,override,ok,44550,44550,14.29563257,14.29563257,0.00000000,False,False,0,0,0,0,0,0,0,266,0,
task132.onnx,override,ok,29458,29458,14.70927920,14.70927920,0.00000000,False,False,0,0,0,0,0,0,0,267,0,
task133.onnx,override,ok,196679,196679,12.81067176,12.81067176,0.00000000,False,False,0,0,0,0,0,0,0,267,0,
task134.onnx,override,ok,12388,12380,15.57551646,15.57616245,0.00064599,True,False,0,0,8,0,0,0,0,266,0,
task135.onnx,override,ok,360,360,19.11389597,19.11389597,0.00000000,False,False,0,0,0,0,0,0,0,266,0,
task136.onnx,override,ok,4836,4836,16.51615679,16.51615679,0.00000000,False,False,0,0,0,0,0,0,0,266,0,
task137.onnx,override,ok,71582,71582,13.82140108,13.82140108,0.00000000,False,False,0,0,0,0,0,0,0,266,0,
task138.onnx,override,ok,48467,48467,14.21136157,14.21136157,0.00000000,False,False,0,0,0,0,0,0,0,266,0,
task139.onnx,base,ok,3630,3630,16.80301207,16.80301207,0.00000000,False,False,0,0,0,0,0,0,0,265,0,
task140.onnx,override,ok,368,368,19.09191706,19.09191706,0.00000000,False,False,0,0,0,0,0,0,0,265,0,
task141.onnx,base,ok,15819,15819,15.33103297,15.33103297,0.00000000,False,False,0,0,0,0,0,0,0,265,0,
task142.onnx,base,ok,1800,1800,17.50445806,17.50445806,0.00000000,False,False,0,0,0,0,0,0,0,266,0,
task143.onnx,override,ok,19441,19441,15.12486048,15.12486048,0.00000000,False,False,0,0,0,0,0,0,0,266,0,
task144.onnx,override,ok,430,430,18.93621479,18.93621479,0.00000000,False,False,0,0,0,0,0,0,0,267,0,
task145.onnx,override,ok,69757,69757,13.84722695,13.84722695,0.00000000,False,False,0,0,0,0,0,0,0,267,0,
task146.onnx,override,ok,2256,2256,17.27865139,17.27865139,0.00000000,False,False,0,0,0,0,0,0,0,267,0,
task147.onnx,base,ok,910,910,18.18655540,18.18655540,0.00000000,False,False,0,0,0,0,0,0,0,267,0,
task148.onnx,override,ok,22029,22029,14.99988495,14.99988495,0.00000000,False,False,0,0,0,0,0,0,0,266,0,
task149.onnx,override,ok,235,235,19.54041449,19.54041449,0.00000000,False,False,0,0,0,0,0,0,0,267,0,
task150.onnx,override,ok,1014,1014,18.07834182,18.07834182,0.00000000,False,False,0,0,0,0,0,0,0,266,0,
task151.onnx,override,ok,910,910,18.18655540,18.18655540,0.00000000,False,False,0,0,0,0,0,0,0,266,0,
task152.onnx,base,ok,1800,1800,17.50445806,17.50445806,0.00000000,False,False,0,0,0,0,0,0,0,267,0,
task153.onnx,override,ok,21394,21394,15.02913421,15.02913421,0.00000000,False,True,0,0,0,0,0,0,0,265,0,
task154.onnx,override,ok,32974,32974,14.59652535,14.59652535,0.00000000,False,False,0,0,0,0,0,0,0,266,0,
task155.onnx,override,ok,1014,1014,18.07834182,18.07834182,0.00000000,False,False,0,0,0,0,0,0,0,266,0,
task156.onnx,override,ok,26551,26551,14.81317731,14.81317731,0.00000000,False,False,0,0,0,0,0,0,0,265,0,
task157.onnx,override,ok,79202,77909,13.72024317,13.73670324,0.01646007,True,False,0,0,0,173,0,0,0,265,0,
task158.onnx,override,ok,191458,191458,12.83757626,12.83757626,0.00000000,False,True,0,0,0,0,0,0,0,266,0,
task159.onnx,override,ok,89321,89321,13.60000810,13.60000810,0.00000000,False,False,0,0,0,0,0,0,0,265,0,
task160.onnx,override,ok,4585,4585,16.56945462,16.56945462,0.00000000,False,False,0,0,0,0,0,0,0,265,0,
task161.onnx,override,ok,64639,64639,13.92342678,13.92342678,0.00000000,False,False,0,0,0,0,0,0,0,266,0,
task162.onnx,base,ok,63291,63291,13.94450158,13.94450158,0.00000000,False,False,0,0,0,0,0,0,0,266,0,
task163.onnx,override,ok,24075,24075,14.91107076,14.91107076,0.00000000,False,False,0,0,0,0,0,0,0,267,0,
task164.onnx,base,ok,30,30,21.59880262,21.59880262,0.00000000,False,False,0,0,0,0,0,0,0,267,0,
task165.onnx,base,ok,67524,67524,13.87976163,13.87976163,0.00000000,False,False,0,0,0,0,0,0,0,265,0,
task166.onnx,override,ok,24789,24789,14.88184471,14.88184471,0.00000000,False,False,0,0,0,0,0,0,0,266,0,
task167.onnx,override,ok,685,685,18.47058116,18.47058116,0.00000000,False,False,0,0,0,0,0,0,0,268,0,
task168.onnx,override,ok,20403,20403,15.07656277,15.07656277,0.00000000,False,False,0,0,0,0,0,0,0,265,0,
task169.onnx,override,ok,23628,23628,14.92981227,14.92981227,0.00000000,False,False,0,0,0,0,0,0,0,266,0,
task170.onnx,override,ok,78564,78564,13.72833114,13.72833114,0.00000000,False,False,0,0,0,0,0,0,0,266,0,
task171.onnx,base,ok,910,910,18.18655540,18.18655540,0.00000000,False,False,0,0,0,0,0,0,0,54,0,
task172.onnx,base,ok,30,30,21.59880262,21.59880262,0.00000000,False,False,0,0,0,0,0,0,0,267,0,
task173.onnx,override,ok,175243,175243,12.92607114,12.92607114,0.00000000,False,False,0,0,0,0,0,0,0,266,0,
task174.onnx,override,ok,52019,52019,14.14063568,14.14063568,0.00000000,False,False,0,0,0,0,0,0,0,266,0,
task175.onnx,override,ok,94820,94820,13.54026436,13.54026436,0.00000000,False,False,0,0,0,0,0,0,0,266,0,
task176.onnx,override,ok,7920,7920,16.02285352,16.02285352,0.00000000,False,False,0,0,0,0,0,0,0,25,0,
task177.onnx,override,ok,61194,61194,13.97819558,13.97819558,0.00000000,False,False,0,0,0,0,0,0,0,265,0,
task178.onnx,override,ok,13656,13656,15.47806574,15.47806574,0.00000000,False,False,0,0,0,0,0,0,0,268,0,
task179.onnx,base,ok,0,0,25.00000000,25.00000000,0.00000000,False,False,0,0,0,0,0,0,0,267,0,
task180.onnx,override,ok,7450,7450,16.08403069,16.08403069,0.00000000,False,False,0,0,0,0,0,0,0,268,0,
task181.onnx,base,ok,1194,1194,17.91493571,17.91493571,0.00000000,False,False,0,0,0,0,0,0,0,266,0,
task182.onnx,override,ok,47619,47619,14.22901288,14.22901288,0.00000000,False,False,0,0,0,0,0,0,0,267,0,
task183.onnx,override,ok,24868,24868,14.87866288,14.87866288,0.00000000,False,False,0,0,0,0,0,0,0,265,0,
task184.onnx,override,ok,38855,38855,14.43240795,14.43240795,0.00000000,False,False,0,0,0,0,0,0,0,169,0,
task185.onnx,override,ok,59584,59584,14.00485764,14.00485764,0.00000000,False,False,0,0,0,0,0,0,0,267,0,
task186.onnx,override,ok,364,364,19.10284613,19.10284613,0.00000000,False,False,0,0,0,0,0,0,0,267,0,
task187.onnx,override,ok,84612,84612,13.65416862,13.65416862,0.00000000,False,False,0,0,0,0,0,0,0,266,0,
task188.onnx,base,ok,11020,11020,15.69253292,15.69253292,0.00000000,False,False,0,0,0,0,0,0,0,266,0,
task189.onnx,override,ok,24639,24639,14.88791417,14.88791417,0.00000000,False,False,0,0,0,0,0,0,0,266,0,
task190.onnx,base,ok,11204,11204,15.67597386,15.67597386,0.00000000,False,False,0,0,0,0,0,0,0,266,0,
task191.onnx,override,ok,85919,85919,13.63883973,13.63883973,0.00000000,False,False,0,0,0,0,0,0,0,267,0,
task192.onnx,override,ok,51968,51968,14.14161658,14.14161658,0.00000000,False,False,0,0,0,0,0,0,0,265,0,
task193.onnx,base,ok,53661,53661,14.10955824,14.10955824,0.00000000,False,False,0,0,0,0,0,0,0,266,0,
task194.onnx,base,ok,1800,1800,17.50445806,17.50445806,0.00000000,False,False,0,0,0,0,0,0,0,266,0,
task195.onnx,base,ok,14229,14229,15.43696259,15.43696259,0.00000000,False,False,0,0,0,0,0,0,0,265,0,
task196.onnx,override,ok,32241,32241,14.61900579,14.61900579,0.00000000,False,False,0,0,0,0,0,0,0,266,0,
task197.onnx,override,ok,50688,50688,14.16655552,14.16655552,0.00000000,False,False,0,0,0,0,0,0,0,267,0,
task198.onnx,base,ok,103821,103821,13.44957646,13.44957646,0.00000000,False,False,0,0,0,0,0,0,0,266,0,
task199.onnx,base,ok,16157,16157,15.30989133,15.30989133,0.00000000,False,False,0,0,0,0,0,0,0,266,0,
task200.onnx,override,ok,3266,3266,16.90867873,16.90867873,0.00000000,False,False,0,0,0,0,0,0,0,84,0,
task201.onnx,override,ok,92700,92700,13.56287625,13.56287625,0.00000000,False,False,0,0,0,0,0,0,0,266,0,
task202.onnx,base,ok,125720,125720,13.25818751,13.25818751,0.00000000,False,False,0,0,0,0,0,0,0,230,0,
task203.onnx,override,ok,88402,85342,13.61035013,13.64557801,0.03522788,True,False,0,0,0,612,0,0,0,267,0,
task204.onnx,override,ok,119646,119646,13.30770734,13.30770734,0.00000000,False,False,0,0,0,0,0,0,0,268,0,
task205.onnx,override,ok,112313,112313,13.37095510,13.37095510,0.00000000,False,False,0,0,0,0,0,0,0,266,0,
task206.onnx,override,ok,61387,61387,13.97504663,13.97504663,0.00000000,False,True,0,0,0,0,0,0,0,266,0,
task207.onnx,override,ok,1875,1875,17.46363606,17.46363606,0.00000000,False,False,0,0,0,0,0,0,0,265,0,
task208.onnx,override,ok,92273,92273,13.56749315,13.56749315,0.00000000,False,False,0,0,0,0,0,0,0,266,0,
task209.onnx,override,ok,122356,121934,13.28530989,13.28876481,0.00345491,True,False,0,0,0,22,0,0,0,266,0,
task210.onnx,base,ok,30,30,21.59880262,21.59880262,0.00000000,False,False,0,0,0,0,0,0,0,266,0,
task211.onnx,base,ok,1800,1800,17.50445806,17.50445806,0.00000000,False,False,0,0,0,0,0,0,0,266,0,
task212.onnx,override,ok,9170,9170,15.87630743,15.87630743,0.00000000,False,False,0,0,0,0,0,0,0,265,0,
task213.onnx,override,ok,50145,50145,14.17732591,14.17732591,0.00000000,False,False,0,0,0,0,0,0,0,265,0,
task214.onnx,base,ok,1800,1800,17.50445806,17.50445806,0.00000000,False,False,0,0,0,0,0,0,0,266,0,
task215.onnx,override,ok,38094,38094,14.45218793,14.45218793,0.00000000,False,False,0,0,0,0,0,0,0,265,0,
task216.onnx,override,ok,103572,103572,13.45197770,13.45197770,0.00000000,False,False,0,0,0,0,0,0,0,266,0,
task217.onnx,override,ok,17924,17924,15.20610412,15.20610412,0.00000000,False,False,0,0,0,0,0,0,0,266,0,
task218.onnx,base,ok,23202,23202,14.94800624,14.94800624,0.00000000,False,False,0,0,0,0,0,0,0,266,0,
task219.onnx,override,ok,84847,84847,13.65139509,13.65139509,0.00000000,False,False,0,0,0,0,0,0,0,265,0,
task220.onnx,base,ok,900,900,18.19760524,18.19760524,0.00000000,False,False,0,0,0,0,0,0,0,267,0,
task221.onnx,base,ok,55869,55869,14.06923506,14.06923506,0.00000000,False,False,0,0,0,0,0,0,0,267,0,
task222.onnx,base,ok,58035,58035,14.03119844,14.03119844,0.00000000,False,False,0,0,0,0,0,0,0,266,0,
task223.onnx,base,ok,1800,1800,17.50445806,17.50445806,0.00000000,False,False,0,0,0,0,0,0,0,265,0,
task224.onnx,override,ok,45458,45458,14.27545590,14.27545590,0.00000000,False,False,0,0,0,0,0,0,0,266,0,
task225.onnx,override,ok,11078,11078,15.68728356,15.68728356,0.00000000,False,False,0,0,0,0,0,0,0,265,0,
task226.onnx,override,ok,4759,4759,16.53220716,16.53220716,0.00000000,False,False,0,0,0,0,0,0,0,133,0,
task227.onnx,override,ok,2927,2927,17.01826671,17.01826671,0.00000000,False,False,0,0,0,0,0,0,0,267,0,
task228.onnx,override,ok,25086,25086,14.86993480,14.86993480,0.00000000,False,False,0,0,0,0,0,0,0,266,0,
task229.onnx,override,ok,1409,1409,17.74936449,17.74936449,0.00000000,False,False,0,0,0,0,0,0,0,267,0,
task230.onnx,base,ok,900,900,18.19760524,18.19760524,0.00000000,False,False,0,0,0,0,0,0,0,266,0,
task231.onnx,override,ok,38342,38342,14.44569882,14.44569882,0.00000000,False,False,0,0,0,0,0,0,0,266,0,
task232.onnx,override,ok,29497,29497,14.70795616,14.70795616,0.00000000,False,False,0,0,0,0,0,0,0,266,0,
task233.onnx,override,ok,1656727,1644783,10.67964547,10.68688098,0.00723551,True,False,0,0,5993,2512,0,0,0,266,0,
task234.onnx,override,ok,81703,81703,13.68915400,13.68915400,0.00000000,False,False,0,0,0,0,0,0,0,266,0,
task235.onnx,override,ok,1338,1338,17.80106876,17.80106876,0.00000000,False,False,0,0,0,0,0,0,0,69,0,
task236.onnx,override,ok,643,643,18.53385528,18.53385528,0.00000000,False,False,0,0,0,0,0,0,0,267,0,
task237.onnx,override,ok,14324,14324,15.43030827,15.43030827,0.00000000,False,False,0,0,0,0,0,0,0,266,0,
task238.onnx,override,ok,64352,64352,13.92787671,13.92787671,0.00000000,False,False,0,0,0,0,0,0,0,266,0,
task239.onnx,override,ok,94477,94477,13.54388830,13.54388830,0.00000000,False,False,0,0,0,0,0,0,0,267,0,
task240.onnx,override,ok,27847,27847,14.76551948,14.76551948,0.00000000,False,False,0,0,0,0,0,0,0,266,0,
task241.onnx,base,ok,0,0,25.00000000,25.00000000,0.00000000,False,False,0,0,0,0,0,0,0,266,0,
task242.onnx,override,ok,20119,20119,15.09058008,15.09058008,0.00000000,False,False,0,0,0,0,0,0,0,266,0,
task243.onnx,override,ok,108966,108966,13.40120881,13.40120881,0.00000000,False,False,0,0,0,0,0,0,0,265,0,
task244.onnx,override,ok,31782,31782,14.63334463,14.63334463,0.00000000,False,False,0,0,0,0,0,0,0,266,0,
task245.onnx,override,ok,29015,29015,14.72443178,14.72443178,0.00000000,False,True,0,0,0,0,0,0,0,267,0,
task246.onnx,base,ok,13391,13391,15.49766188,15.49766188,0.00000000,False,False,0,0,0,0,0,0,0,266,0,
task247.onnx,override,ok,6168,6168,16.27287008,16.27287008,0.00000000,False,False,0,0,0,0,0,0,0,269,0,
task248.onnx,override,ok,6510,6510,16.21890526,16.21890526,0.00000000,False,False,0,0,0,0,0,0,0,13,0,
task249.onnx,override,ok,8998,8998,15.89524239,15.89524239,0.00000000,False,False,0,0,0,0,0,0,0,265,0,
task250.onnx,override,ok,12140,12140,15.59573894,15.59573894,0.00000000,False,False,0,0,0,0,0,0,0,265,0,
task251.onnx,override,ok,100580,100580,13.48129129,13.48129129,0.00000000,False,False,0,0,0,0,0,0,0,266,0,
task252.onnx,override,ok,38062,38062,14.45302831,14.45302831,0.00000000,False,False,0,0,0,0,0,0,0,266,0,
task253.onnx,base,ok,48269,48269,14.21545519,14.21545519,0.00000000,False,False,0,0,0,0,0,0,0,265,0,
task254.onnx,override,ok,7956,7956,16.01831836,16.01831836,0.00000000,False,False,0,0,0,0,0,0,0,265,0,
task255.onnx,override,ok,1681634,1671745,10.66472350,10.67062145,0.00589795,True,False,0,0,899,8990,0,0,0,265,0,
task256.onnx,override,ok,18081,18081,15.19738306,15.19738306,0.00000000,False,False,0,0,0,0,0,0,0,266,0,
task257.onnx,override,ok,1077,1077,18.01806532,18.01806532,0.00000000,False,False,0,0,0,0,0,0,0,269,0,
task258.onnx,override,ok,160,160,19.92482618,19.92482618,0.00000000,False,False,0,0,0,0,0,0,0,266,0,
task259.onnx,override,ok,6843,6843,16.16901849,16.16901849,0.00000000,False,False,0,0,0,0,0,0,0,266,0,
task260.onnx,override,ok,12473,12473,15.56867841,15.56867841,0.00000000,False,False,0,0,0,0,0,0,0,266,0,
task261.onnx,base,ok,200,200,19.70168263,19.70168263,0.00000000,False,False,0,0,0,0,0,0,0,265,0,
task262.onnx,override,ok,3770,3770,16.76516972,16.76516972,0.00000000,False,False,0,0,0,0,0,0,0,11,0,
task263.onnx,override,ok,8054,8054,16.00607586,16.00607586,0.00000000,False,False,0,0,0,0,0,0,0,267,0,
task264.onnx,override,ok,79212,79212,13.72011692,13.72011692,0.00000000,False,False,0,0,0,0,0,0,0,265,0,
task265.onnx,override,ok,39162,39162,14.42453783,14.42453783,0.00000000,False,False,0,0,0,0,0,0,0,266,0,
task266.onnx,base,ok,910,910,18.18655540,18.18655540,0.00000000,False,False,0,0,0,0,0,0,0,20,0,
task267.onnx,override,ok,1255,1207,17.86510915,17.90410678,0.03899763,True,False,0,0,48,0,0,0,0,264,0,
task268.onnx,override,ok,22386,22386,14.98380896,14.98380896,0.00000000,False,False,0,0,0,0,0,0,0,266,0,
task269.onnx,override,ok,8602,8602,15.94024999,15.94024999,0.00000000,False,False,0,0,0,0,0,0,0,266,0,
task270.onnx,override,ok,25501,25501,14.85352705,14.85352705,0.00000000,False,False,0,0,0,0,0,0,0,266,0,
task271.onnx,base,ok,28991,28991,14.72525928,14.72525928,0.00000000,False,False,0,0,0,0,0,0,0,267,0,
task272.onnx,override,ok,460,460,18.86877351,18.86877351,0.00000000,False,False,0,0,0,0,0,0,0,267,0,
task273.onnx,override,ok,5937,5937,16.31104077,16.31104077,0.00000000,False,False,0,0,0,0,0,0,0,266,0,
task274.onnx,override,ok,8581,8581,15.94269426,15.94269426,0.00000000,False,False,0,0,0,0,0,0,0,269,0,
task275.onnx,override,ok,83879,83879,13.66286944,13.66286944,0.00000000,False,False,0,0,0,0,0,0,0,266,0,
task276.onnx,base,ok,10,10,22.69741491,22.69741491,0.00000000,False,False,0,0,0,0,0,0,0,266,0,
task277.onnx,override,ok,14617,14617,15.41005949,15.41005949,0.00000000,False,False,0,0,0,0,0,0,0,266,0,
task278.onnx,override,ok,30494,30494,14.67471478,14.67471478,0.00000000,False,False,0,0,0,0,0,0,0,265,0,
task279.onnx,override,ok,26330,26330,14.82153575,14.82153575,0.00000000,False,False,0,0,0,0,0,0,0,266,0,
task280.onnx,override,ok,85706,85706,13.64132189,13.64132189,0.00000000,False,False,0,0,0,0,0,0,0,267,0,
task281.onnx,override,ok,88615,88615,13.60794358,13.60794358,0.00000000,False,False,0,0,0,0,0,0,0,266,0,
task282.onnx,base,ok,900,900,18.19760524,18.19760524,0.00000000,False,False,0,0,0,0,0,0,0,265,0,
task283.onnx,base,ok,910,910,18.18655540,18.18655540,0.00000000,False,False,0,0,0,0,0,0,0,265,0,
task284.onnx,override,ok,101133,62853,13.47580824,13.95144605,0.47563782,True,False,0,0,0,1740,0,0,0,266,0,
task285.onnx,override,ok,395466,392856,12.11217990,12.11880159,0.00662168,True,False,0,0,0,2610,0,0,0,265,0,
task286.onnx,override,ok,162200,162199,13.00341458,13.00342074,0.00000617,True,False,1,0,0,0,0,0,0,265,0,
task287.onnx,override,ok,22566,22566,14.97580037,14.97580037,0.00000000,False,False,0,0,0,0,0,0,0,267,0,
task288.onnx,override,ok,31807,31807,14.63255833,14.63255833,0.00000000,False,False,0,0,0,0,0,0,0,267,0,
task289.onnx,override,ok,24972,24972,14.87448952,14.87448952,0.00000000,False,False,0,0,0,0,0,0,0,268,0,
task290.onnx,override,ok,11708,11708,15.63197235,15.63197235,0.00000000,False,False,0,0,0,0,0,0,0,266,0,
task291.onnx,base,ok,4327,4327,16.62737026,16.62737026,0.00000000,False,False,0,0,0,0,0,0,0,265,0,
task292.onnx,override,ok,6305,6305,16.25090175,16.25090175,0.00000000,False,False,0,0,0,0,0,0,0,28,0,
task293.onnx,override,ok,24771,23931,14.88257111,14.91707003,0.03449892,True,False,0,0,0,420,0,0,0,267,0,
task294.onnx,base,ok,910,910,18.18655540,18.18655540,0.00000000,False,False,0,0,0,0,0,0,0,265,0,
task295.onnx,override,ok,12190,12190,15.59162878,15.59162878,0.00000000,False,False,0,0,0,0,0,0,0,268,0,
task296.onnx,override,ok,4107,4107,16.67955189,16.67955189,0.00000000,False,False,0,0,0,0,0,0,0,268,0,
task297.onnx,override,ok,9171,9171,15.87619839,15.87619839,0.00000000,False,False,0,0,0,0,0,0,0,265,0,
task298.onnx,override,ok,14948,14948,15.38766721,15.38766721,0.00000000,False,False,0,0,0,0,0,0,0,267,0,
task299.onnx,override,ok,1718,1718,17.55108390,17.55108390,0.00000000,False,False,0,0,0,0,0,0,0,21,0,
task300.onnx,override,ok,77546,77546,13.74137341,13.74137341,0.00000000,False,False,0,0,0,0,0,0,0,267,0,
task301.onnx,override,ok,64988,61508,13.91804208,13.97307747,0.05503539,True,False,0,0,0,1740,0,0,0,266,0,
task302.onnx,override,ok,7796,7796,16.03863394,16.03863394,0.00000000,False,False,0,0,0,0,0,0,0,266,0,
task303.onnx,base,ok,80710,80710,13.70138224,13.70138224,0.00000000,False,False,0,0,0,0,0,0,0,265,0,
task304.onnx,override,ok,10848,10848,15.70826399,15.70826399,0.00000000,False,False,0,0,0,0,0,0,0,266,0,
task305.onnx,base,ok,3952,3952,16.71802294,16.71802294,0.00000000,False,False,0,0,0,0,0,0,0,266,0,
task306.onnx,override,ok,64442,64442,13.92647913,13.92647913,0.00000000,False,False,0,0,0,0,0,0,0,265,0,
task307.onnx,base,ok,1800,1800,17.50445806,17.50445806,0.00000000,False,False,0,0,0,0,0,0,0,266,0,
task308.onnx,override,ok,21799,21799,15.01038062,15.01038062,0.00000000,False,False,0,0,0,0,0,0,0,266,0,
task309.onnx,base,ok,10,10,22.69741491,22.69741491,0.00000000,False,False,0,0,0,0,0,0,0,265,0,
task310.onnx,override,ok,25739,25739,14.84423737,14.84423737,0.00000000,False,False,0,0,0,0,0,0,0,266,0,
task311.onnx,base,ok,30,30,21.59880262,21.59880262,0.00000000,False,False,0,0,0,0,0,0,0,266,0,
task312.onnx,base,ok,9979,9979,15.79176184,15.79176184,0.00000000,False,False,0,0,0,0,0,0,0,265,0,
task313.onnx,override,ok,83572,70522,13.66653619,13.83632000,0.16978382,True,False,0,0,0,4350,0,0,0,266,0,
task314.onnx,override,ok,8594,8594,15.94118044,15.94118044,0.00000000,False,False,0,0,0,0,0,0,0,266,0,
task315.onnx,override,ok,3387,3387,16.87230015,16.87230015,0.00000000,False,False,0,0,0,0,0,0,0,266,0,
task316.onnx,override,ok,3902,3902,16.73075548,16.73075548,0.00000000,False,False,0,0,0,0,0,0,0,266,0,
task317.onnx,base,ok,900,900,18.19760524,18.19760524,0.00000000,False,False,0,0,0,0,0,0,0,265,0,
task318.onnx,override,ok,739,739,18.39470208,18.39470208,0.00000000,False,False,0,0,0,0,0,0,0,267,0,
task319.onnx,override,ok,33507,33507,14.58049035,14.58049035,0.00000000,False,False,0,0,0,0,0,0,0,267,0,
task320.onnx,base,ok,5190,5190,16.44551102,16.44551102,0.00000000,False,False,0,0,0,0,0,0,0,266,0,
task321.onnx,override,ok,5411,5411,16.40381080,16.40381080,0.00000000,False,False,0,0,0,0,0,0,0,267,0,
task322.onnx,override,ok,867,867,18.23496102,18.23496102,0.00000000,False,False,0,0,0,0,0,0,0,266,0,
task323.onnx,override,ok,4532,4532,16.58108138,16.58108138,0.00000000,False,False,0,0,0,0,0,0,0,172,0,
task324.onnx,override,ok,48870,48870,14.20308101,14.20308101,0.00000000,False,False,0,0,0,0,0,0,0,266,0,
task325.onnx,base,ok,43022,43022,14.33053311,14.33053311,0.00000000,False,False,0,0,0,0,0,0,0,266,0,
task326.onnx,override,ok,160,160,19.92482618,19.92482618,0.00000000,False,False,0,0,0,0,0,0,0,266,0,
task327.onnx,override,ok,7538,7538,16.07228783,16.07228783,0.00000000,False,False,0,0,0,0,0,0,0,265,0,
task328.onnx,override,ok,68053,68053,13.87195791,13.87195791,0.00000000,False,False,0,0,0,0,0,0,0,267,0,
task329.onnx,override,ok,10260,10260,15.76399188,15.76399188,0.00000000,False,False,0,0,0,0,0,0,0,266,0,
task330.onnx,override,ok,17737,17737,15.21659187,15.21659187,0.00000000,False,False,0,0,0,0,0,0,0,266,0,
task331.onnx,base,ok,910,910,18.18655540,18.18655540,0.00000000,False,False,0,0,0,0,0,0,0,265,0,
task332.onnx,override,ok,8990,8116,15.89613187,15.99840730,0.10227543,True,False,0,0,0,97,0,0,0,267,0,
task333.onnx,base,ok,24893,24893,14.87765808,14.87765808,0.00000000,False,False,0,0,0,0,0,0,0,265,0,
task334.onnx,override,ok,609,609,18.58818173,18.58818173,0.00000000,False,False,0,0,0,0,0,0,0,271,0,
task335.onnx,override,ok,46249,46249,14.25820488,14.25820488,0.00000000,False,False,0,0,0,0,0,0,0,266,0,
task336.onnx,base,ok,6036,6036,16.29450318,16.29450318,0.00000000,False,False,0,0,0,0,0,0,0,31,0,
task337.onnx,base,ok,10,10,22.69741491,22.69741491,0.00000000,False,False,0,0,0,0,0,0,0,266,0,
task338.onnx,override,ok,45016,45016,14.28522674,14.28522674,0.00000000,False,False,0,0,0,0,0,0,0,267,0,
task339.onnx,base,ok,980,980,18.11244743,18.11244743,0.00000000,False,False,0,0,0,0,0,0,0,266,0,
task340.onnx,override,ok,70342,70342,13.83887566,13.83887566,0.00000000,False,False,0,0,0,0,0,0,0,266,0,
task341.onnx,override,ok,18865,18865,15.15493637,15.15493637,0.00000000,False,False,0,0,0,0,0,0,0,266,0,
task342.onnx,override,ok,12153,11613,15.59466867,15.64011956,0.04545089,True,False,0,0,0,180,0,0,0,266,0,
task343.onnx,override,ok,28656,28536,14.73688188,14.74107827,0.00419640,True,False,0,0,0,120,0,0,0,266,0,
task344.onnx,base,ok,2510,2510,17.17196197,17.17196197,0.00000000,False,False,0,0,0,0,0,0,0,266,0,
task345.onnx,override,ok,11716,11716,15.63128929,15.63128929,0.00000000,False,False,0,0,0,0,0,0,0,264,0,
task346.onnx,override,ok,9092,9092,15.88484982,15.88484982,0.00000000,False,False,0,0,0,0,0,0,0,267,0,
task347.onnx,override,ok,1587,1587,17.63039928,17.63039928,0.00000000,False,False,0,0,0,0,0,0,0,269,0,
task348.onnx,override,ok,7207,7207,16.11719195,16.11719195,0.00000000,False,False,0,0,0,0,0,0,0,265,0,
task349.onnx,override,ok,44079,44079,14.30626124,14.30626124,0.00000000,False,False,0,0,0,0,0,0,0,267,0,
task350.onnx,override,ok,19830,19830,15.10504878,15.10504878,0.00000000,False,False,0,0,0,0,0,0,0,267,0,
task351.onnx,base,ok,35154,35154,14.53250631,14.53250631,0.00000000,False,False,0,0,0,0,0,0,0,265,0,
task352.onnx,base,ok,6626,6626,16.20124342,16.20124342,0.00000000,False,False,0,0,0,0,0,0,0,266,0,
task353.onnx,base,ok,5411,5411,16.40381080,16.40381080,0.00000000,False,False,0,0,0,0,0,0,0,271,0,
task354.onnx,override,ok,17007,17007,15.25861970,15.25861970,0.00000000,False,False,0,0,0,0,0,0,0,266,0,
task355.onnx,override,ok,11795,11795,15.62456901,15.62456901,0.00000000,False,False,0,0,0,0,0,0,0,267,0,
task356.onnx,override,ok,5001,5001,16.48260683,16.48260683,0.00000000,False,False,0,0,0,0,0,0,0,266,0,
task357.onnx,override,ok,6581,6572,16.20805801,16.20942652,0.00136851,True,False,0,0,9,0,0,0,0,13,0,
task358.onnx,override,ok,113999,113921,13.35605504,13.35673950,0.00068445,True,False,0,0,78,0,0,0,0,265,0,
task359.onnx,override,ok,42313,42313,14.34715035,14.34715035,0.00000000,False,False,0,0,0,0,0,0,0,266,0,
task360.onnx,override,ok,11146,11146,15.68116403,15.68116403,0.00000000,False,False,0,0,0,0,0,0,0,266,0,
task361.onnx,override,ok,15916,15916,15.32491983,15.32491983,0.00000000,False,False,0,0,0,0,0,0,0,266,0,
task362.onnx,override,ok,11939,11939,15.61243437,15.61243437,0.00000000,False,False,0,0,0,0,0,0,0,267,0,
task363.onnx,override,ok,88892,88892,13.60482257,13.60482257,0.00000000,False,False,0,0,0,0,0,0,0,265,0,
task364.onnx,override,ok,77859,77859,13.73734522,13.73734522,0.00000000,False,False,0,0,0,0,0,0,0,266,0,
task365.onnx,override,ok,58814,58814,14.01786480,14.01786480,0.00000000,False,False,0,0,0,0,0,0,0,266,0,
task366.onnx,override,ok,836880,836880,11.36256403,11.36256403,0.00000000,False,False,0,0,0,0,0,0,0,255,0,
task367.onnx,override,ok,143603,141755,13.12519217,13.13814451,0.01295233,True,False,0,0,0,1848,0,0,0,266,0,
task368.onnx,override,ok,32339,32339,14.61597079,14.61597079,0.00000000,False,False,0,0,0,0,0,0,0,265,0,
task369.onnx,override,ok,7530,7530,16.07334968,16.07334968,0.00000000,False,False,0,0,0,0,0,0,0,265,0,
task370.onnx,override,ok,108282,108282,13.40750579,13.40750579,0.00000000,False,False,0,0,0,0,0,0,0,266,0,
task371.onnx,override,ok,13229,13229,15.50983333,15.50983333,0.00000000,False,False,0,0,0,0,0,0,0,266,0,
task372.onnx,override,ok,7880,7880,16.02791682,16.02791682,0.00000000,False,False,0,0,0,0,0,0,0,266,0,
task373.onnx,override,ok,524,524,18.73850832,18.73850832,0.00000000,False,False,0,0,0,0,0,0,0,75,0,
task374.onnx,override,ok,13342,13342,15.50132777,15.50132777,0.00000000,False,False,0,0,0,0,0,0,0,267,0,
task375.onnx,base,ok,15172,15172,15.37279310,15.37279310,0.00000000,False,False,0,0,0,0,0,0,0,58,0,
task376.onnx,override,ok,23412,23412,14.93899601,14.93899601,0.00000000,False,False,0,0,0,0,0,0,0,39,0,
task377.onnx,override,ok,61924,61924,13.96633689,13.96633689,0.00000000,False,False,0,0,0,0,0,0,0,266,0,
task378.onnx,override,ok,39008,39008,14.42847797,14.42847797,0.00000000,False,False,0,0,0,0,0,0,0,267,0,
task379.onnx,override,ok,71699,71699,13.81976792,13.81976792,0.00000000,False,False,0,0,0,0,0,0,0,266,0,
task380.onnx,override,ok,728,728,18.40969895,18.40969895,0.00000000,False,False,0,0,0,0,0,0,0,267,0,
task381.onnx,override,ok,3530,3530,16.83094685,16.83094685,0.00000000,False,False,0,0,0,0,0,0,0,265,0,
task382.onnx,override,ok,95588,94678,13.53219743,13.54176306,0.00956563,True,False,0,10,0,0,0,1,2,266,0,
task383.onnx,override,ok,128140,127241,13.23912130,13.24616180,0.00704049,True,False,0,0,899,0,0,0,0,266,0,
task384.onnx,override,ok,74722,74722,13.77847016,13.77847016,0.00000000,False,False,0,0,0,0,0,0,0,266,0,
task385.onnx,base,ok,30,30,21.59880262,21.59880262,0.00000000,False,False,0,0,0,0,0,0,0,265,0,
task386.onnx,override,ok,2163,2163,17.32074857,17.32074857,0.00000000,False,False,0,0,0,0,0,0,0,268,0,
task387.onnx,override,ok,63558,63558,13.94029185,13.94029185,0.00000000,False,False,0,0,0,0,0,0,0,266,0,
task388.onnx,override,ok,6468,6468,16.22537778,16.22537778,0.00000000,False,False,0,0,0,0,0,0,0,266,0,
task389.onnx,base,ok,1898,1898,17.45144402,17.45144402,0.00000000,False,False,0,0,0,0,0,0,0,266,0,
task390.onnx,override,ok,24691,24691,14.88580592,14.88580592,0.00000000,False,False,0,0,0,0,0,0,0,266,0,
task391.onnx,base,ok,10021,10021,15.78756183,15.78756183,0.00000000,False,False,0,0,0,0,0,0,0,267,0,
task392.onnx,override,ok,30859,30859,14.66281628,14.66281628,0.00000000,False,False,0,0,0,0,0,0,0,266,0,
task393.onnx,override,ok,459,459,18.87094979,18.87094979,0.00000000,False,False,0,0,0,0,0,0,0,265,0,
task394.onnx,override,ok,4753,4753,16.53346872,16.53346872,0.00000000,False,False,0,0,0,0,0,0,0,266,0,
task395.onnx,override,ok,1667,1667,17.58121912,17.58121912,0.00000000,False,False,0,0,0,0,0,0,0,268,0,
task396.onnx,override,ok,143389,143389,13.12668350,13.12668350,0.00000000,False,False,0,0,0,0,0,0,0,266,0,
task397.onnx,override,ok,21041,21041,15.04577181,15.04577181,0.00000000,False,False,0,0,0,0,0,0,0,266,0,
task398.onnx,override,ok,84295,84295,13.65792217,13.65792217,0.00000000,False,False,0,0,0,0,0,0,0,268,0,
task399.onnx,base,ok,1839,1839,17.48302278,17.48302278,0.00000000,False,False,0,0,0,0,0,0,0,273,0,
task400.onnx,base,ok,35153,35153,14.53253476,14.53253476,0.00000000,False,False,0,0,0,0,0,0,0,266,0,
