path,output_path,node_count_before,node_count_after,initializer_count_before,initializer_count_after,parameter_count_before,parameter_count_after,removed_unused_initializers,deduplicated_initializers,scalar_compressed_initializers,replaced_batch_compresses,saved_parameters,changed,status,error
E:\kagglegolf\data\external\datasets\afr1ste_6335\task000.onnx,E:\kagglegolf\data\interim\afr1ste_6335_batchcompress_rewrite\task000.onnx,6,6,2,2,2,2,0,0,0,1,0,True,rewritten,
E:\kagglegolf\data\external\datasets\afr1ste_6335\task001.onnx,E:\kagglegolf\data\interim\afr1ste_6335_batchcompress_rewrite\task001.onnx,188,188,0,0,0,0,0,0,0,1,0,True,rewritten,
E:\kagglegolf\data\external\datasets\afr1ste_6335\task002.onnx,E:\kagglegolf\data\interim\afr1ste_6335_batchcompress_rewrite\task002.onnx,886,886,2,2,2,2,0,0,0,1,0,True,rewritten,
E:\kagglegolf\data\external\datasets\afr1ste_6335\task003.onnx,E:\kagglegolf\data\interim\afr1ste_6335_batchcompress_rewrite\task003.onnx,67,67,2,2,2,2,0,0,0,1,0,True,rewritten,
E:\kagglegolf\data\external\datasets\afr1ste_6335\task004.onnx,E:\kagglegolf\data\interim\afr1ste_6335_batchcompress_rewrite\task004.onnx,13,13,0,0,0,0,0,0,0,0,0,False,unchanged,
E:\kagglegolf\data\external\datasets\afr1ste_6335\task005.onnx,E:\kagglegolf\data\interim\afr1ste_6335_batchcompress_rewrite\task005.onnx,183,183,36,35,223,222,0,1,0,1,1,True,rewritten,
E:\kagglegolf\data\external\datasets\afr1ste_6335\task006.onnx,E:\kagglegolf\data\interim\afr1ste_6335_batchcompress_rewrite\task006.onnx,14,14,13,13,53,53,0,0,0,1,0,True,rewritten,
E:\kagglegolf\data\external\datasets\afr1ste_6335\task007.onnx,E:\kagglegolf\data\interim\afr1ste_6335_batchcompress_rewrite\task007.onnx,39,39,3,3,6,6,0,0,0,1,0,True,rewritten,
E:\kagglegolf\data\external\datasets\afr1ste_6335\task008.onnx,E:\kagglegolf\data\interim\afr1ste_6335_batchcompress_rewrite\task008.onnx,822,822,51,51,110,110,0,0,0,1,0,True,rewritten,
E:\kagglegolf\data\external\datasets\afr1ste_6335\task009.onnx,E:\kagglegolf\data\interim\afr1ste_6335_batchcompress_rewrite\task009.onnx,135,135,3,3,902,902,0,0,0,1,0,True,rewritten,
E:\kagglegolf\data\external\datasets\afr1ste_6335\task010.onnx,E:\kagglegolf\data\interim\afr1ste_6335_batchcompress_rewrite\task010.onnx,80,80,21,19,137,135,0,2,0,2,2,True,rewritten,
E:\kagglegolf\data\external\datasets\afr1ste_6335\task011.onnx,E:\kagglegolf\data\interim\afr1ste_6335_batchcompress_rewrite\task011.onnx,103,103,2,2,2,2,0,0,0,1,0,True,rewritten,
E:\kagglegolf\data\external\datasets\afr1ste_6335\task012.onnx,E:\kagglegolf\data\interim\afr1ste_6335_batchcompress_rewrite\task012.onnx,25,25,2,2,2,2,0,0,0,1,0,True,rewritten,
E:\kagglegolf\data\external\datasets\afr1ste_6335\task013.onnx,E:\kagglegolf\data\interim\afr1ste_6335_batchcompress_rewrite\task013.onnx,70,70,12,10,70,68,0,2,0,1,2,True,rewritten,
E:\kagglegolf\data\external\datasets\afr1ste_6335\task014.onnx,E:\kagglegolf\data\interim\afr1ste_6335_batchcompress_rewrite\task014.onnx,61,61,1,1,1,1,0,0,0,1,0,True,rewritten,
E:\kagglegolf\data\external\datasets\afr1ste_6335\task015.onnx,E:\kagglegolf\data\interim\afr1ste_6335_batchcompress_rewrite\task015.onnx,5,5,0,0,0,0,0,0,0,0,0,False,unchanged,
E:\kagglegolf\data\external\datasets\afr1ste_6335\task016.onnx,E:\kagglegolf\data\interim\afr1ste_6335_batchcompress_rewrite\task016.onnx,2,2,0,0,0,0,0,0,0,0,0,False,unchanged,
E:\kagglegolf\data\external\datasets\afr1ste_6335\task017.onnx,E:\kagglegolf\data\interim\afr1ste_6335_batchcompress_rewrite\task017.onnx,113,113,18,18,2875,2875,0,0,0,1,0,True,rewritten,
E:\kagglegolf\data\external\datasets\afr1ste_6335\task018.onnx,E:\kagglegolf\data\interim\afr1ste_6335_batchcompress_rewrite\task018.onnx,27,27,18,18,6750,6750,0,0,0,1,0,True,rewritten,
E:\kagglegolf\data\external\datasets\afr1ste_6335\task019.onnx,E:\kagglegolf\data\interim\afr1ste_6335_batchcompress_rewrite\task019.onnx,81,81,3,3,6,6,0,0,0,1,0,True,rewritten,
E:\kagglegolf\data\external\datasets\afr1ste_6335\task020.onnx,E:\kagglegolf\data\interim\afr1ste_6335_batchcompress_rewrite\task020.onnx,53,53,15,14,1876,1875,0,1,0,1,1,True,rewritten,
E:\kagglegolf\data\external\datasets\afr1ste_6335\task021.onnx,E:\kagglegolf\data\interim\afr1ste_6335_batchcompress_rewrite\task021.onnx,250,250,16,16,1852,1852,0,0,0,0,0,False,unchanged,
E:\kagglegolf\data\external\datasets\afr1ste_6335\task022.onnx,E:\kagglegolf\data\interim\afr1ste_6335_batchcompress_rewrite\task022.onnx,291,291,88,87,5971,5970,0,1,0,1,1,True,rewritten,
E:\kagglegolf\data\external\datasets\afr1ste_6335\task023.onnx,E:\kagglegolf\data\interim\afr1ste_6335_batchcompress_rewrite\task023.onnx,15,15,12,12,489,489,0,0,0,0,0,False,unchanged,
E:\kagglegolf\data\external\datasets\afr1ste_6335\task024.onnx,E:\kagglegolf\data\interim\afr1ste_6335_batchcompress_rewrite\task024.onnx,17,17,2,2,2,2,0,0,0,1,0,True,rewritten,
E:\kagglegolf\data\external\datasets\afr1ste_6335\task025.onnx,E:\kagglegolf\data\interim\afr1ste_6335_batchcompress_rewrite\task025.onnx,62,62,2,2,2,2,0,0,0,1,0,True,rewritten,
E:\kagglegolf\data\external\datasets\afr1ste_6335\task026.onnx,E:\kagglegolf\data\interim\afr1ste_6335_batchcompress_rewrite\task026.onnx,27,27,2,2,2,2,0,0,0,1,0,True,rewritten,
E:\kagglegolf\data\external\datasets\afr1ste_6335\task027.onnx,E:\kagglegolf\data\interim\afr1ste_6335_batchcompress_rewrite\task027.onnx,43,43,2,2,2,2,0,0,0,1,0,True,rewritten,
E:\kagglegolf\data\external\datasets\afr1ste_6335\task028.onnx,E:\kagglegolf\data\interim\afr1ste_6335_batchcompress_rewrite\task028.onnx,40,40,2,2,2,2,0,0,0,2,0,True,rewritten,
E:\kagglegolf\data\external\datasets\afr1ste_6335\task029.onnx,E:\kagglegolf\data\interim\afr1ste_6335_batchcompress_rewrite\task029.onnx,1018,1018,54,51,321,260,2,1,2,1,61,True,rewritten,
E:\kagglegolf\data\external\datasets\afr1ste_6335\task030.onnx,E:\kagglegolf\data\interim\afr1ste_6335_batchcompress_rewrite\task030.onnx,91,91,0,0,0,0,0,0,0,0,0,False,unchanged,
E:\kagglegolf\data\external\datasets\afr1ste_6335\task031.onnx,E:\kagglegolf\data\interim\afr1ste_6335_batchcompress_rewrite\task031.onnx,43,43,1,1,1,1,0,0,0,1,0,True,rewritten,
E:\kagglegolf\data\external\datasets\afr1ste_6335\task032.onnx,E:\kagglegolf\data\interim\afr1ste_6335_batchcompress_rewrite\task032.onnx,28,28,2,2,2,2,0,0,0,1,0,True,rewritten,
E:\kagglegolf\data\external\datasets\afr1ste_6335\task033.onnx,E:\kagglegolf\data\interim\afr1ste_6335_batchcompress_rewrite\task033.onnx,107,107,2,2,2,2,0,0,0,1,0,True,rewritten,
E:\kagglegolf\data\external\datasets\afr1ste_6335\task034.onnx,E:\kagglegolf\data\interim\afr1ste_6335_batchcompress_rewrite\task034.onnx,359,359,97,97,394,394,0,0,0,1,0,True,rewritten,
E:\kagglegolf\data\external\datasets\afr1ste_6335\task035.onnx,E:\kagglegolf\data\interim\afr1ste_6335_batchcompress_rewrite\task035.onnx,117,117,35,35,231,231,0,0,0,1,0,True,rewritten,
E:\kagglegolf\data\external\datasets\afr1ste_6335\task036.onnx,E:\kagglegolf\data\interim\afr1ste_6335_batchcompress_rewrite\task036.onnx,72,72,1,1,1,1,0,0,0,1,0,True,rewritten,
E:\kagglegolf\data\external\datasets\afr1ste_6335\task037.onnx,E:\kagglegolf\data\interim\afr1ste_6335_batchcompress_rewrite\task037.onnx,54,54,2,2,2,2,0,0,0,1,0,True,rewritten,
E:\kagglegolf\data\external\datasets\afr1ste_6335\task038.onnx,E:\kagglegolf\data\interim\afr1ste_6335_batchcompress_rewrite\task038.onnx,25,25,0,0,0,0,0,0,0,0,0,False,unchanged,
E:\kagglegolf\data\external\datasets\afr1ste_6335\task039.onnx,E:\kagglegolf\data\interim\afr1ste_6335_batchcompress_rewrite\task039.onnx,26,26,12,7,972,967,1,4,0,1,5,True,rewritten,
E:\kagglegolf\data\external\datasets\afr1ste_6335\task040.onnx,E:\kagglegolf\data\interim\afr1ste_6335_batchcompress_rewrite\task040.onnx,57,57,2,2,2,2,0,0,0,1,0,True,rewritten,
E:\kagglegolf\data\external\datasets\afr1ste_6335\task041.onnx,E:\kagglegolf\data\interim\afr1ste_6335_batchcompress_rewrite\task041.onnx,16,16,8,5,8,5,0,3,0,1,3,True,rewritten,
E:\kagglegolf\data\external\datasets\afr1ste_6335\task042.onnx,E:\kagglegolf\data\interim\afr1ste_6335_batchcompress_rewrite\task042.onnx,90,90,2,2,2,2,0,0,0,2,0,True,rewritten,
E:\kagglegolf\data\external\datasets\afr1ste_6335\task043.onnx,E:\kagglegolf\data\interim\afr1ste_6335_batchcompress_rewrite\task043.onnx,27,27,2,2,2,2,0,0,0,1,0,True,rewritten,
E:\kagglegolf\data\external\datasets\afr1ste_6335\task044.onnx,E:\kagglegolf\data\interim\afr1ste_6335_batchcompress_rewrite\task044.onnx,495,495,26,15,29,18,0,11,0,1,11,True,rewritten,
E:\kagglegolf\data\external\datasets\afr1ste_6335\task045.onnx,E:\kagglegolf\data\interim\afr1ste_6335_batchcompress_rewrite\task045.onnx,15,15,10,10,19,19,0,0,0,1,0,True,rewritten,
E:\kagglegolf\data\external\datasets\afr1ste_6335\task046.onnx,E:\kagglegolf\data\interim\afr1ste_6335_batchcompress_rewrite\task046.onnx,80,80,27,26,867,866,0,1,0,1,1,True,rewritten,
E:\kagglegolf\data\external\datasets\afr1ste_6335\task047.onnx,E:\kagglegolf\data\interim\afr1ste_6335_batchcompress_rewrite\task047.onnx,9,9,4,4,310,310,0,0,0,0,0,False,unchanged,
E:\kagglegolf\data\external\datasets\afr1ste_6335\task048.onnx,E:\kagglegolf\data\interim\afr1ste_6335_batchcompress_rewrite\task048.onnx,9,9,0,0,0,0,0,0,0,0,0,False,unchanged,
E:\kagglegolf\data\external\datasets\afr1ste_6335\task049.onnx,E:\kagglegolf\data\interim\afr1ste_6335_batchcompress_rewrite\task049.onnx,61,61,1,1,1,1,0,0,0,1,0,True,rewritten,
E:\kagglegolf\data\external\datasets\afr1ste_6335\task050.onnx,E:\kagglegolf\data\interim\afr1ste_6335_batchcompress_rewrite\task050.onnx,34,34,14,13,26,25,0,1,0,1,1,True,rewritten,
E:\kagglegolf\data\external\datasets\afr1ste_6335\task051.onnx,E:\kagglegolf\data\interim\afr1ste_6335_batchcompress_rewrite\task051.onnx,99,99,15,13,73,71,0,2,0,1,2,True,rewritten,
E:\kagglegolf\data\external\datasets\afr1ste_6335\task052.onnx,E:\kagglegolf\data\interim\afr1ste_6335_batchcompress_rewrite\task052.onnx,165,165,0,0,0,0,0,0,0,0,0,False,unchanged,
E:\kagglegolf\data\external\datasets\afr1ste_6335\task053.onnx,E:\kagglegolf\data\interim\afr1ste_6335_batchcompress_rewrite\task053.onnx,1,1,1,1,30,30,0,0,0,0,0,False,unchanged,
E:\kagglegolf\data\external\datasets\afr1ste_6335\task054.onnx,E:\kagglegolf\data\interim\afr1ste_6335_batchcompress_rewrite\task054.onnx,128,128,16,15,152,151,0,1,0,1,1,True,rewritten,
E:\kagglegolf\data\external\datasets\afr1ste_6335\task055.onnx,E:\kagglegolf\data\interim\afr1ste_6335_batchcompress_rewrite\task055.onnx,214,214,0,0,0,0,0,0,0,0,0,False,unchanged,
E:\kagglegolf\data\external\datasets\afr1ste_6335\task056.onnx,E:\kagglegolf\data\interim\afr1ste_6335_batchcompress_rewrite\task056.onnx,53,53,0,0,0,0,0,0,0,0,0,False,unchanged,
E:\kagglegolf\data\external\datasets\afr1ste_6335\task057.onnx,E:\kagglegolf\data\interim\afr1ste_6335_batchcompress_rewrite\task057.onnx,29,29,0,0,0,0,0,0,0,1,0,True,rewritten,
E:\kagglegolf\data\external\datasets\afr1ste_6335\task058.onnx,E:\kagglegolf\data\interim\afr1ste_6335_batchcompress_rewrite\task058.onnx,287,287,0,0,0,0,0,0,0,0,0,False,unchanged,
E:\kagglegolf\data\external\datasets\afr1ste_6335\task059.onnx,E:\kagglegolf\data\interim\afr1ste_6335_batchcompress_rewrite\task059.onnx,49,49,3,3,6,6,0,0,0,1,0,True,rewritten,
E:\kagglegolf\data\external\datasets\afr1ste_6335\task060.onnx,E:\kagglegolf\data\interim\afr1ste_6335_batchcompress_rewrite\task060.onnx,23,23,18,9,934,911,4,5,0,1,23,True,rewritten,
E:\kagglegolf\data\external\datasets\afr1ste_6335\task061.onnx,E:\kagglegolf\data\interim\afr1ste_6335_batchcompress_rewrite\task061.onnx,87,87,0,0,0,0,0,0,0,0,0,False,unchanged,
E:\kagglegolf\data\external\datasets\afr1ste_6335\task062.onnx,E:\kagglegolf\data\interim\afr1ste_6335_batchcompress_rewrite\task062.onnx,251,251,2,2,2,2,0,0,0,2,0,True,rewritten,
E:\kagglegolf\data\external\datasets\afr1ste_6335\task063.onnx,E:\kagglegolf\data\interim\afr1ste_6335_batchcompress_rewrite\task063.onnx,43,43,2,2,2,2,0,0,0,1,0,True,rewritten,
E:\kagglegolf\data\external\datasets\afr1ste_6335\task064.onnx,E:\kagglegolf\data\interim\afr1ste_6335_batchcompress_rewrite\task064.onnx,52,52,14,13,231,230,0,1,0,1,1,True,rewritten,
E:\kagglegolf\data\external\datasets\afr1ste_6335\task065.onnx,E:\kagglegolf\data\interim\afr1ste_6335_batchcompress_rewrite\task065.onnx,70,70,12,7,969,964,4,1,0,1,5,True,rewritten,
E:\kagglegolf\data\external\datasets\afr1ste_6335\task066.onnx,E:\kagglegolf\data\interim\afr1ste_6335_batchcompress_rewrite\task066.onnx,74,74,22,22,4447,4447,0,0,0,0,0,False,unchanged,
E:\kagglegolf\data\external\datasets\afr1ste_6335\task067.onnx,E:\kagglegolf\data\interim\afr1ste_6335_batchcompress_rewrite\task067.onnx,15,15,2,2,2,2,0,0,0,1,0,True,rewritten,
E:\kagglegolf\data\external\datasets\afr1ste_6335\task068.onnx,E:\kagglegolf\data\interim\afr1ste_6335_batchcompress_rewrite\task068.onnx,40,40,2,2,2,2,0,0,0,1,0,True,rewritten,
E:\kagglegolf\data\external\datasets\afr1ste_6335\task069.onnx,E:\kagglegolf\data\interim\afr1ste_6335_batchcompress_rewrite\task069.onnx,402,402,44,43,2313,2312,0,1,0,1,1,True,rewritten,
E:\kagglegolf\data\external\datasets\afr1ste_6335\task070.onnx,E:\kagglegolf\data\interim\afr1ste_6335_batchcompress_rewrite\task070.onnx,93,93,2,2,2,2,0,0,0,1,0,True,rewritten,
E:\kagglegolf\data\external\datasets\afr1ste_6335\task071.onnx,E:\kagglegolf\data\interim\afr1ste_6335_batchcompress_rewrite\task071.onnx,48,48,12,12,928,928,0,0,0,0,0,False,unchanged,
E:\kagglegolf\data\external\datasets\afr1ste_6335\task072.onnx,E:\kagglegolf\data\interim\afr1ste_6335_batchcompress_rewrite\task072.onnx,25,25,2,2,2,2,0,0,0,1,0,True,rewritten,
E:\kagglegolf\data\external\datasets\afr1ste_6335\task073.onnx,E:\kagglegolf\data\interim\afr1ste_6335_batchcompress_rewrite\task073.onnx,5,5,0,0,0,0,0,0,0,0,0,False,unchanged,
E:\kagglegolf\data\external\datasets\afr1ste_6335\task074.onnx,E:\kagglegolf\data\interim\afr1ste_6335_batchcompress_rewrite\task074.onnx,27,27,0,0,0,0,0,0,0,0,0,False,unchanged,
E:\kagglegolf\data\external\datasets\afr1ste_6335\task075.onnx,E:\kagglegolf\data\interim\afr1ste_6335_batchcompress_rewrite\task075.onnx,140,140,2,2,2,2,0,0,0,1,0,True,rewritten,
E:\kagglegolf\data\external\datasets\afr1ste_6335\task076.onnx,E:\kagglegolf\data\interim\afr1ste_6335_batchcompress_rewrite\task076.onnx,2413,2413,0,0,0,0,0,0,0,0,0,False,unchanged,
E:\kagglegolf\data\external\datasets\afr1ste_6335\task077.onnx,E:\kagglegolf\data\interim\afr1ste_6335_batchcompress_rewrite\task077.onnx,223,223,2,2,2,2,0,0,0,1,0,True,rewritten,
E:\kagglegolf\data\external\datasets\afr1ste_6335\task078.onnx,E:\kagglegolf\data\interim\afr1ste_6335_batchcompress_rewrite\task078.onnx,38,38,2,2,2,2,0,0,0,1,0,True,rewritten,
E:\kagglegolf\data\external\datasets\afr1ste_6335\task079.onnx,E:\kagglegolf\data\interim\afr1ste_6335_batchcompress_rewrite\task079.onnx,20,20,7,7,245,245,0,0,0,0,0,False,unchanged,
E:\kagglegolf\data\external\datasets\afr1ste_6335\task080.onnx,E:\kagglegolf\data\interim\afr1ste_6335_batchcompress_rewrite\task080.onnx,167,167,102,68,1284,1222,0,34,0,0,62,True,rewritten,
E:\kagglegolf\data\external\datasets\afr1ste_6335\task081.onnx,E:\kagglegolf\data\interim\afr1ste_6335_batchcompress_rewrite\task081.onnx,9,9,0,0,0,0,0,0,0,0,0,False,unchanged,
E:\kagglegolf\data\external\datasets\afr1ste_6335\task082.onnx,E:\kagglegolf\data\interim\afr1ste_6335_batchcompress_rewrite\task082.onnx,35,35,2,2,2,2,0,0,0,1,0,True,rewritten,
E:\kagglegolf\data\external\datasets\afr1ste_6335\task083.onnx,E:\kagglegolf\data\interim\afr1ste_6335_batchcompress_rewrite\task083.onnx,28,28,3,3,6,6,0,0,0,1,0,True,rewritten,
E:\kagglegolf\data\external\datasets\afr1ste_6335\task084.onnx,E:\kagglegolf\data\interim\afr1ste_6335_batchcompress_rewrite\task084.onnx,29,29,11,10,1024,994,0,1,0,1,30,True,rewritten,
E:\kagglegolf\data\external\datasets\afr1ste_6335\task085.onnx,E:\kagglegolf\data\interim\afr1ste_6335_batchcompress_rewrite\task085.onnx,29,29,2,2,2,2,0,0,0,1,0,True,rewritten,
E:\kagglegolf\data\external\datasets\afr1ste_6335\task086.onnx,E:\kagglegolf\data\interim\afr1ste_6335_batchcompress_rewrite\task086.onnx,57,57,2,2,2,2,0,0,0,1,0,True,rewritten,
E:\kagglegolf\data\external\datasets\afr1ste_6335\task087.onnx,E:\kagglegolf\data\interim\afr1ste_6335_batchcompress_rewrite\task087.onnx,11,11,3,3,6,6,0,0,0,1,0,True,rewritten,
E:\kagglegolf\data\external\datasets\afr1ste_6335\task088.onnx,E:\kagglegolf\data\interim\afr1ste_6335_batchcompress_rewrite\task088.onnx,56,56,12,12,1887,1887,0,0,0,0,0,False,unchanged,
E:\kagglegolf\data\external\datasets\afr1ste_6335\task089.onnx,E:\kagglegolf\data\interim\afr1ste_6335_batchcompress_rewrite\task089.onnx,2495,2495,76,59,324,298,1,16,0,1,26,True,rewritten,
E:\kagglegolf\data\external\datasets\afr1ste_6335\task090.onnx,E:\kagglegolf\data\interim\afr1ste_6335_batchcompress_rewrite\task090.onnx,249,249,43,43,106,106,0,0,0,1,0,True,rewritten,
E:\kagglegolf\data\external\datasets\afr1ste_6335\task091.onnx,E:\kagglegolf\data\interim\afr1ste_6335_batchcompress_rewrite\task091.onnx,64,64,0,0,0,0,0,0,0,1,0,True,rewritten,
E:\kagglegolf\data\external\datasets\afr1ste_6335\task092.onnx,E:\kagglegolf\data\interim\afr1ste_6335_batchcompress_rewrite\task092.onnx,46,46,3,3,6,6,0,0,0,1,0,True,rewritten,
E:\kagglegolf\data\external\datasets\afr1ste_6335\task093.onnx,E:\kagglegolf\data\interim\afr1ste_6335_batchcompress_rewrite\task093.onnx,70,70,2,2,2,2,0,0,0,1,0,True,rewritten,
E:\kagglegolf\data\external\datasets\afr1ste_6335\task094.onnx,E:\kagglegolf\data\interim\afr1ste_6335_batchcompress_rewrite\task094.onnx,72,72,2,2,2,2,0,0,0,1,0,True,rewritten,
E:\kagglegolf\data\external\datasets\afr1ste_6335\task095.onnx,E:\kagglegolf\data\interim\afr1ste_6335_batchcompress_rewrite\task095.onnx,17,17,2,2,2,2,0,0,0,1,0,True,rewritten,
E:\kagglegolf\data\external\datasets\afr1ste_6335\task096.onnx,E:\kagglegolf\data\interim\afr1ste_6335_batchcompress_rewrite\task096.onnx,23,23,12,12,16643,16643,0,0,0,0,0,False,unchanged,
E:\kagglegolf\data\external\datasets\afr1ste_6335\task097.onnx,E:\kagglegolf\data\interim\afr1ste_6335_batchcompress_rewrite\task097.onnx,60,60,2,2,2,2,0,0,0,1,0,True,rewritten,
E:\kagglegolf\data\external\datasets\afr1ste_6335\task098.onnx,E:\kagglegolf\data\interim\afr1ste_6335_batchcompress_rewrite\task098.onnx,5,5,0,0,0,0,0,0,0,0,0,False,unchanged,
E:\kagglegolf\data\external\datasets\afr1ste_6335\task099.onnx,E:\kagglegolf\data\interim\afr1ste_6335_batchcompress_rewrite\task099.onnx,5,5,6,6,2042,2042,0,0,0,0,0,False,unchanged,
E:\kagglegolf\data\external\datasets\afr1ste_6335\task100.onnx,E:\kagglegolf\data\interim\afr1ste_6335_batchcompress_rewrite\task100.onnx,175,175,0,0,0,0,0,0,0,0,0,False,unchanged,
E:\kagglegolf\data\external\datasets\afr1ste_6335\task101.onnx,E:\kagglegolf\data\interim\afr1ste_6335_batchcompress_rewrite\task101.onnx,306,306,5,5,21,21,0,0,0,0,0,False,reverted,"ValidationError: Graph must be in single static assignment (SSA) form, however 'sh_900' has been used as output names multiple times."
E:\kagglegolf\data\external\datasets\afr1ste_6335\task102.onnx,E:\kagglegolf\data\interim\afr1ste_6335_batchcompress_rewrite\task102.onnx,34,34,29,28,519,518,0,1,0,1,1,True,rewritten,
E:\kagglegolf\data\external\datasets\afr1ste_6335\task103.onnx,E:\kagglegolf\data\interim\afr1ste_6335_batchcompress_rewrite\task103.onnx,93,93,0,0,0,0,0,0,0,0,0,False,unchanged,
E:\kagglegolf\data\external\datasets\afr1ste_6335\task104.onnx,E:\kagglegolf\data\interim\afr1ste_6335_batchcompress_rewrite\task104.onnx,35,35,0,0,0,0,0,0,0,0,0,False,unchanged,
E:\kagglegolf\data\external\datasets\afr1ste_6335\task105.onnx,E:\kagglegolf\data\interim\afr1ste_6335_batchcompress_rewrite\task105.onnx,81,81,2,2,2,2,0,0,0,1,0,True,rewritten,
E:\kagglegolf\data\external\datasets\afr1ste_6335\task106.onnx,E:\kagglegolf\data\interim\afr1ste_6335_batchcompress_rewrite\task106.onnx,28,28,25,19,58,44,1,5,0,1,14,True,rewritten,
E:\kagglegolf\data\external\datasets\afr1ste_6335\task107.onnx,E:\kagglegolf\data\interim\afr1ste_6335_batchcompress_rewrite\task107.onnx,51,51,30,30,13681,13681,0,0,0,0,0,False,unchanged,
E:\kagglegolf\data\external\datasets\afr1ste_6335\task108.onnx,E:\kagglegolf\data\interim\afr1ste_6335_batchcompress_rewrite\task108.onnx,6,6,0,0,0,0,0,0,0,0,0,False,unchanged,
E:\kagglegolf\data\external\datasets\afr1ste_6335\task109.onnx,E:\kagglegolf\data\interim\afr1ste_6335_batchcompress_rewrite\task109.onnx,52,52,0,0,0,0,0,0,0,0,0,False,unchanged,
E:\kagglegolf\data\external\datasets\afr1ste_6335\task110.onnx,E:\kagglegolf\data\interim\afr1ste_6335_batchcompress_rewrite\task110.onnx,292,292,21,20,3776,3775,1,0,0,1,1,True,rewritten,
E:\kagglegolf\data\external\datasets\afr1ste_6335\task111.onnx,E:\kagglegolf\data\interim\afr1ste_6335_batchcompress_rewrite\task111.onnx,73,73,0,0,0,0,0,0,0,0,0,False,unchanged,
E:\kagglegolf\data\external\datasets\afr1ste_6335\task112.onnx,E:\kagglegolf\data\interim\afr1ste_6335_batchcompress_rewrite\task112.onnx,49,49,19,12,54,47,0,7,0,1,7,True,rewritten,
E:\kagglegolf\data\external\datasets\afr1ste_6335\task113.onnx,E:\kagglegolf\data\interim\afr1ste_6335_batchcompress_rewrite\task113.onnx,6,6,0,0,0,0,0,0,0,0,0,False,unchanged,
E:\kagglegolf\data\external\datasets\afr1ste_6335\task114.onnx,E:\kagglegolf\data\interim\afr1ste_6335_batchcompress_rewrite\task114.onnx,65,65,2,2,2,2,0,0,0,1,0,True,rewritten,
E:\kagglegolf\data\external\datasets\afr1ste_6335\task115.onnx,E:\kagglegolf\data\interim\afr1ste_6335_batchcompress_rewrite\task115.onnx,67,67,0,0,0,0,0,0,0,0,0,False,unchanged,
E:\kagglegolf\data\external\datasets\afr1ste_6335\task116.onnx,E:\kagglegolf\data\interim\afr1ste_6335_batchcompress_rewrite\task116.onnx,12,12,2,2,2,2,0,0,0,1,0,True,rewritten,
E:\kagglegolf\data\external\datasets\afr1ste_6335\task117.onnx,E:\kagglegolf\data\interim\afr1ste_6335_batchcompress_rewrite\task117.onnx,444,444,3,3,6,6,0,0,0,1,0,True,rewritten,
E:\kagglegolf\data\external\datasets\afr1ste_6335\task118.onnx,E:\kagglegolf\data\interim\afr1ste_6335_batchcompress_rewrite\task118.onnx,24,24,11,11,10041,10041,0,0,0,1,0,True,rewritten,
E:\kagglegolf\data\external\datasets\afr1ste_6335\task119.onnx,E:\kagglegolf\data\interim\afr1ste_6335_batchcompress_rewrite\task119.onnx,1172,1172,19,17,240,95,2,0,1,1,145,True,rewritten,
E:\kagglegolf\data\external\datasets\afr1ste_6335\task120.onnx,E:\kagglegolf\data\interim\afr1ste_6335_batchcompress_rewrite\task120.onnx,5,5,0,0,0,0,0,0,0,0,0,False,unchanged,
E:\kagglegolf\data\external\datasets\afr1ste_6335\task121.onnx,E:\kagglegolf\data\interim\afr1ste_6335_batchcompress_rewrite\task121.onnx,30,30,7,7,35,27,0,0,1,1,8,True,rewritten,
E:\kagglegolf\data\external\datasets\afr1ste_6335\task122.onnx,E:\kagglegolf\data\interim\afr1ste_6335_batchcompress_rewrite\task122.onnx,9,9,0,0,0,0,0,0,0,0,0,False,unchanged,
E:\kagglegolf\data\external\datasets\afr1ste_6335\task123.onnx,E:\kagglegolf\data\interim\afr1ste_6335_batchcompress_rewrite\task123.onnx,41,41,6,3,6,3,1,2,0,2,3,True,rewritten,
E:\kagglegolf\data\external\datasets\afr1ste_6335\task124.onnx,E:\kagglegolf\data\interim\afr1ste_6335_batchcompress_rewrite\task124.onnx,179,179,2,2,2,2,0,0,0,1,0,True,rewritten,
E:\kagglegolf\data\external\datasets\afr1ste_6335\task125.onnx,E:\kagglegolf\data\interim\afr1ste_6335_batchcompress_rewrite\task125.onnx,48,48,2,2,2,2,0,0,0,1,0,True,rewritten,
E:\kagglegolf\data\external\datasets\afr1ste_6335\task126.onnx,E:\kagglegolf\data\interim\afr1ste_6335_batchcompress_rewrite\task126.onnx,53,53,2,2,2,2,0,0,0,1,0,True,rewritten,
E:\kagglegolf\data\external\datasets\afr1ste_6335\task127.onnx,E:\kagglegolf\data\interim\afr1ste_6335_batchcompress_rewrite\task127.onnx,3,3,1,1,900,900,0,0,0,0,0,False,unchanged,
E:\kagglegolf\data\external\datasets\afr1ste_6335\task128.onnx,E:\kagglegolf\data\interim\afr1ste_6335_batchcompress_rewrite\task128.onnx,135,135,80,35,98,53,0,45,0,1,45,True,rewritten,
E:\kagglegolf\data\external\datasets\afr1ste_6335\task129.onnx,E:\kagglegolf\data\interim\afr1ste_6335_batchcompress_rewrite\task129.onnx,97,97,3,3,6,6,0,0,0,1,0,True,rewritten,
E:\kagglegolf\data\external\datasets\afr1ste_6335\task130.onnx,E:\kagglegolf\data\interim\afr1ste_6335_batchcompress_rewrite\task130.onnx,14,14,7,7,110,110,0,0,0,1,0,True,rewritten,
E:\kagglegolf\data\external\datasets\afr1ste_6335\task131.onnx,E:\kagglegolf\data\interim\afr1ste_6335_batchcompress_rewrite\task131.onnx,145,145,2,2,2,2,0,0,0,1,0,True,rewritten,
E:\kagglegolf\data\external\datasets\afr1ste_6335\task132.onnx,E:\kagglegolf\data\interim\afr1ste_6335_batchcompress_rewrite\task132.onnx,43,43,3,3,6,6,0,0,0,1,0,True,rewritten,
E:\kagglegolf\data\external\datasets\afr1ste_6335\task133.onnx,E:\kagglegolf\data\interim\afr1ste_6335_batchcompress_rewrite\task133.onnx,602,602,0,0,0,0,0,0,0,0,0,False,unchanged,
E:\kagglegolf\data\external\datasets\afr1ste_6335\task134.onnx,E:\kagglegolf\data\interim\afr1ste_6335_batchcompress_rewrite\task134.onnx,115,115,0,0,0,0,0,0,0,0,0,False,unchanged,
E:\kagglegolf\data\external\datasets\afr1ste_6335\task135.onnx,E:\kagglegolf\data\interim\afr1ste_6335_batchcompress_rewrite\task135.onnx,4,4,0,0,0,0,0,0,0,0,0,False,unchanged,
E:\kagglegolf\data\external\datasets\afr1ste_6335\task136.onnx,E:\kagglegolf\data\interim\afr1ste_6335_batchcompress_rewrite\task136.onnx,126,126,2,2,2,2,0,0,0,1,0,True,rewritten,
E:\kagglegolf\data\external\datasets\afr1ste_6335\task137.onnx,E:\kagglegolf\data\interim\afr1ste_6335_batchcompress_rewrite\task137.onnx,50,50,2,2,2,2,0,0,0,1,0,True,rewritten,
E:\kagglegolf\data\external\datasets\afr1ste_6335\task138.onnx,E:\kagglegolf\data\interim\afr1ste_6335_batchcompress_rewrite\task138.onnx,158,158,16,14,147,145,0,2,0,1,2,True,rewritten,
E:\kagglegolf\data\external\datasets\afr1ste_6335\task139.onnx,E:\kagglegolf\data\interim\afr1ste_6335_batchcompress_rewrite\task139.onnx,9,9,0,0,0,0,0,0,0,0,0,False,unchanged,
E:\kagglegolf\data\external\datasets\afr1ste_6335\task140.onnx,E:\kagglegolf\data\interim\afr1ste_6335_batchcompress_rewrite\task140.onnx,11,11,3,3,6,6,0,0,0,1,0,True,rewritten,
E:\kagglegolf\data\external\datasets\afr1ste_6335\task141.onnx,E:\kagglegolf\data\interim\afr1ste_6335_batchcompress_rewrite\task141.onnx,18,18,2,2,2,2,0,0,0,1,0,True,rewritten,
E:\kagglegolf\data\external\datasets\afr1ste_6335\task142.onnx,E:\kagglegolf\data\interim\afr1ste_6335_batchcompress_rewrite\task142.onnx,28,28,3,3,6,6,0,0,0,1,0,True,rewritten,
E:\kagglegolf\data\external\datasets\afr1ste_6335\task143.onnx,E:\kagglegolf\data\interim\afr1ste_6335_batchcompress_rewrite\task143.onnx,25,25,10,10,33,33,0,0,0,0,0,False,unchanged,
E:\kagglegolf\data\external\datasets\afr1ste_6335\task144.onnx,E:\kagglegolf\data\interim\afr1ste_6335_batchcompress_rewrite\task144.onnx,27,27,2,2,2,2,0,0,0,1,0,True,rewritten,
E:\kagglegolf\data\external\datasets\afr1ste_6335\task145.onnx,E:\kagglegolf\data\interim\afr1ste_6335_batchcompress_rewrite\task145.onnx,328,328,36,35,938,937,0,1,0,1,1,True,rewritten,
E:\kagglegolf\data\external\datasets\afr1ste_6335\task146.onnx,E:\kagglegolf\data\interim\afr1ste_6335_batchcompress_rewrite\task146.onnx,42,42,2,2,2,2,0,0,0,1,0,True,rewritten,
E:\kagglegolf\data\external\datasets\afr1ste_6335\task147.onnx,E:\kagglegolf\data\interim\afr1ste_6335_batchcompress_rewrite\task147.onnx,9,9,0,0,0,0,0,0,0,0,0,False,unchanged,
E:\kagglegolf\data\external\datasets\afr1ste_6335\task148.onnx,E:\kagglegolf\data\interim\afr1ste_6335_batchcompress_rewrite\task148.onnx,126,126,17,16,354,353,0,1,0,1,1,True,rewritten,
E:\kagglegolf\data\external\datasets\afr1ste_6335\task149.onnx,E:\kagglegolf\data\interim\afr1ste_6335_batchcompress_rewrite\task149.onnx,18,18,9,9,46,46,0,0,0,1,0,True,rewritten,
E:\kagglegolf\data\external\datasets\afr1ste_6335\task150.onnx,E:\kagglegolf\data\interim\afr1ste_6335_batchcompress_rewrite\task150.onnx,18,18,6,6,64,64,0,0,0,1,0,True,rewritten,
E:\kagglegolf\data\external\datasets\afr1ste_6335\task151.onnx,E:\kagglegolf\data\interim\afr1ste_6335_batchcompress_rewrite\task151.onnx,5,5,0,0,0,0,0,0,0,0,0,False,unchanged,
E:\kagglegolf\data\external\datasets\afr1ste_6335\task152.onnx,E:\kagglegolf\data\interim\afr1ste_6335_batchcompress_rewrite\task152.onnx,28,28,3,3,6,6,0,0,0,1,0,True,rewritten,
E:\kagglegolf\data\external\datasets\afr1ste_6335\task153.onnx,E:\kagglegolf\data\interim\afr1ste_6335_batchcompress_rewrite\task153.onnx,3848,3848,2,2,2,2,0,0,0,1,0,True,rewritten,
E:\kagglegolf\data\external\datasets\afr1ste_6335\task154.onnx,E:\kagglegolf\data\interim\afr1ste_6335_batchcompress_rewrite\task154.onnx,60,60,2,2,2,2,0,0,0,1,0,True,rewritten,
E:\kagglegolf\data\external\datasets\afr1ste_6335\task155.onnx,E:\kagglegolf\data\interim\afr1ste_6335_batchcompress_rewrite\task155.onnx,17,17,8,6,66,64,2,0,0,1,2,True,rewritten,
E:\kagglegolf\data\external\datasets\afr1ste_6335\task156.onnx,E:\kagglegolf\data\interim\afr1ste_6335_batchcompress_rewrite\task156.onnx,66,66,14,14,966,966,0,0,0,0,0,False,unchanged,
E:\kagglegolf\data\external\datasets\afr1ste_6335\task157.onnx,E:\kagglegolf\data\interim\afr1ste_6335_batchcompress_rewrite\task157.onnx,21,21,11,11,4295,4295,0,0,0,0,0,False,unchanged,
E:\kagglegolf\data\external\datasets\afr1ste_6335\task158.onnx,E:\kagglegolf\data\interim\afr1ste_6335_batchcompress_rewrite\task158.onnx,1043,1043,103,102,770,769,0,1,0,1,1,True,rewritten,
E:\kagglegolf\data\external\datasets\afr1ste_6335\task159.onnx,E:\kagglegolf\data\interim\afr1ste_6335_batchcompress_rewrite\task159.onnx,54,54,15,15,4104,4104,0,0,0,0,0,False,unchanged,
E:\kagglegolf\data\external\datasets\afr1ste_6335\task160.onnx,E:\kagglegolf\data\interim\afr1ste_6335_batchcompress_rewrite\task160.onnx,32,32,0,0,0,0,0,0,0,0,0,False,unchanged,
E:\kagglegolf\data\external\datasets\afr1ste_6335\task161.onnx,E:\kagglegolf\data\interim\afr1ste_6335_batchcompress_rewrite\task161.onnx,53,53,2,2,2,2,0,0,0,1,0,True,rewritten,
E:\kagglegolf\data\external\datasets\afr1ste_6335\task162.onnx,E:\kagglegolf\data\interim\afr1ste_6335_batchcompress_rewrite\task162.onnx,32,32,2,2,2,2,0,0,0,1,0,True,rewritten,
E:\kagglegolf\data\external\datasets\afr1ste_6335\task163.onnx,E:\kagglegolf\data\interim\afr1ste_6335_batchcompress_rewrite\task163.onnx,74,74,20,20,1645,1645,0,0,0,0,0,False,unchanged,
E:\kagglegolf\data\external\datasets\afr1ste_6335\task164.onnx,E:\kagglegolf\data\interim\afr1ste_6335_batchcompress_rewrite\task164.onnx,16,16,3,3,6,6,0,0,0,1,0,True,rewritten,
E:\kagglegolf\data\external\datasets\afr1ste_6335\task165.onnx,E:\kagglegolf\data\interim\afr1ste_6335_batchcompress_rewrite\task165.onnx,38,38,0,0,0,0,0,0,0,0,0,False,unchanged,
E:\kagglegolf\data\external\datasets\afr1ste_6335\task166.onnx,E:\kagglegolf\data\interim\afr1ste_6335_batchcompress_rewrite\task166.onnx,17,17,2,2,2,2,0,0,0,1,0,True,rewritten,
E:\kagglegolf\data\external\datasets\afr1ste_6335\task167.onnx,E:\kagglegolf\data\interim\afr1ste_6335_batchcompress_rewrite\task167.onnx,41,41,0,0,0,0,0,0,0,0,0,False,unchanged,
E:\kagglegolf\data\external\datasets\afr1ste_6335\task168.onnx,E:\kagglegolf\data\interim\afr1ste_6335_batchcompress_rewrite\task168.onnx,290,290,2,2,2,2,0,0,0,1,0,True,rewritten,
E:\kagglegolf\data\external\datasets\afr1ste_6335\task169.onnx,E:\kagglegolf\data\interim\afr1ste_6335_batchcompress_rewrite\task169.onnx,70,70,2,2,2,2,0,0,0,1,0,True,rewritten,
E:\kagglegolf\data\external\datasets\afr1ste_6335\task170.onnx,E:\kagglegolf\data\interim\afr1ste_6335_batchcompress_rewrite\task170.onnx,708,708,32,32,3814,3814,0,0,0,0,0,False,unchanged,
E:\kagglegolf\data\external\datasets\afr1ste_6335\task171.onnx,E:\kagglegolf\data\interim\afr1ste_6335_batchcompress_rewrite\task171.onnx,1274,1274,0,0,0,0,0,0,0,0,0,False,unchanged,
E:\kagglegolf\data\external\datasets\afr1ste_6335\task172.onnx,E:\kagglegolf\data\interim\afr1ste_6335_batchcompress_rewrite\task172.onnx,16,16,3,3,6,6,0,0,0,1,0,True,rewritten,
E:\kagglegolf\data\external\datasets\afr1ste_6335\task173.onnx,E:\kagglegolf\data\interim\afr1ste_6335_batchcompress_rewrite\task173.onnx,67,67,21,21,222,222,0,0,0,0,0,False,unchanged,
E:\kagglegolf\data\external\datasets\afr1ste_6335\task174.onnx,E:\kagglegolf\data\interim\afr1ste_6335_batchcompress_rewrite\task174.onnx,844,844,22,22,72,72,0,0,0,0,0,False,unchanged,
E:\kagglegolf\data\external\datasets\afr1ste_6335\task175.onnx,E:\kagglegolf\data\interim\afr1ste_6335_batchcompress_rewrite\task175.onnx,178,178,3,3,6,6,0,0,0,1,0,True,rewritten,
E:\kagglegolf\data\external\datasets\afr1ste_6335\task176.onnx,E:\kagglegolf\data\interim\afr1ste_6335_batchcompress_rewrite\task176.onnx,382,382,0,0,0,0,0,0,0,0,0,False,unchanged,
E:\kagglegolf\data\external\datasets\afr1ste_6335\task177.onnx,E:\kagglegolf\data\interim\afr1ste_6335_batchcompress_rewrite\task177.onnx,46,46,0,0,0,0,0,0,0,0,0,False,unchanged,
E:\kagglegolf\data\external\datasets\afr1ste_6335\task178.onnx,E:\kagglegolf\data\interim\afr1ste_6335_batchcompress_rewrite\task178.onnx,139,139,29,29,568,516,0,0,4,0,52,True,rewritten,
E:\kagglegolf\data\external\datasets\afr1ste_6335\task179.onnx,E:\kagglegolf\data\interim\afr1ste_6335_batchcompress_rewrite\task179.onnx,5,5,3,3,6,6,0,0,0,1,0,True,rewritten,
E:\kagglegolf\data\external\datasets\afr1ste_6335\task180.onnx,E:\kagglegolf\data\interim\afr1ste_6335_batchcompress_rewrite\task180.onnx,5,5,0,0,0,0,0,0,0,0,0,False,unchanged,
E:\kagglegolf\data\external\datasets\afr1ste_6335\task181.onnx,E:\kagglegolf\data\interim\afr1ste_6335_batchcompress_rewrite\task181.onnx,12,12,0,0,0,0,0,0,0,0,0,False,unchanged,
E:\kagglegolf\data\external\datasets\afr1ste_6335\task182.onnx,E:\kagglegolf\data\interim\afr1ste_6335_batchcompress_rewrite\task182.onnx,672,672,57,57,946,946,0,0,0,0,0,False,unchanged,
E:\kagglegolf\data\external\datasets\afr1ste_6335\task183.onnx,E:\kagglegolf\data\interim\afr1ste_6335_batchcompress_rewrite\task183.onnx,47,47,8,8,37,37,0,0,0,0,0,False,unchanged,
E:\kagglegolf\data\external\datasets\afr1ste_6335\task184.onnx,E:\kagglegolf\data\interim\afr1ste_6335_batchcompress_rewrite\task184.onnx,102,102,19,15,39,35,0,4,0,1,4,True,rewritten,
E:\kagglegolf\data\external\datasets\afr1ste_6335\task185.onnx,E:\kagglegolf\data\interim\afr1ste_6335_batchcompress_rewrite\task185.onnx,353,353,0,0,0,0,0,0,0,0,0,False,unchanged,
E:\kagglegolf\data\external\datasets\afr1ste_6335\task186.onnx,E:\kagglegolf\data\interim\afr1ste_6335_batchcompress_rewrite\task186.onnx,18,18,0,0,0,0,0,0,0,0,0,False,unchanged,
E:\kagglegolf\data\external\datasets\afr1ste_6335\task187.onnx,E:\kagglegolf\data\interim\afr1ste_6335_batchcompress_rewrite\task187.onnx,113,113,0,0,0,0,0,0,0,0,0,False,unchanged,
E:\kagglegolf\data\external\datasets\afr1ste_6335\task188.onnx,E:\kagglegolf\data\interim\afr1ste_6335_batchcompress_rewrite\task188.onnx,53,53,0,0,0,0,0,0,0,0,0,False,unchanged,
E:\kagglegolf\data\external\datasets\afr1ste_6335\task189.onnx,E:\kagglegolf\data\interim\afr1ste_6335_batchcompress_rewrite\task189.onnx,102,102,56,56,305,270,0,0,1,1,35,True,rewritten,
E:\kagglegolf\data\external\datasets\afr1ste_6335\task190.onnx,E:\kagglegolf\data\interim\afr1ste_6335_batchcompress_rewrite\task190.onnx,324,324,2,2,2,2,0,0,0,1,0,True,rewritten,
E:\kagglegolf\data\external\datasets\afr1ste_6335\task191.onnx,E:\kagglegolf\data\interim\afr1ste_6335_batchcompress_rewrite\task191.onnx,211,211,27,27,140,140,0,0,0,0,0,False,unchanged,
E:\kagglegolf\data\external\datasets\afr1ste_6335\task192.onnx,E:\kagglegolf\data\interim\afr1ste_6335_batchcompress_rewrite\task192.onnx,33,33,2,2,2,2,0,0,0,1,0,True,rewritten,
E:\kagglegolf\data\external\datasets\afr1ste_6335\task193.onnx,E:\kagglegolf\data\interim\afr1ste_6335_batchcompress_rewrite\task193.onnx,25,25,2,2,2,2,0,0,0,1,0,True,rewritten,
E:\kagglegolf\data\external\datasets\afr1ste_6335\task194.onnx,E:\kagglegolf\data\interim\afr1ste_6335_batchcompress_rewrite\task194.onnx,16,16,4,4,8,8,0,0,0,1,0,True,rewritten,
E:\kagglegolf\data\external\datasets\afr1ste_6335\task195.onnx,E:\kagglegolf\data\interim\afr1ste_6335_batchcompress_rewrite\task195.onnx,46,46,0,0,0,0,0,0,0,0,0,False,unchanged,
E:\kagglegolf\data\external\datasets\afr1ste_6335\task196.onnx,E:\kagglegolf\data\interim\afr1ste_6335_batchcompress_rewrite\task196.onnx,50,50,2,2,2,2,0,0,0,1,0,True,rewritten,
E:\kagglegolf\data\external\datasets\afr1ste_6335\task197.onnx,E:\kagglegolf\data\interim\afr1ste_6335_batchcompress_rewrite\task197.onnx,22,22,8,8,17,17,0,0,0,1,0,True,rewritten,
E:\kagglegolf\data\external\datasets\afr1ste_6335\task198.onnx,E:\kagglegolf\data\interim\afr1ste_6335_batchcompress_rewrite\task198.onnx,83,83,0,0,0,0,0,0,0,0,0,False,unchanged,
E:\kagglegolf\data\external\datasets\afr1ste_6335\task199.onnx,E:\kagglegolf\data\interim\afr1ste_6335_batchcompress_rewrite\task199.onnx,68,68,0,0,0,0,0,0,0,0,0,False,unchanged,
E:\kagglegolf\data\external\datasets\afr1ste_6335\task200.onnx,E:\kagglegolf\data\interim\afr1ste_6335_batchcompress_rewrite\task200.onnx,643,643,0,0,0,0,0,0,0,0,0,False,unchanged,
E:\kagglegolf\data\external\datasets\afr1ste_6335\task201.onnx,E:\kagglegolf\data\interim\afr1ste_6335_batchcompress_rewrite\task201.onnx,136,136,19,19,931,931,0,0,0,0,0,False,unchanged,
E:\kagglegolf\data\external\datasets\afr1ste_6335\task202.onnx,E:\kagglegolf\data\interim\afr1ste_6335_batchcompress_rewrite\task202.onnx,253,253,0,0,0,0,0,0,0,0,0,False,unchanged,
E:\kagglegolf\data\external\datasets\afr1ste_6335\task203.onnx,E:\kagglegolf\data\interim\afr1ste_6335_batchcompress_rewrite\task203.onnx,84,84,0,0,0,0,0,0,0,0,0,False,unchanged,
E:\kagglegolf\data\external\datasets\afr1ste_6335\task204.onnx,E:\kagglegolf\data\interim\afr1ste_6335_batchcompress_rewrite\task204.onnx,55,55,2,2,2,2,0,0,0,1,0,True,rewritten,
E:\kagglegolf\data\external\datasets\afr1ste_6335\task205.onnx,E:\kagglegolf\data\interim\afr1ste_6335_batchcompress_rewrite\task205.onnx,800,800,57,57,221,221,0,0,0,0,0,False,unchanged,
E:\kagglegolf\data\external\datasets\afr1ste_6335\task206.onnx,E:\kagglegolf\data\interim\afr1ste_6335_batchcompress_rewrite\task206.onnx,233,233,34,33,231,230,0,1,0,1,1,True,rewritten,
E:\kagglegolf\data\external\datasets\afr1ste_6335\task207.onnx,E:\kagglegolf\data\interim\afr1ste_6335_batchcompress_rewrite\task207.onnx,16,16,0,0,0,0,0,0,0,0,0,False,unchanged,
E:\kagglegolf\data\external\datasets\afr1ste_6335\task208.onnx,E:\kagglegolf\data\interim\afr1ste_6335_batchcompress_rewrite\task208.onnx,413,413,176,84,5086,4936,0,92,0,1,150,True,rewritten,
E:\kagglegolf\data\external\datasets\afr1ste_6335\task209.onnx,E:\kagglegolf\data\interim\afr1ste_6335_batchcompress_rewrite\task209.onnx,1345,1345,0,0,0,0,0,0,0,0,0,False,unchanged,
E:\kagglegolf\data\external\datasets\afr1ste_6335\task210.onnx,E:\kagglegolf\data\interim\afr1ste_6335_batchcompress_rewrite\task210.onnx,16,16,3,3,6,6,0,0,0,1,0,True,rewritten,
E:\kagglegolf\data\external\datasets\afr1ste_6335\task211.onnx,E:\kagglegolf\data\interim\afr1ste_6335_batchcompress_rewrite\task211.onnx,6,6,0,0,0,0,0,0,0,0,0,False,unchanged,
E:\kagglegolf\data\external\datasets\afr1ste_6335\task212.onnx,E:\kagglegolf\data\interim\afr1ste_6335_batchcompress_rewrite\task212.onnx,66,66,2,2,2,2,0,0,0,1,0,True,rewritten,
E:\kagglegolf\data\external\datasets\afr1ste_6335\task213.onnx,E:\kagglegolf\data\interim\afr1ste_6335_batchcompress_rewrite\task213.onnx,402,402,19,17,207,159,2,0,0,0,48,True,rewritten,
E:\kagglegolf\data\external\datasets\afr1ste_6335\task214.onnx,E:\kagglegolf\data\interim\afr1ste_6335_batchcompress_rewrite\task214.onnx,14,14,6,6,10,10,0,0,0,1,0,True,rewritten,
E:\kagglegolf\data\external\datasets\afr1ste_6335\task215.onnx,E:\kagglegolf\data\interim\afr1ste_6335_batchcompress_rewrite\task215.onnx,70,70,0,0,0,0,0,0,0,0,0,False,unchanged,
E:\kagglegolf\data\external\datasets\afr1ste_6335\task216.onnx,E:\kagglegolf\data\interim\afr1ste_6335_batchcompress_rewrite\task216.onnx,271,271,10,10,107,107,0,0,0,1,0,True,rewritten,
E:\kagglegolf\data\external\datasets\afr1ste_6335\task217.onnx,E:\kagglegolf\data\interim\afr1ste_6335_batchcompress_rewrite\task217.onnx,50,50,0,0,0,0,0,0,0,0,0,False,unchanged,
E:\kagglegolf\data\external\datasets\afr1ste_6335\task218.onnx,E:\kagglegolf\data\interim\afr1ste_6335_batchcompress_rewrite\task218.onnx,143,143,21,21,44,44,0,0,0,0,0,False,unchanged,
E:\kagglegolf\data\external\datasets\afr1ste_6335\task219.onnx,E:\kagglegolf\data\interim\afr1ste_6335_batchcompress_rewrite\task219.onnx,19,19,17,17,28282,28282,0,0,0,0,0,False,unchanged,
E:\kagglegolf\data\external\datasets\afr1ste_6335\task220.onnx,E:\kagglegolf\data\interim\afr1ste_6335_batchcompress_rewrite\task220.onnx,22,22,2,2,2,2,0,0,0,1,0,True,rewritten,
E:\kagglegolf\data\external\datasets\afr1ste_6335\task221.onnx,E:\kagglegolf\data\interim\afr1ste_6335_batchcompress_rewrite\task221.onnx,68,68,2,2,2,2,0,0,0,1,0,True,rewritten,
E:\kagglegolf\data\external\datasets\afr1ste_6335\task222.onnx,E:\kagglegolf\data\interim\afr1ste_6335_batchcompress_rewrite\task222.onnx,29,29,2,2,2,2,0,0,0,1,0,True,rewritten,
E:\kagglegolf\data\external\datasets\afr1ste_6335\task223.onnx,E:\kagglegolf\data\interim\afr1ste_6335_batchcompress_rewrite\task223.onnx,14,14,3,3,6,6,0,0,0,1,0,True,rewritten,
E:\kagglegolf\data\external\datasets\afr1ste_6335\task224.onnx,E:\kagglegolf\data\interim\afr1ste_6335_batchcompress_rewrite\task224.onnx,77,77,2,2,2,2,0,0,0,1,0,True,rewritten,
E:\kagglegolf\data\external\datasets\afr1ste_6335\task225.onnx,E:\kagglegolf\data\interim\afr1ste_6335_batchcompress_rewrite\task225.onnx,43,43,2,2,2,2,0,0,0,1,0,True,rewritten,
E:\kagglegolf\data\external\datasets\afr1ste_6335\task226.onnx,E:\kagglegolf\data\interim\afr1ste_6335_batchcompress_rewrite\task226.onnx,83,83,2,2,2,2,0,0,0,1,0,True,rewritten,
E:\kagglegolf\data\external\datasets\afr1ste_6335\task227.onnx,E:\kagglegolf\data\interim\afr1ste_6335_batchcompress_rewrite\task227.onnx,16,16,13,13,53,53,0,0,0,1,0,True,rewritten,
E:\kagglegolf\data\external\datasets\afr1ste_6335\task228.onnx,E:\kagglegolf\data\interim\afr1ste_6335_batchcompress_rewrite\task228.onnx,67,67,18,18,90,90,0,0,0,1,0,True,rewritten,
E:\kagglegolf\data\external\datasets\afr1ste_6335\task229.onnx,E:\kagglegolf\data\interim\afr1ste_6335_batchcompress_rewrite\task229.onnx,17,17,2,2,2,2,0,0,0,1,0,True,rewritten,
E:\kagglegolf\data\external\datasets\afr1ste_6335\task230.onnx,E:\kagglegolf\data\interim\afr1ste_6335_batchcompress_rewrite\task230.onnx,22,22,2,2,2,2,0,0,0,1,0,True,rewritten,
E:\kagglegolf\data\external\datasets\afr1ste_6335\task231.onnx,E:\kagglegolf\data\interim\afr1ste_6335_batchcompress_rewrite\task231.onnx,46,46,12,12,101,101,0,0,0,0,0,False,unchanged,
E:\kagglegolf\data\external\datasets\afr1ste_6335\task232.onnx,E:\kagglegolf\data\interim\afr1ste_6335_batchcompress_rewrite\task232.onnx,27,27,2,2,2,2,0,0,0,1,0,True,rewritten,
E:\kagglegolf\data\external\datasets\afr1ste_6335\task233.onnx,E:\kagglegolf\data\interim\afr1ste_6335_batchcompress_rewrite\task233.onnx,2445,2445,0,0,0,0,0,0,0,0,0,False,unchanged,
E:\kagglegolf\data\external\datasets\afr1ste_6335\task234.onnx,E:\kagglegolf\data\interim\afr1ste_6335_batchcompress_rewrite\task234.onnx,118,118,9,9,1446,1446,0,0,0,0,0,False,reverted,"InferenceError: [ShapeInferenceError] Inference error(s): (op_type:Sub, node name: ): [ShapeInferenceError] Inferred shape and existing shape differ in dimension 2: (1) vs (30)
"
E:\kagglegolf\data\external\datasets\afr1ste_6335\task235.onnx,E:\kagglegolf\data\interim\afr1ste_6335_batchcompress_rewrite\task235.onnx,31,31,22,22,88,88,0,0,0,0,0,False,reverted,"InferenceError: [ShapeInferenceError] Inference error(s): (op_type:Add): [ShapeInferenceError] Inferred shape and existing shape differ in dimension 3: (28) vs (30)
"
E:\kagglegolf\data\external\datasets\afr1ste_6335\task236.onnx,E:\kagglegolf\data\interim\afr1ste_6335_batchcompress_rewrite\task236.onnx,25,25,2,2,2,2,0,0,0,1,0,True,rewritten,
E:\kagglegolf\data\external\datasets\afr1ste_6335\task237.onnx,E:\kagglegolf\data\interim\afr1ste_6335_batchcompress_rewrite\task237.onnx,29,29,12,12,43,43,0,0,0,1,0,True,rewritten,
E:\kagglegolf\data\external\datasets\afr1ste_6335\task238.onnx,E:\kagglegolf\data\interim\afr1ste_6335_batchcompress_rewrite\task238.onnx,242,242,40,40,1515,1515,0,0,0,0,0,False,reverted,"InferenceError: [ShapeInferenceError] Inference error(s): (op_type:Mul, node name: ): [ShapeInferenceError] Inferred shape and existing shape differ in rank: (2) vs (4)
"
E:\kagglegolf\data\external\datasets\afr1ste_6335\task239.onnx,E:\kagglegolf\data\interim\afr1ste_6335_batchcompress_rewrite\task239.onnx,60,60,0,0,0,0,0,0,0,0,0,False,unchanged,
E:\kagglegolf\data\external\datasets\afr1ste_6335\task240.onnx,E:\kagglegolf\data\interim\afr1ste_6335_batchcompress_rewrite\task240.onnx,53,53,2,2,2,2,0,0,0,1,0,True,rewritten,
E:\kagglegolf\data\external\datasets\afr1ste_6335\task241.onnx,E:\kagglegolf\data\interim\afr1ste_6335_batchcompress_rewrite\task241.onnx,5,5,3,3,6,6,0,0,0,1,0,True,rewritten,
E:\kagglegolf\data\external\datasets\afr1ste_6335\task242.onnx,E:\kagglegolf\data\interim\afr1ste_6335_batchcompress_rewrite\task242.onnx,71,71,0,0,0,0,0,0,0,0,0,False,unchanged,
E:\kagglegolf\data\external\datasets\afr1ste_6335\task243.onnx,E:\kagglegolf\data\interim\afr1ste_6335_batchcompress_rewrite\task243.onnx,94,94,9,9,41,41,0,0,0,1,0,True,rewritten,
E:\kagglegolf\data\external\datasets\afr1ste_6335\task244.onnx,E:\kagglegolf\data\interim\afr1ste_6335_batchcompress_rewrite\task244.onnx,64,64,30,30,84,84,0,0,0,0,0,False,unchanged,
E:\kagglegolf\data\external\datasets\afr1ste_6335\task245.onnx,E:\kagglegolf\data\interim\afr1ste_6335_batchcompress_rewrite\task245.onnx,60,60,0,0,0,0,0,0,0,0,0,False,unchanged,
E:\kagglegolf\data\external\datasets\afr1ste_6335\task246.onnx,E:\kagglegolf\data\interim\afr1ste_6335_batchcompress_rewrite\task246.onnx,51,51,2,2,2,2,0,0,0,1,0,True,rewritten,
E:\kagglegolf\data\external\datasets\afr1ste_6335\task247.onnx,E:\kagglegolf\data\interim\afr1ste_6335_batchcompress_rewrite\task247.onnx,31,31,7,7,34,34,0,0,0,1,0,True,rewritten,
E:\kagglegolf\data\external\datasets\afr1ste_6335\task248.onnx,E:\kagglegolf\data\interim\afr1ste_6335_batchcompress_rewrite\task248.onnx,154,154,0,0,0,0,0,0,0,0,0,False,unchanged,
E:\kagglegolf\data\external\datasets\afr1ste_6335\task249.onnx,E:\kagglegolf\data\interim\afr1ste_6335_batchcompress_rewrite\task249.onnx,14,14,5,5,64,64,0,0,0,1,0,True,rewritten,
E:\kagglegolf\data\external\datasets\afr1ste_6335\task250.onnx,E:\kagglegolf\data\interim\afr1ste_6335_batchcompress_rewrite\task250.onnx,164,164,47,34,3760,1913,1,12,1,1,1847,True,rewritten,
E:\kagglegolf\data\external\datasets\afr1ste_6335\task251.onnx,E:\kagglegolf\data\interim\afr1ste_6335_batchcompress_rewrite\task251.onnx,82,82,2,2,2,2,0,0,0,1,0,True,rewritten,
E:\kagglegolf\data\external\datasets\afr1ste_6335\task252.onnx,E:\kagglegolf\data\interim\afr1ste_6335_batchcompress_rewrite\task252.onnx,30,30,15,13,914,912,0,2,0,1,2,True,rewritten,
E:\kagglegolf\data\external\datasets\afr1ste_6335\task253.onnx,E:\kagglegolf\data\interim\afr1ste_6335_batchcompress_rewrite\task253.onnx,16,16,13,12,451,438,0,1,0,0,13,True,rewritten,
E:\kagglegolf\data\external\datasets\afr1ste_6335\task254.onnx,E:\kagglegolf\data\interim\afr1ste_6335_batchcompress_rewrite\task254.onnx,59,59,2,2,2,2,0,0,0,1,0,True,rewritten,
E:\kagglegolf\data\external\datasets\afr1ste_6335\task255.onnx,E:\kagglegolf\data\interim\afr1ste_6335_batchcompress_rewrite\task255.onnx,117,117,31,31,6571,6571,0,0,0,0,0,False,unchanged,
E:\kagglegolf\data\external\datasets\afr1ste_6335\task256.onnx,E:\kagglegolf\data\interim\afr1ste_6335_batchcompress_rewrite\task256.onnx,58,58,2,2,2,2,0,0,0,1,0,True,rewritten,
E:\kagglegolf\data\external\datasets\afr1ste_6335\task257.onnx,E:\kagglegolf\data\interim\afr1ste_6335_batchcompress_rewrite\task257.onnx,5,5,0,0,0,0,0,0,0,0,0,False,unchanged,
E:\kagglegolf\data\external\datasets\afr1ste_6335\task258.onnx,E:\kagglegolf\data\interim\afr1ste_6335_batchcompress_rewrite\task258.onnx,8,8,4,4,1020,1020,0,0,0,0,0,False,unchanged,
E:\kagglegolf\data\external\datasets\afr1ste_6335\task259.onnx,E:\kagglegolf\data\interim\afr1ste_6335_batchcompress_rewrite\task259.onnx,63,63,0,0,0,0,0,0,0,1,0,True,rewritten,
E:\kagglegolf\data\external\datasets\afr1ste_6335\task260.onnx,E:\kagglegolf\data\interim\afr1ste_6335_batchcompress_rewrite\task260.onnx,198,198,2,2,2,2,0,0,0,1,0,True,rewritten,
E:\kagglegolf\data\external\datasets\afr1ste_6335\task261.onnx,E:\kagglegolf\data\interim\afr1ste_6335_batchcompress_rewrite\task261.onnx,20,20,2,2,2,2,0,0,0,1,0,True,rewritten,
E:\kagglegolf\data\external\datasets\afr1ste_6335\task262.onnx,E:\kagglegolf\data\interim\afr1ste_6335_batchcompress_rewrite\task262.onnx,9,9,0,0,0,0,0,0,0,0,0,False,unchanged,
E:\kagglegolf\data\external\datasets\afr1ste_6335\task263.onnx,E:\kagglegolf\data\interim\afr1ste_6335_batchcompress_rewrite\task263.onnx,161,161,29,27,54,52,0,2,0,1,2,True,rewritten,
E:\kagglegolf\data\external\datasets\afr1ste_6335\task264.onnx,E:\kagglegolf\data\interim\afr1ste_6335_batchcompress_rewrite\task264.onnx,118,118,40,40,854,774,0,0,1,1,80,True,rewritten,
E:\kagglegolf\data\external\datasets\afr1ste_6335\task265.onnx,E:\kagglegolf\data\interim\afr1ste_6335_batchcompress_rewrite\task265.onnx,36,36,14,13,132,131,0,1,0,1,1,True,rewritten,
E:\kagglegolf\data\external\datasets\afr1ste_6335\task266.onnx,E:\kagglegolf\data\interim\afr1ste_6335_batchcompress_rewrite\task266.onnx,123,123,0,0,0,0,0,0,0,0,0,False,unchanged,
E:\kagglegolf\data\external\datasets\afr1ste_6335\task267.onnx,E:\kagglegolf\data\interim\afr1ste_6335_batchcompress_rewrite\task267.onnx,24,24,2,2,2,2,0,0,0,1,0,True,rewritten,
E:\kagglegolf\data\external\datasets\afr1ste_6335\task268.onnx,E:\kagglegolf\data\interim\afr1ste_6335_batchcompress_rewrite\task268.onnx,182,182,52,18,110,76,0,34,0,1,34,True,rewritten,
E:\kagglegolf\data\external\datasets\afr1ste_6335\task269.onnx,E:\kagglegolf\data\interim\afr1ste_6335_batchcompress_rewrite\task269.onnx,26,26,15,12,31,28,0,3,0,2,3,True,rewritten,
E:\kagglegolf\data\external\datasets\afr1ste_6335\task270.onnx,E:\kagglegolf\data\interim\afr1ste_6335_batchcompress_rewrite\task270.onnx,47,47,22,21,85,84,0,1,0,1,1,True,rewritten,
E:\kagglegolf\data\external\datasets\afr1ste_6335\task271.onnx,E:\kagglegolf\data\interim\afr1ste_6335_batchcompress_rewrite\task271.onnx,32,32,9,9,62,62,0,0,0,1,0,True,rewritten,
E:\kagglegolf\data\external\datasets\afr1ste_6335\task272.onnx,E:\kagglegolf\data\interim\afr1ste_6335_batchcompress_rewrite\task272.onnx,9,9,0,0,0,0,0,0,0,0,0,False,unchanged,
E:\kagglegolf\data\external\datasets\afr1ste_6335\task273.onnx,E:\kagglegolf\data\interim\afr1ste_6335_batchcompress_rewrite\task273.onnx,54,54,2,2,2,2,0,0,0,1,0,True,rewritten,
E:\kagglegolf\data\external\datasets\afr1ste_6335\task274.onnx,E:\kagglegolf\data\interim\afr1ste_6335_batchcompress_rewrite\task274.onnx,38,38,3,3,6,6,0,0,0,1,0,True,rewritten,
E:\kagglegolf\data\external\datasets\afr1ste_6335\task275.onnx,E:\kagglegolf\data\interim\afr1ste_6335_batchcompress_rewrite\task275.onnx,261,261,26,26,2773,2773,0,0,0,0,0,False,unchanged,
E:\kagglegolf\data\external\datasets\afr1ste_6335\task276.onnx,E:\kagglegolf\data\interim\afr1ste_6335_batchcompress_rewrite\task276.onnx,2,2,0,0,0,0,0,0,0,0,0,False,unchanged,
E:\kagglegolf\data\external\datasets\afr1ste_6335\task277.onnx,E:\kagglegolf\data\interim\afr1ste_6335_batchcompress_rewrite\task277.onnx,79,79,16,15,1052,1051,0,1,0,1,1,True,rewritten,
E:\kagglegolf\data\external\datasets\afr1ste_6335\task278.onnx,E:\kagglegolf\data\interim\afr1ste_6335_batchcompress_rewrite\task278.onnx,25,25,2,2,2,2,0,0,0,1,0,True,rewritten,
E:\kagglegolf\data\external\datasets\afr1ste_6335\task279.onnx,E:\kagglegolf\data\interim\afr1ste_6335_batchcompress_rewrite\task279.onnx,45,45,10,10,288,288,0,0,0,1,0,True,rewritten,
E:\kagglegolf\data\external\datasets\afr1ste_6335\task280.onnx,E:\kagglegolf\data\interim\afr1ste_6335_batchcompress_rewrite\task280.onnx,237,237,294,55,1028,253,7,232,0,1,775,True,rewritten,
E:\kagglegolf\data\external\datasets\afr1ste_6335\task281.onnx,E:\kagglegolf\data\interim\afr1ste_6335_batchcompress_rewrite\task281.onnx,55,55,10,9,45,35,0,1,0,1,10,True,rewritten,
E:\kagglegolf\data\external\datasets\afr1ste_6335\task282.onnx,E:\kagglegolf\data\interim\afr1ste_6335_batchcompress_rewrite\task282.onnx,5,5,0,0,0,0,0,0,0,0,0,False,unchanged,
E:\kagglegolf\data\external\datasets\afr1ste_6335\task283.onnx,E:\kagglegolf\data\interim\afr1ste_6335_batchcompress_rewrite\task283.onnx,55,55,3,3,902,3,0,0,1,1,899,True,rewritten,
E:\kagglegolf\data\external\datasets\afr1ste_6335\task284.onnx,E:\kagglegolf\data\interim\afr1ste_6335_batchcompress_rewrite\task284.onnx,164,164,15,10,73,68,0,5,0,1,5,True,rewritten,
E:\kagglegolf\data\external\datasets\afr1ste_6335\task285.onnx,E:\kagglegolf\data\interim\afr1ste_6335_batchcompress_rewrite\task285.onnx,19,19,13,13,24355,24355,0,0,0,0,0,False,unchanged,
E:\kagglegolf\data\external\datasets\afr1ste_6335\task286.onnx,E:\kagglegolf\data\interim\afr1ste_6335_batchcompress_rewrite\task286.onnx,146,146,15,15,1296,1296,0,0,0,1,0,True,rewritten,
E:\kagglegolf\data\external\datasets\afr1ste_6335\task287.onnx,E:\kagglegolf\data\interim\afr1ste_6335_batchcompress_rewrite\task287.onnx,20,20,2,2,2,2,0,0,0,1,0,True,rewritten,
E:\kagglegolf\data\external\datasets\afr1ste_6335\task288.onnx,E:\kagglegolf\data\interim\afr1ste_6335_batchcompress_rewrite\task288.onnx,74,74,2,2,2,2,0,0,0,1,0,True,rewritten,
E:\kagglegolf\data\external\datasets\afr1ste_6335\task289.onnx,E:\kagglegolf\data\interim\afr1ste_6335_batchcompress_rewrite\task289.onnx,40,40,2,2,2,2,0,0,0,1,0,True,rewritten,
E:\kagglegolf\data\external\datasets\afr1ste_6335\task290.onnx,E:\kagglegolf\data\interim\afr1ste_6335_batchcompress_rewrite\task290.onnx,30,30,0,0,0,0,0,0,0,1,0,True,rewritten,
E:\kagglegolf\data\external\datasets\afr1ste_6335\task291.onnx,E:\kagglegolf\data\interim\afr1ste_6335_batchcompress_rewrite\task291.onnx,196,196,3,3,6,6,0,0,0,1,0,True,rewritten,
E:\kagglegolf\data\external\datasets\afr1ste_6335\task292.onnx,E:\kagglegolf\data\interim\afr1ste_6335_batchcompress_rewrite\task292.onnx,401,401,0,0,0,0,0,0,0,0,0,False,unchanged,
E:\kagglegolf\data\external\datasets\afr1ste_6335\task293.onnx,E:\kagglegolf\data\interim\afr1ste_6335_batchcompress_rewrite\task293.onnx,70,70,0,0,0,0,0,0,0,0,0,False,unchanged,
E:\kagglegolf\data\external\datasets\afr1ste_6335\task294.onnx,E:\kagglegolf\data\interim\afr1ste_6335_batchcompress_rewrite\task294.onnx,8,8,4,4,102,102,0,0,0,0,0,False,unchanged,
E:\kagglegolf\data\external\datasets\afr1ste_6335\task295.onnx,E:\kagglegolf\data\interim\afr1ste_6335_batchcompress_rewrite\task295.onnx,37,37,2,2,2,2,0,0,0,1,0,True,rewritten,
E:\kagglegolf\data\external\datasets\afr1ste_6335\task296.onnx,E:\kagglegolf\data\interim\afr1ste_6335_batchcompress_rewrite\task296.onnx,9,9,0,0,0,0,0,0,0,0,0,False,unchanged,
E:\kagglegolf\data\external\datasets\afr1ste_6335\task297.onnx,E:\kagglegolf\data\interim\afr1ste_6335_batchcompress_rewrite\task297.onnx,32,32,9,8,67,66,0,1,0,1,1,True,rewritten,
E:\kagglegolf\data\external\datasets\afr1ste_6335\task298.onnx,E:\kagglegolf\data\interim\afr1ste_6335_batchcompress_rewrite\task298.onnx,36,36,2,2,2,2,0,0,0,1,0,True,rewritten,
E:\kagglegolf\data\external\datasets\afr1ste_6335\task299.onnx,E:\kagglegolf\data\interim\afr1ste_6335_batchcompress_rewrite\task299.onnx,24,24,2,2,2,2,0,0,0,1,0,True,rewritten,
E:\kagglegolf\data\external\datasets\afr1ste_6335\task300.onnx,E:\kagglegolf\data\interim\afr1ste_6335_batchcompress_rewrite\task300.onnx,52,52,1,1,1,1,0,0,0,1,0,True,rewritten,
E:\kagglegolf\data\external\datasets\afr1ste_6335\task301.onnx,E:\kagglegolf\data\interim\afr1ste_6335_batchcompress_rewrite\task301.onnx,52,52,9,8,94,84,0,1,0,1,10,True,rewritten,
E:\kagglegolf\data\external\datasets\afr1ste_6335\task302.onnx,E:\kagglegolf\data\interim\afr1ste_6335_batchcompress_rewrite\task302.onnx,41,41,2,2,2,2,0,0,0,1,0,True,rewritten,
E:\kagglegolf\data\external\datasets\afr1ste_6335\task303.onnx,E:\kagglegolf\data\interim\afr1ste_6335_batchcompress_rewrite\task303.onnx,17,17,2,2,2,2,0,0,0,1,0,True,rewritten,
E:\kagglegolf\data\external\datasets\afr1ste_6335\task304.onnx,E:\kagglegolf\data\interim\afr1ste_6335_batchcompress_rewrite\task304.onnx,33,33,2,2,2,2,0,0,0,1,0,True,rewritten,
E:\kagglegolf\data\external\datasets\afr1ste_6335\task305.onnx,E:\kagglegolf\data\interim\afr1ste_6335_batchcompress_rewrite\task305.onnx,123,123,3,3,6,6,0,0,0,1,0,True,rewritten,
E:\kagglegolf\data\external\datasets\afr1ste_6335\task306.onnx,E:\kagglegolf\data\interim\afr1ste_6335_batchcompress_rewrite\task306.onnx,27,27,16,15,58,57,0,1,0,1,1,True,rewritten,
E:\kagglegolf\data\external\datasets\afr1ste_6335\task307.onnx,E:\kagglegolf\data\interim\afr1ste_6335_batchcompress_rewrite\task307.onnx,48,48,1,1,1,1,0,0,0,1,0,True,rewritten,
E:\kagglegolf\data\external\datasets\afr1ste_6335\task308.onnx,E:\kagglegolf\data\interim\afr1ste_6335_batchcompress_rewrite\task308.onnx,60,60,17,16,113,109,1,0,0,0,4,True,rewritten,
E:\kagglegolf\data\external\datasets\afr1ste_6335\task309.onnx,E:\kagglegolf\data\interim\afr1ste_6335_batchcompress_rewrite\task309.onnx,2,2,0,0,0,0,0,0,0,0,0,False,unchanged,
E:\kagglegolf\data\external\datasets\afr1ste_6335\task310.onnx,E:\kagglegolf\data\interim\afr1ste_6335_batchcompress_rewrite\task310.onnx,61,61,1,1,1,1,0,0,0,1,0,True,rewritten,
E:\kagglegolf\data\external\datasets\afr1ste_6335\task311.onnx,E:\kagglegolf\data\interim\afr1ste_6335_batchcompress_rewrite\task311.onnx,16,16,3,3,6,6,0,0,0,1,0,True,rewritten,
E:\kagglegolf\data\external\datasets\afr1ste_6335\task312.onnx,E:\kagglegolf\data\interim\afr1ste_6335_batchcompress_rewrite\task312.onnx,11,11,0,0,0,0,0,0,0,0,0,False,unchanged,
E:\kagglegolf\data\external\datasets\afr1ste_6335\task313.onnx,E:\kagglegolf\data\interim\afr1ste_6335_batchcompress_rewrite\task313.onnx,34,34,12,12,4547,4547,0,0,0,0,0,False,unchanged,
E:\kagglegolf\data\external\datasets\afr1ste_6335\task314.onnx,E:\kagglegolf\data\interim\afr1ste_6335_batchcompress_rewrite\task314.onnx,22,22,2,2,2,2,0,0,0,1,0,True,rewritten,
E:\kagglegolf\data\external\datasets\afr1ste_6335\task315.onnx,E:\kagglegolf\data\interim\afr1ste_6335_batchcompress_rewrite\task315.onnx,35,35,2,2,2,2,0,0,0,2,0,True,rewritten,
E:\kagglegolf\data\external\datasets\afr1ste_6335\task316.onnx,E:\kagglegolf\data\interim\afr1ste_6335_batchcompress_rewrite\task316.onnx,125,125,0,0,0,0,0,0,0,0,0,False,unchanged,
E:\kagglegolf\data\external\datasets\afr1ste_6335\task317.onnx,E:\kagglegolf\data\interim\afr1ste_6335_batchcompress_rewrite\task317.onnx,16,16,2,2,2,2,0,0,0,1,0,True,rewritten,
E:\kagglegolf\data\external\datasets\afr1ste_6335\task318.onnx,E:\kagglegolf\data\interim\afr1ste_6335_batchcompress_rewrite\task318.onnx,26,26,2,2,2,2,0,0,0,1,0,True,rewritten,
E:\kagglegolf\data\external\datasets\afr1ste_6335\task319.onnx,E:\kagglegolf\data\interim\afr1ste_6335_batchcompress_rewrite\task319.onnx,19,19,11,11,7599,7599,0,0,0,0,0,False,unchanged,
E:\kagglegolf\data\external\datasets\afr1ste_6335\task320.onnx,E:\kagglegolf\data\interim\afr1ste_6335_batchcompress_rewrite\task320.onnx,9,9,0,0,0,0,0,0,0,0,0,False,unchanged,
E:\kagglegolf\data\external\datasets\afr1ste_6335\task321.onnx,E:\kagglegolf\data\interim\afr1ste_6335_batchcompress_rewrite\task321.onnx,33,33,14,14,101,86,0,0,1,2,15,True,rewritten,
E:\kagglegolf\data\external\datasets\afr1ste_6335\task322.onnx,E:\kagglegolf\data\interim\afr1ste_6335_batchcompress_rewrite\task322.onnx,32,32,23,14,105,96,0,9,0,0,9,True,rewritten,
E:\kagglegolf\data\external\datasets\afr1ste_6335\task323.onnx,E:\kagglegolf\data\interim\afr1ste_6335_batchcompress_rewrite\task323.onnx,22,22,2,2,2,2,0,0,0,1,0,True,rewritten,
E:\kagglegolf\data\external\datasets\afr1ste_6335\task324.onnx,E:\kagglegolf\data\interim\afr1ste_6335_batchcompress_rewrite\task324.onnx,20,20,11,11,22913,22913,0,0,0,0,0,False,unchanged,
E:\kagglegolf\data\external\datasets\afr1ste_6335\task325.onnx,E:\kagglegolf\data\interim\afr1ste_6335_batchcompress_rewrite\task325.onnx,85,85,3,3,6,6,0,0,0,1,0,True,rewritten,
E:\kagglegolf\data\external\datasets\afr1ste_6335\task326.onnx,E:\kagglegolf\data\interim\afr1ste_6335_batchcompress_rewrite\task326.onnx,9,9,2,2,2,2,0,0,0,1,0,True,rewritten,
E:\kagglegolf\data\external\datasets\afr1ste_6335\task327.onnx,E:\kagglegolf\data\interim\afr1ste_6335_batchcompress_rewrite\task327.onnx,38,38,2,2,2,2,0,0,0,1,0,True,rewritten,
E:\kagglegolf\data\external\datasets\afr1ste_6335\task328.onnx,E:\kagglegolf\data\interim\afr1ste_6335_batchcompress_rewrite\task328.onnx,140,140,21,20,6469,6468,0,1,0,1,1,True,rewritten,
E:\kagglegolf\data\external\datasets\afr1ste_6335\task329.onnx,E:\kagglegolf\data\interim\afr1ste_6335_batchcompress_rewrite\task329.onnx,22,22,0,0,0,0,0,0,0,0,0,False,unchanged,
E:\kagglegolf\data\external\datasets\afr1ste_6335\task330.onnx,E:\kagglegolf\data\interim\afr1ste_6335_batchcompress_rewrite\task330.onnx,487,487,165,164,3042,3041,0,1,0,1,1,True,rewritten,
E:\kagglegolf\data\external\datasets\afr1ste_6335\task331.onnx,E:\kagglegolf\data\interim\afr1ste_6335_batchcompress_rewrite\task331.onnx,8,8,4,4,408,408,0,0,0,0,0,False,unchanged,
E:\kagglegolf\data\external\datasets\afr1ste_6335\task332.onnx,E:\kagglegolf\data\interim\afr1ste_6335_batchcompress_rewrite\task332.onnx,74,74,0,0,0,0,0,0,0,0,0,False,unchanged,
E:\kagglegolf\data\external\datasets\afr1ste_6335\task333.onnx,E:\kagglegolf\data\interim\afr1ste_6335_batchcompress_rewrite\task333.onnx,38,38,15,13,52,50,0,2,0,1,2,True,rewritten,
E:\kagglegolf\data\external\datasets\afr1ste_6335\task334.onnx,E:\kagglegolf\data\interim\afr1ste_6335_batchcompress_rewrite\task334.onnx,30,30,0,0,0,0,0,0,0,0,0,False,unchanged,
E:\kagglegolf\data\external\datasets\afr1ste_6335\task335.onnx,E:\kagglegolf\data\interim\afr1ste_6335_batchcompress_rewrite\task335.onnx,37,37,2,2,2,2,0,0,0,1,0,True,rewritten,
E:\kagglegolf\data\external\datasets\afr1ste_6335\task336.onnx,E:\kagglegolf\data\interim\afr1ste_6335_batchcompress_rewrite\task336.onnx,13,13,0,0,0,0,0,0,0,0,0,False,unchanged,
E:\kagglegolf\data\external\datasets\afr1ste_6335\task337.onnx,E:\kagglegolf\data\interim\afr1ste_6335_batchcompress_rewrite\task337.onnx,2,2,0,0,0,0,0,0,0,0,0,False,unchanged,
E:\kagglegolf\data\external\datasets\afr1ste_6335\task338.onnx,E:\kagglegolf\data\interim\afr1ste_6335_batchcompress_rewrite\task338.onnx,98,98,2,2,2,2,0,0,0,1,0,True,rewritten,
E:\kagglegolf\data\external\datasets\afr1ste_6335\task339.onnx,E:\kagglegolf\data\interim\afr1ste_6335_batchcompress_rewrite\task339.onnx,27,27,16,13,32,29,0,3,0,2,3,True,rewritten,
E:\kagglegolf\data\external\datasets\afr1ste_6335\task340.onnx,E:\kagglegolf\data\interim\afr1ste_6335_batchcompress_rewrite\task340.onnx,83,83,2,2,2,2,0,0,0,1,0,True,rewritten,
E:\kagglegolf\data\external\datasets\afr1ste_6335\task341.onnx,E:\kagglegolf\data\interim\afr1ste_6335_batchcompress_rewrite\task341.onnx,46,46,2,2,2,2,0,0,0,1,0,True,rewritten,
E:\kagglegolf\data\external\datasets\afr1ste_6335\task342.onnx,E:\kagglegolf\data\interim\afr1ste_6335_batchcompress_rewrite\task342.onnx,230,230,4,4,62,62,0,0,0,1,0,True,rewritten,
E:\kagglegolf\data\external\datasets\afr1ste_6335\task343.onnx,E:\kagglegolf\data\interim\afr1ste_6335_batchcompress_rewrite\task343.onnx,491,491,2,2,2,2,0,0,0,1,0,True,rewritten,
E:\kagglegolf\data\external\datasets\afr1ste_6335\task344.onnx,E:\kagglegolf\data\interim\afr1ste_6335_batchcompress_rewrite\task344.onnx,5,5,0,0,0,0,0,0,0,0,0,False,unchanged,
E:\kagglegolf\data\external\datasets\afr1ste_6335\task345.onnx,E:\kagglegolf\data\interim\afr1ste_6335_batchcompress_rewrite\task345.onnx,59,59,2,2,2,2,0,0,0,1,0,True,rewritten,
E:\kagglegolf\data\external\datasets\afr1ste_6335\task346.onnx,E:\kagglegolf\data\interim\afr1ste_6335_batchcompress_rewrite\task346.onnx,13,13,6,6,1003,1003,0,0,0,1,0,True,rewritten,
E:\kagglegolf\data\external\datasets\afr1ste_6335\task347.onnx,E:\kagglegolf\data\interim\afr1ste_6335_batchcompress_rewrite\task347.onnx,14,14,13,13,53,53,0,0,0,1,0,True,rewritten,
E:\kagglegolf\data\external\datasets\afr1ste_6335\task348.onnx,E:\kagglegolf\data\interim\afr1ste_6335_batchcompress_rewrite\task348.onnx,35,35,2,2,2,2,0,0,0,1,0,True,rewritten,
E:\kagglegolf\data\external\datasets\afr1ste_6335\task349.onnx,E:\kagglegolf\data\interim\afr1ste_6335_batchcompress_rewrite\task349.onnx,103,103,35,34,142,141,0,1,0,1,1,True,rewritten,
E:\kagglegolf\data\external\datasets\afr1ste_6335\task350.onnx,E:\kagglegolf\data\interim\afr1ste_6335_batchcompress_rewrite\task350.onnx,25,25,2,2,2,2,0,0,0,1,0,True,rewritten,
E:\kagglegolf\data\external\datasets\afr1ste_6335\task351.onnx,E:\kagglegolf\data\interim\afr1ste_6335_batchcompress_rewrite\task351.onnx,17,17,6,6,8,8,0,0,0,0,0,False,unchanged,
E:\kagglegolf\data\external\datasets\afr1ste_6335\task352.onnx,E:\kagglegolf\data\interim\afr1ste_6335_batchcompress_rewrite\task352.onnx,5,5,0,0,0,0,0,0,0,0,0,False,unchanged,
E:\kagglegolf\data\external\datasets\afr1ste_6335\task353.onnx,E:\kagglegolf\data\interim\afr1ste_6335_batchcompress_rewrite\task353.onnx,75,75,2,2,2,2,0,0,0,1,0,True,rewritten,
E:\kagglegolf\data\external\datasets\afr1ste_6335\task354.onnx,E:\kagglegolf\data\interim\afr1ste_6335_batchcompress_rewrite\task354.onnx,42,42,26,24,253,251,0,2,0,1,2,True,rewritten,
E:\kagglegolf\data\external\datasets\afr1ste_6335\task355.onnx,E:\kagglegolf\data\interim\afr1ste_6335_batchcompress_rewrite\task355.onnx,55,55,13,12,134,115,0,1,2,1,19,True,rewritten,
E:\kagglegolf\data\external\datasets\afr1ste_6335\task356.onnx,E:\kagglegolf\data\interim\afr1ste_6335_batchcompress_rewrite\task356.onnx,33,33,8,8,144,144,0,0,0,1,0,True,rewritten,
E:\kagglegolf\data\external\datasets\afr1ste_6335\task357.onnx,E:\kagglegolf\data\interim\afr1ste_6335_batchcompress_rewrite\task357.onnx,154,154,0,0,0,0,0,0,0,0,0,False,unchanged,
E:\kagglegolf\data\external\datasets\afr1ste_6335\task358.onnx,E:\kagglegolf\data\interim\afr1ste_6335_batchcompress_rewrite\task358.onnx,136,136,33,31,564,446,0,2,4,1,118,True,rewritten,
E:\kagglegolf\data\external\datasets\afr1ste_6335\task359.onnx,E:\kagglegolf\data\interim\afr1ste_6335_batchcompress_rewrite\task359.onnx,51,51,3,3,6,6,0,0,0,1,0,True,rewritten,
E:\kagglegolf\data\external\datasets\afr1ste_6335\task360.onnx,E:\kagglegolf\data\interim\afr1ste_6335_batchcompress_rewrite\task360.onnx,41,41,4,4,7,7,0,0,0,2,0,True,rewritten,
E:\kagglegolf\data\external\datasets\afr1ste_6335\task361.onnx,E:\kagglegolf\data\interim\afr1ste_6335_batchcompress_rewrite\task361.onnx,67,67,18,17,260,259,0,1,0,1,1,True,rewritten,
E:\kagglegolf\data\external\datasets\afr1ste_6335\task362.onnx,E:\kagglegolf\data\interim\afr1ste_6335_batchcompress_rewrite\task362.onnx,32,32,12,12,145,46,0,0,1,1,99,True,rewritten,
E:\kagglegolf\data\external\datasets\afr1ste_6335\task363.onnx,E:\kagglegolf\data\interim\afr1ste_6335_batchcompress_rewrite\task363.onnx,3002,3002,2935,668,6982,2463,7,2260,0,0,4519,True,rewritten,
E:\kagglegolf\data\external\datasets\afr1ste_6335\task364.onnx,E:\kagglegolf\data\interim\afr1ste_6335_batchcompress_rewrite\task364.onnx,129,129,27,26,46,45,0,1,0,1,1,True,rewritten,
E:\kagglegolf\data\external\datasets\afr1ste_6335\task365.onnx,E:\kagglegolf\data\interim\afr1ste_6335_batchcompress_rewrite\task365.onnx,227,227,12,12,78,78,0,0,0,1,0,True,rewritten,
E:\kagglegolf\data\external\datasets\afr1ste_6335\task366.onnx,E:\kagglegolf\data\interim\afr1ste_6335_batchcompress_rewrite\task366.onnx,2597,2597,0,0,0,0,0,0,0,0,0,False,unchanged,
E:\kagglegolf\data\external\datasets\afr1ste_6335\task367.onnx,E:\kagglegolf\data\interim\afr1ste_6335_batchcompress_rewrite\task367.onnx,109,109,27,27,6406,6406,0,0,0,0,0,False,unchanged,
E:\kagglegolf\data\external\datasets\afr1ste_6335\task368.onnx,E:\kagglegolf\data\interim\afr1ste_6335_batchcompress_rewrite\task368.onnx,207,207,25,23,52,50,0,2,0,1,2,True,rewritten,
E:\kagglegolf\data\external\datasets\afr1ste_6335\task369.onnx,E:\kagglegolf\data\interim\afr1ste_6335_batchcompress_rewrite\task369.onnx,43,43,2,2,2,2,0,0,0,1,0,True,rewritten,
E:\kagglegolf\data\external\datasets\afr1ste_6335\task370.onnx,E:\kagglegolf\data\interim\afr1ste_6335_batchcompress_rewrite\task370.onnx,342,342,2,2,2,2,0,0,0,1,0,True,rewritten,
E:\kagglegolf\data\external\datasets\afr1ste_6335\task371.onnx,E:\kagglegolf\data\interim\afr1ste_6335_batchcompress_rewrite\task371.onnx,103,103,2,2,2,2,0,0,0,1,0,True,rewritten,
E:\kagglegolf\data\external\datasets\afr1ste_6335\task372.onnx,E:\kagglegolf\data\interim\afr1ste_6335_batchcompress_rewrite\task372.onnx,25,25,2,2,2,2,0,0,0,1,0,True,rewritten,
E:\kagglegolf\data\external\datasets\afr1ste_6335\task373.onnx,E:\kagglegolf\data\interim\afr1ste_6335_batchcompress_rewrite\task373.onnx,1227,1227,0,0,0,0,0,0,0,0,0,False,unchanged,
E:\kagglegolf\data\external\datasets\afr1ste_6335\task374.onnx,E:\kagglegolf\data\interim\afr1ste_6335_batchcompress_rewrite\task374.onnx,304,304,2,2,2,2,0,0,0,1,0,True,rewritten,
E:\kagglegolf\data\external\datasets\afr1ste_6335\task375.onnx,E:\kagglegolf\data\interim\afr1ste_6335_batchcompress_rewrite\task375.onnx,848,848,0,0,0,0,0,0,0,0,0,False,unchanged,
E:\kagglegolf\data\external\datasets\afr1ste_6335\task376.onnx,E:\kagglegolf\data\interim\afr1ste_6335_batchcompress_rewrite\task376.onnx,291,291,0,0,0,0,0,0,0,0,0,False,unchanged,
E:\kagglegolf\data\external\datasets\afr1ste_6335\task377.onnx,E:\kagglegolf\data\interim\afr1ste_6335_batchcompress_rewrite\task377.onnx,220,220,16,16,2139,2139,0,0,0,0,0,False,unchanged,
E:\kagglegolf\data\external\datasets\afr1ste_6335\task378.onnx,E:\kagglegolf\data\interim\afr1ste_6335_batchcompress_rewrite\task378.onnx,126,126,41,41,164,164,0,0,0,1,0,True,rewritten,
E:\kagglegolf\data\external\datasets\afr1ste_6335\task379.onnx,E:\kagglegolf\data\interim\afr1ste_6335_batchcompress_rewrite\task379.onnx,1263,1263,0,0,0,0,0,0,0,0,0,False,unchanged,
E:\kagglegolf\data\external\datasets\afr1ste_6335\task380.onnx,E:\kagglegolf\data\interim\afr1ste_6335_batchcompress_rewrite\task380.onnx,16,16,3,3,6,6,0,0,0,1,0,True,rewritten,
E:\kagglegolf\data\external\datasets\afr1ste_6335\task381.onnx,E:\kagglegolf\data\interim\afr1ste_6335_batchcompress_rewrite\task381.onnx,39,39,2,2,2,2,0,0,0,1,0,True,rewritten,
E:\kagglegolf\data\external\datasets\afr1ste_6335\task382.onnx,E:\kagglegolf\data\interim\afr1ste_6335_batchcompress_rewrite\task382.onnx,372,372,26,26,10937,10937,0,0,0,0,0,False,unchanged,
E:\kagglegolf\data\external\datasets\afr1ste_6335\task383.onnx,E:\kagglegolf\data\interim\afr1ste_6335_batchcompress_rewrite\task383.onnx,273,273,51,17,109,75,0,34,0,1,34,True,rewritten,
E:\kagglegolf\data\external\datasets\afr1ste_6335\task384.onnx,E:\kagglegolf\data\interim\afr1ste_6335_batchcompress_rewrite\task384.onnx,48,48,0,0,0,0,0,0,0,0,0,False,unchanged,
E:\kagglegolf\data\external\datasets\afr1ste_6335\task385.onnx,E:\kagglegolf\data\interim\afr1ste_6335_batchcompress_rewrite\task385.onnx,1,1,1,1,30,30,0,0,0,0,0,False,unchanged,
E:\kagglegolf\data\external\datasets\afr1ste_6335\task386.onnx,E:\kagglegolf\data\interim\afr1ste_6335_batchcompress_rewrite\task386.onnx,16,16,13,13,53,53,0,0,0,1,0,True,rewritten,
E:\kagglegolf\data\external\datasets\afr1ste_6335\task387.onnx,E:\kagglegolf\data\interim\afr1ste_6335_batchcompress_rewrite\task387.onnx,195,195,18,18,84,84,0,0,0,0,0,False,unchanged,
E:\kagglegolf\data\external\datasets\afr1ste_6335\task388.onnx,E:\kagglegolf\data\interim\afr1ste_6335_batchcompress_rewrite\task388.onnx,66,66,2,2,2,2,0,0,0,1,0,True,rewritten,
E:\kagglegolf\data\external\datasets\afr1ste_6335\task389.onnx,E:\kagglegolf\data\interim\afr1ste_6335_batchcompress_rewrite\task389.onnx,22,22,3,3,6,6,0,0,0,1,0,True,rewritten,
E:\kagglegolf\data\external\datasets\afr1ste_6335\task390.onnx,E:\kagglegolf\data\interim\afr1ste_6335_batchcompress_rewrite\task390.onnx,63,63,0,0,0,0,0,0,0,1,0,True,rewritten,
E:\kagglegolf\data\external\datasets\afr1ste_6335\task391.onnx,E:\kagglegolf\data\interim\afr1ste_6335_batchcompress_rewrite\task391.onnx,20,20,27,27,69,69,0,0,0,0,0,False,unchanged,
E:\kagglegolf\data\external\datasets\afr1ste_6335\task392.onnx,E:\kagglegolf\data\interim\afr1ste_6335_batchcompress_rewrite\task392.onnx,42,42,36,27,2691,2682,0,9,0,0,9,True,rewritten,
E:\kagglegolf\data\external\datasets\afr1ste_6335\task393.onnx,E:\kagglegolf\data\interim\afr1ste_6335_batchcompress_rewrite\task393.onnx,33,33,2,2,2,2,0,0,0,1,0,True,rewritten,
E:\kagglegolf\data\external\datasets\afr1ste_6335\task394.onnx,E:\kagglegolf\data\interim\afr1ste_6335_batchcompress_rewrite\task394.onnx,78,78,14,14,35,35,0,0,0,0,0,False,unchanged,
E:\kagglegolf\data\external\datasets\afr1ste_6335\task395.onnx,E:\kagglegolf\data\interim\afr1ste_6335_batchcompress_rewrite\task395.onnx,16,16,13,13,53,53,0,0,0,1,0,True,rewritten,
E:\kagglegolf\data\external\datasets\afr1ste_6335\task396.onnx,E:\kagglegolf\data\interim\afr1ste_6335_batchcompress_rewrite\task396.onnx,725,725,70,70,1034,1034,0,0,0,0,0,False,unchanged,
E:\kagglegolf\data\external\datasets\afr1ste_6335\task397.onnx,E:\kagglegolf\data\interim\afr1ste_6335_batchcompress_rewrite\task397.onnx,54,54,22,22,124,124,0,0,0,0,0,False,unchanged,
E:\kagglegolf\data\external\datasets\afr1ste_6335\task398.onnx,E:\kagglegolf\data\interim\afr1ste_6335_batchcompress_rewrite\task398.onnx,82,82,2,2,2,2,0,0,0,1,0,True,rewritten,
E:\kagglegolf\data\external\datasets\afr1ste_6335\task399.onnx,E:\kagglegolf\data\interim\afr1ste_6335_batchcompress_rewrite\task399.onnx,20,20,0,0,0,0,0,0,0,0,0,False,unchanged,
E:\kagglegolf\data\external\datasets\afr1ste_6335\task400.onnx,E:\kagglegolf\data\interim\afr1ste_6335_batchcompress_rewrite\task400.onnx,44,44,0,0,0,0,0,0,0,1,0,True,rewritten,
